TimeQuest Timing Analyzer report for DE0_TOP
Sat Jan 20 19:03:45 2024
Quartus II 32-bit Version 13.1.0 Build 162 10/23/2013 SJ Web Edition


---------------------
; Table of Contents ;
---------------------
  1. Legal Notice
  2. TimeQuest Timing Analyzer Summary
  3. Parallel Compilation
  4. Clocks
  5. Slow 1200mV 85C Model Fmax Summary
  6. Timing Closure Recommendations
  7. Slow 1200mV 85C Model Setup Summary
  8. Slow 1200mV 85C Model Hold Summary
  9. Slow 1200mV 85C Model Recovery Summary
 10. Slow 1200mV 85C Model Removal Summary
 11. Slow 1200mV 85C Model Minimum Pulse Width Summary
 12. Slow 1200mV 85C Model Setup: 'top:top_inst|clk_div:dut_clk_div|out'
 13. Slow 1200mV 85C Model Setup: 'CLOCK_50'
 14. Slow 1200mV 85C Model Hold: 'top:top_inst|clk_div:dut_clk_div|out'
 15. Slow 1200mV 85C Model Hold: 'CLOCK_50'
 16. Slow 1200mV 85C Model Minimum Pulse Width: 'CLOCK_50'
 17. Slow 1200mV 85C Model Minimum Pulse Width: 'top:top_inst|clk_div:dut_clk_div|out'
 18. Setup Times
 19. Hold Times
 20. Clock to Output Times
 21. Minimum Clock to Output Times
 22. Slow 1200mV 85C Model Metastability Report
 23. Slow 1200mV 0C Model Fmax Summary
 24. Slow 1200mV 0C Model Setup Summary
 25. Slow 1200mV 0C Model Hold Summary
 26. Slow 1200mV 0C Model Recovery Summary
 27. Slow 1200mV 0C Model Removal Summary
 28. Slow 1200mV 0C Model Minimum Pulse Width Summary
 29. Slow 1200mV 0C Model Setup: 'top:top_inst|clk_div:dut_clk_div|out'
 30. Slow 1200mV 0C Model Setup: 'CLOCK_50'
 31. Slow 1200mV 0C Model Hold: 'top:top_inst|clk_div:dut_clk_div|out'
 32. Slow 1200mV 0C Model Hold: 'CLOCK_50'
 33. Slow 1200mV 0C Model Minimum Pulse Width: 'CLOCK_50'
 34. Slow 1200mV 0C Model Minimum Pulse Width: 'top:top_inst|clk_div:dut_clk_div|out'
 35. Setup Times
 36. Hold Times
 37. Clock to Output Times
 38. Minimum Clock to Output Times
 39. Slow 1200mV 0C Model Metastability Report
 40. Fast 1200mV 0C Model Setup Summary
 41. Fast 1200mV 0C Model Hold Summary
 42. Fast 1200mV 0C Model Recovery Summary
 43. Fast 1200mV 0C Model Removal Summary
 44. Fast 1200mV 0C Model Minimum Pulse Width Summary
 45. Fast 1200mV 0C Model Setup: 'top:top_inst|clk_div:dut_clk_div|out'
 46. Fast 1200mV 0C Model Setup: 'CLOCK_50'
 47. Fast 1200mV 0C Model Hold: 'top:top_inst|clk_div:dut_clk_div|out'
 48. Fast 1200mV 0C Model Hold: 'CLOCK_50'
 49. Fast 1200mV 0C Model Minimum Pulse Width: 'CLOCK_50'
 50. Fast 1200mV 0C Model Minimum Pulse Width: 'top:top_inst|clk_div:dut_clk_div|out'
 51. Setup Times
 52. Hold Times
 53. Clock to Output Times
 54. Minimum Clock to Output Times
 55. Fast 1200mV 0C Model Metastability Report
 56. Multicorner Timing Analysis Summary
 57. Setup Times
 58. Hold Times
 59. Clock to Output Times
 60. Minimum Clock to Output Times
 61. Board Trace Model Assignments
 62. Input Transition Times
 63. Slow Corner Signal Integrity Metrics
 64. Fast Corner Signal Integrity Metrics
 65. Setup Transfers
 66. Hold Transfers
 67. Report TCCS
 68. Report RSKM
 69. Unconstrained Paths
 70. TimeQuest Timing Analyzer Messages



----------------
; Legal Notice ;
----------------
Copyright (C) 1991-2013 Altera Corporation
Your use of Altera Corporation's design tools, logic functions 
and other software and tools, and its AMPP partner logic 
functions, and any output files from any of the foregoing 
(including device programming or simulation files), and any 
associated documentation or information are expressly subject 
to the terms and conditions of the Altera Program License 
Subscription Agreement, Altera MegaCore Function License 
Agreement, or other applicable license agreement, including, 
without limitation, that your use is for the sole purpose of 
programming logic devices manufactured by Altera and sold by 
Altera or its authorized distributors.  Please refer to the 
applicable agreement for further details.



+-------------------------------------------------------------------------+
; TimeQuest Timing Analyzer Summary                                       ;
+--------------------+----------------------------------------------------+
; Quartus II Version ; Version 13.1.0 Build 162 10/23/2013 SJ Web Edition ;
; Revision Name      ; DE0_TOP                                            ;
; Device Family      ; Cyclone III                                        ;
; Device Name        ; EP3C16F484C6                                       ;
; Timing Models      ; Final                                              ;
; Delay Model        ; Combined                                           ;
; Rise/Fall Delays   ; Enabled                                            ;
+--------------------+----------------------------------------------------+


Parallel compilation was disabled, but you have multiple processors available. Enable parallel compilation to reduce compilation time.
+-------------------------------------+
; Parallel Compilation                ;
+----------------------------+--------+
; Processors                 ; Number ;
+----------------------------+--------+
; Number detected on machine ; 12     ;
; Maximum allowed            ; 1      ;
+----------------------------+--------+


+--------------------------------------------------------------------------------------------------------------------------------------------------------------------------------------------------------------------------------------------+
; Clocks                                                                                                                                                                                                                                     ;
+--------------------------------------+------+--------+------------+-------+-------+------------+-----------+-------------+-------+--------+-----------+------------+----------+--------+--------+------------------------------------------+
; Clock Name                           ; Type ; Period ; Frequency  ; Rise  ; Fall  ; Duty Cycle ; Divide by ; Multiply by ; Phase ; Offset ; Edge List ; Edge Shift ; Inverted ; Master ; Source ; Targets                                  ;
+--------------------------------------+------+--------+------------+-------+-------+------------+-----------+-------------+-------+--------+-----------+------------+----------+--------+--------+------------------------------------------+
; CLOCK_50                             ; Base ; 1.000  ; 1000.0 MHz ; 0.000 ; 0.500 ;            ;           ;             ;       ;        ;           ;            ;          ;        ;        ; { CLOCK_50 }                             ;
; top:top_inst|clk_div:dut_clk_div|out ; Base ; 1.000  ; 1000.0 MHz ; 0.000 ; 0.500 ;            ;           ;             ;       ;        ;           ;            ;          ;        ;        ; { top:top_inst|clk_div:dut_clk_div|out } ;
+--------------------------------------+------+--------+------------+-------+-------+------------+-----------+-------------+-------+--------+-----------+------------+----------+--------+--------+------------------------------------------+


+-------------------------------------------------------------------------------------------------------------------------------------+
; Slow 1200mV 85C Model Fmax Summary                                                                                                  ;
+------------+-----------------+--------------------------------------+---------------------------------------------------------------+
; Fmax       ; Restricted Fmax ; Clock Name                           ; Note                                                          ;
+------------+-----------------+--------------------------------------+---------------------------------------------------------------+
; 126.36 MHz ; 126.36 MHz      ; top:top_inst|clk_div:dut_clk_div|out ;                                                               ;
; 259.34 MHz ; 250.0 MHz       ; CLOCK_50                             ; limit due to minimum period restriction (max I/O toggle rate) ;
+------------+-----------------+--------------------------------------+---------------------------------------------------------------+
This panel reports FMAX for every clock in the design, regardless of the user-specified clock periods.  FMAX is only computed for paths where the source and destination registers or ports are driven by the same clock.  Paths of different clocks, including generated clocks, are ignored.  For paths between a clock and its inversion, FMAX is computed as if the rising and falling edges are scaled along with FMAX, such that the duty cycle (in terms of a percentage) is maintained. Altera recommends that you always use clock constraints and other slack reports for sign-off analysis.


----------------------------------
; Timing Closure Recommendations ;
----------------------------------
HTML report is unavailable in plain text report export.


+---------------------------------------------------------------+
; Slow 1200mV 85C Model Setup Summary                           ;
+--------------------------------------+--------+---------------+
; Clock                                ; Slack  ; End Point TNS ;
+--------------------------------------+--------+---------------+
; top:top_inst|clk_div:dut_clk_div|out ; -6.914 ; -654.559      ;
; CLOCK_50                             ; -2.856 ; -73.921       ;
+--------------------------------------+--------+---------------+


+--------------------------------------------------------------+
; Slow 1200mV 85C Model Hold Summary                           ;
+--------------------------------------+-------+---------------+
; Clock                                ; Slack ; End Point TNS ;
+--------------------------------------+-------+---------------+
; top:top_inst|clk_div:dut_clk_div|out ; 0.358 ; 0.000         ;
; CLOCK_50                             ; 0.481 ; 0.000         ;
+--------------------------------------+-------+---------------+


------------------------------------------
; Slow 1200mV 85C Model Recovery Summary ;
------------------------------------------
No paths to report.


-----------------------------------------
; Slow 1200mV 85C Model Removal Summary ;
-----------------------------------------
No paths to report.


+---------------------------------------------------------------+
; Slow 1200mV 85C Model Minimum Pulse Width Summary             ;
+--------------------------------------+--------+---------------+
; Clock                                ; Slack  ; End Point TNS ;
+--------------------------------------+--------+---------------+
; CLOCK_50                             ; -3.000 ; -32.000       ;
; top:top_inst|clk_div:dut_clk_div|out ; -2.484 ; -166.440      ;
+--------------------------------------+--------+---------------+


+-------------------------------------------------------------------------------------------------------------------------------------------------------------------------------------------------------------------------------------------------------------------------------------------------------------------------------------------------------------------------+
; Slow 1200mV 85C Model Setup: 'top:top_inst|clk_div:dut_clk_div|out'                                                                                                                                                                                                                                                                                                     ;
+--------+--------------------------------------------------------------------------------------------------------------------+--------------------------------------------------------------------------------------------------------------------+--------------------------------------+--------------------------------------+--------------+------------+------------+
; Slack  ; From Node                                                                                                          ; To Node                                                                                                            ; Launch Clock                         ; Latch Clock                          ; Relationship ; Clock Skew ; Data Delay ;
+--------+--------------------------------------------------------------------------------------------------------------------+--------------------------------------------------------------------------------------------------------------------+--------------------------------------+--------------------------------------+--------------+------------+------------+
; -6.914 ; top:top_inst|memory:dut_memory|altsyncram:mem_rtl_0|altsyncram_dke1:auto_generated|ram_block1a0~portb_address_reg0 ; top:top_inst|cpu:dut_cpu|out_reg[0]                                                                                ; top:top_inst|clk_div:dut_clk_div|out ; top:top_inst|clk_div:dut_clk_div|out ; 1.000        ; -0.317     ; 7.592      ;
; -6.914 ; top:top_inst|memory:dut_memory|altsyncram:mem_rtl_0|altsyncram_dke1:auto_generated|ram_block1a0~portb_address_reg0 ; top:top_inst|cpu:dut_cpu|out_reg[1]                                                                                ; top:top_inst|clk_div:dut_clk_div|out ; top:top_inst|clk_div:dut_clk_div|out ; 1.000        ; -0.317     ; 7.592      ;
; -6.914 ; top:top_inst|memory:dut_memory|altsyncram:mem_rtl_0|altsyncram_dke1:auto_generated|ram_block1a0~portb_address_reg0 ; top:top_inst|cpu:dut_cpu|out_reg[2]                                                                                ; top:top_inst|clk_div:dut_clk_div|out ; top:top_inst|clk_div:dut_clk_div|out ; 1.000        ; -0.317     ; 7.592      ;
; -6.914 ; top:top_inst|memory:dut_memory|altsyncram:mem_rtl_0|altsyncram_dke1:auto_generated|ram_block1a0~portb_address_reg0 ; top:top_inst|cpu:dut_cpu|out_reg[4]                                                                                ; top:top_inst|clk_div:dut_clk_div|out ; top:top_inst|clk_div:dut_clk_div|out ; 1.000        ; -0.317     ; 7.592      ;
; -6.864 ; top:top_inst|cpu:dut_cpu|register:SecondOPregister|out_reg[1]                                                      ; top:top_inst|memory:dut_memory|altsyncram:mem_rtl_0|altsyncram_dke1:auto_generated|ram_block1a0~porta_datain_reg0  ; top:top_inst|clk_div:dut_clk_div|out ; top:top_inst|clk_div:dut_clk_div|out ; 1.000        ; 0.253      ; 8.145      ;
; -6.858 ; top:top_inst|cpu:dut_cpu|register:SecondOPregister|out_reg[8]                                                      ; top:top_inst|memory:dut_memory|altsyncram:mem_rtl_0|altsyncram_dke1:auto_generated|ram_block1a0~porta_datain_reg0  ; top:top_inst|clk_div:dut_clk_div|out ; top:top_inst|clk_div:dut_clk_div|out ; 1.000        ; 0.253      ; 8.139      ;
; -6.855 ; top:top_inst|cpu:dut_cpu|register:SecondOPregister|out_reg[5]                                                      ; top:top_inst|memory:dut_memory|altsyncram:mem_rtl_0|altsyncram_dke1:auto_generated|ram_block1a0~porta_datain_reg0  ; top:top_inst|clk_div:dut_clk_div|out ; top:top_inst|clk_div:dut_clk_div|out ; 1.000        ; 0.253      ; 8.136      ;
; -6.852 ; top:top_inst|cpu:dut_cpu|register:SecondOPregister|out_reg[0]                                                      ; top:top_inst|memory:dut_memory|altsyncram:mem_rtl_0|altsyncram_dke1:auto_generated|ram_block1a0~porta_datain_reg0  ; top:top_inst|clk_div:dut_clk_div|out ; top:top_inst|clk_div:dut_clk_div|out ; 1.000        ; 0.253      ; 8.133      ;
; -6.851 ; top:top_inst|cpu:dut_cpu|register:SecondOPregister|out_reg[4]                                                      ; top:top_inst|memory:dut_memory|altsyncram:mem_rtl_0|altsyncram_dke1:auto_generated|ram_block1a0~porta_datain_reg0  ; top:top_inst|clk_div:dut_clk_div|out ; top:top_inst|clk_div:dut_clk_div|out ; 1.000        ; 0.253      ; 8.132      ;
; -6.843 ; top:top_inst|cpu:dut_cpu|register:IRHIGHregister|out_reg[3]                                                        ; top:top_inst|memory:dut_memory|altsyncram:mem_rtl_0|altsyncram_dke1:auto_generated|ram_block1a0~portb_address_reg0 ; top:top_inst|clk_div:dut_clk_div|out ; top:top_inst|clk_div:dut_clk_div|out ; 1.000        ; 0.192      ; 8.063      ;
; -6.843 ; top:top_inst|cpu:dut_cpu|register:SecondOPregister|out_reg[6]                                                      ; top:top_inst|memory:dut_memory|altsyncram:mem_rtl_0|altsyncram_dke1:auto_generated|ram_block1a0~porta_datain_reg0  ; top:top_inst|clk_div:dut_clk_div|out ; top:top_inst|clk_div:dut_clk_div|out ; 1.000        ; 0.253      ; 8.124      ;
; -6.842 ; top:top_inst|cpu:dut_cpu|register:SecondOPregister|out_reg[14]                                                     ; top:top_inst|memory:dut_memory|altsyncram:mem_rtl_0|altsyncram_dke1:auto_generated|ram_block1a0~porta_datain_reg0  ; top:top_inst|clk_div:dut_clk_div|out ; top:top_inst|clk_div:dut_clk_div|out ; 1.000        ; 0.253      ; 8.123      ;
; -6.839 ; top:top_inst|cpu:dut_cpu|register:SecondOPregister|out_reg[13]                                                     ; top:top_inst|memory:dut_memory|altsyncram:mem_rtl_0|altsyncram_dke1:auto_generated|ram_block1a0~porta_datain_reg0  ; top:top_inst|clk_div:dut_clk_div|out ; top:top_inst|clk_div:dut_clk_div|out ; 1.000        ; 0.253      ; 8.120      ;
; -6.838 ; top:top_inst|cpu:dut_cpu|register:SecondOPregister|out_reg[10]                                                     ; top:top_inst|memory:dut_memory|altsyncram:mem_rtl_0|altsyncram_dke1:auto_generated|ram_block1a0~porta_datain_reg0  ; top:top_inst|clk_div:dut_clk_div|out ; top:top_inst|clk_div:dut_clk_div|out ; 1.000        ; 0.253      ; 8.119      ;
; -6.833 ; top:top_inst|cpu:dut_cpu|register:SecondOPregister|out_reg[11]                                                     ; top:top_inst|memory:dut_memory|altsyncram:mem_rtl_0|altsyncram_dke1:auto_generated|ram_block1a0~porta_datain_reg0  ; top:top_inst|clk_div:dut_clk_div|out ; top:top_inst|clk_div:dut_clk_div|out ; 1.000        ; 0.253      ; 8.114      ;
; -6.829 ; top:top_inst|cpu:dut_cpu|register:SecondOPregister|out_reg[3]                                                      ; top:top_inst|memory:dut_memory|altsyncram:mem_rtl_0|altsyncram_dke1:auto_generated|ram_block1a0~porta_datain_reg0  ; top:top_inst|clk_div:dut_clk_div|out ; top:top_inst|clk_div:dut_clk_div|out ; 1.000        ; 0.253      ; 8.110      ;
; -6.829 ; top:top_inst|cpu:dut_cpu|register:SecondOPregister|out_reg[7]                                                      ; top:top_inst|memory:dut_memory|altsyncram:mem_rtl_0|altsyncram_dke1:auto_generated|ram_block1a0~porta_datain_reg0  ; top:top_inst|clk_div:dut_clk_div|out ; top:top_inst|clk_div:dut_clk_div|out ; 1.000        ; 0.253      ; 8.110      ;
; -6.824 ; top:top_inst|cpu:dut_cpu|register:SecondOPregister|out_reg[12]                                                     ; top:top_inst|memory:dut_memory|altsyncram:mem_rtl_0|altsyncram_dke1:auto_generated|ram_block1a0~porta_datain_reg0  ; top:top_inst|clk_div:dut_clk_div|out ; top:top_inst|clk_div:dut_clk_div|out ; 1.000        ; 0.253      ; 8.105      ;
; -6.821 ; top:top_inst|cpu:dut_cpu|register:SecondOPregister|out_reg[15]                                                     ; top:top_inst|memory:dut_memory|altsyncram:mem_rtl_0|altsyncram_dke1:auto_generated|ram_block1a0~porta_datain_reg0  ; top:top_inst|clk_div:dut_clk_div|out ; top:top_inst|clk_div:dut_clk_div|out ; 1.000        ; 0.253      ; 8.102      ;
; -6.820 ; top:top_inst|cpu:dut_cpu|register:SecondOPregister|out_reg[2]                                                      ; top:top_inst|memory:dut_memory|altsyncram:mem_rtl_0|altsyncram_dke1:auto_generated|ram_block1a0~porta_datain_reg0  ; top:top_inst|clk_div:dut_clk_div|out ; top:top_inst|clk_div:dut_clk_div|out ; 1.000        ; 0.253      ; 8.101      ;
; -6.817 ; top:top_inst|cpu:dut_cpu|register:SecondOPregister|out_reg[9]                                                      ; top:top_inst|memory:dut_memory|altsyncram:mem_rtl_0|altsyncram_dke1:auto_generated|ram_block1a0~porta_datain_reg0  ; top:top_inst|clk_div:dut_clk_div|out ; top:top_inst|clk_div:dut_clk_div|out ; 1.000        ; 0.253      ; 8.098      ;
; -6.805 ; top:top_inst|cpu:dut_cpu|register:IRHIGHregister|out_reg[7]                                                        ; top:top_inst|memory:dut_memory|altsyncram:mem_rtl_0|altsyncram_dke1:auto_generated|ram_block1a0~portb_address_reg0 ; top:top_inst|clk_div:dut_clk_div|out ; top:top_inst|clk_div:dut_clk_div|out ; 1.000        ; 0.192      ; 8.025      ;
; -6.785 ; top:top_inst|cpu:dut_cpu|register:IRHIGHregister|out_reg[3]                                                        ; top:top_inst|memory:dut_memory|altsyncram:mem_rtl_0|altsyncram_dke1:auto_generated|ram_block1a0~porta_address_reg0 ; top:top_inst|clk_div:dut_clk_div|out ; top:top_inst|clk_div:dut_clk_div|out ; 1.000        ; 0.250      ; 8.063      ;
; -6.773 ; top:top_inst|cpu:dut_cpu|register:IRHIGHregister|out_reg[11]                                                       ; top:top_inst|memory:dut_memory|altsyncram:mem_rtl_0|altsyncram_dke1:auto_generated|ram_block1a0~portb_address_reg0 ; top:top_inst|clk_div:dut_clk_div|out ; top:top_inst|clk_div:dut_clk_div|out ; 1.000        ; 0.198      ; 7.999      ;
; -6.747 ; top:top_inst|cpu:dut_cpu|register:IRHIGHregister|out_reg[7]                                                        ; top:top_inst|memory:dut_memory|altsyncram:mem_rtl_0|altsyncram_dke1:auto_generated|ram_block1a0~porta_address_reg0 ; top:top_inst|clk_div:dut_clk_div|out ; top:top_inst|clk_div:dut_clk_div|out ; 1.000        ; 0.250      ; 8.025      ;
; -6.741 ; top:top_inst|memory:dut_memory|altsyncram:mem_rtl_0|altsyncram_dke1:auto_generated|ram_block1a0~portb_address_reg0 ; top:top_inst|cpu:dut_cpu|out_reg[3]                                                                                ; top:top_inst|clk_div:dut_clk_div|out ; top:top_inst|clk_div:dut_clk_div|out ; 1.000        ; -0.318     ; 7.418      ;
; -6.715 ; top:top_inst|cpu:dut_cpu|register:IRHIGHregister|out_reg[11]                                                       ; top:top_inst|memory:dut_memory|altsyncram:mem_rtl_0|altsyncram_dke1:auto_generated|ram_block1a0~porta_address_reg0 ; top:top_inst|clk_div:dut_clk_div|out ; top:top_inst|clk_div:dut_clk_div|out ; 1.000        ; 0.256      ; 7.999      ;
; -6.667 ; top:top_inst|cpu:dut_cpu|register:IRHIGHregister|out_reg[15]                                                       ; top:top_inst|memory:dut_memory|altsyncram:mem_rtl_0|altsyncram_dke1:auto_generated|ram_block1a0~portb_address_reg0 ; top:top_inst|clk_div:dut_clk_div|out ; top:top_inst|clk_div:dut_clk_div|out ; 1.000        ; 0.192      ; 7.887      ;
; -6.609 ; top:top_inst|cpu:dut_cpu|register:IRHIGHregister|out_reg[15]                                                       ; top:top_inst|memory:dut_memory|altsyncram:mem_rtl_0|altsyncram_dke1:auto_generated|ram_block1a0~porta_address_reg0 ; top:top_inst|clk_div:dut_clk_div|out ; top:top_inst|clk_div:dut_clk_div|out ; 1.000        ; 0.250      ; 7.887      ;
; -6.600 ; top:top_inst|cpu:dut_cpu|cnt_step_reg[0]                                                                           ; top:top_inst|memory:dut_memory|altsyncram:mem_rtl_0|altsyncram_dke1:auto_generated|ram_block1a0~portb_address_reg0 ; top:top_inst|clk_div:dut_clk_div|out ; top:top_inst|clk_div:dut_clk_div|out ; 1.000        ; 0.192      ; 7.820      ;
; -6.587 ; top:top_inst|cpu:dut_cpu|register:IRHIGHregister|out_reg[3]                                                        ; top:top_inst|memory:dut_memory|altsyncram:mem_rtl_0|altsyncram_dke1:auto_generated|ram_block1a0~porta_datain_reg0  ; top:top_inst|clk_div:dut_clk_div|out ; top:top_inst|clk_div:dut_clk_div|out ; 1.000        ; 0.255      ; 7.870      ;
; -6.584 ; top:top_inst|cpu:dut_cpu|register:IRHIGHregister|out_reg[13]                                                       ; top:top_inst|memory:dut_memory|altsyncram:mem_rtl_0|altsyncram_dke1:auto_generated|ram_block1a0~portb_address_reg0 ; top:top_inst|clk_div:dut_clk_div|out ; top:top_inst|clk_div:dut_clk_div|out ; 1.000        ; 0.198      ; 7.810      ;
; -6.579 ; top:top_inst|cpu:dut_cpu|cnt_step_reg[2]                                                                           ; top:top_inst|memory:dut_memory|altsyncram:mem_rtl_0|altsyncram_dke1:auto_generated|ram_block1a0~portb_address_reg0 ; top:top_inst|clk_div:dut_clk_div|out ; top:top_inst|clk_div:dut_clk_div|out ; 1.000        ; 0.198      ; 7.805      ;
; -6.542 ; top:top_inst|cpu:dut_cpu|cnt_step_reg[0]                                                                           ; top:top_inst|memory:dut_memory|altsyncram:mem_rtl_0|altsyncram_dke1:auto_generated|ram_block1a0~porta_address_reg0 ; top:top_inst|clk_div:dut_clk_div|out ; top:top_inst|clk_div:dut_clk_div|out ; 1.000        ; 0.250      ; 7.820      ;
; -6.535 ; top:top_inst|cpu:dut_cpu|cnt_step_reg[1]                                                                           ; top:top_inst|memory:dut_memory|altsyncram:mem_rtl_0|altsyncram_dke1:auto_generated|ram_block1a0~porta_datain_reg0  ; top:top_inst|clk_div:dut_clk_div|out ; top:top_inst|clk_div:dut_clk_div|out ; 1.000        ; 0.261      ; 7.824      ;
; -6.526 ; top:top_inst|cpu:dut_cpu|register:IRHIGHregister|out_reg[13]                                                       ; top:top_inst|memory:dut_memory|altsyncram:mem_rtl_0|altsyncram_dke1:auto_generated|ram_block1a0~porta_address_reg0 ; top:top_inst|clk_div:dut_clk_div|out ; top:top_inst|clk_div:dut_clk_div|out ; 1.000        ; 0.256      ; 7.810      ;
; -6.524 ; top:top_inst|cpu:dut_cpu|cnt_step_reg[1]                                                                           ; top:top_inst|memory:dut_memory|altsyncram:mem_rtl_0|altsyncram_dke1:auto_generated|ram_block1a0~portb_address_reg0 ; top:top_inst|clk_div:dut_clk_div|out ; top:top_inst|clk_div:dut_clk_div|out ; 1.000        ; 0.198      ; 7.750      ;
; -6.521 ; top:top_inst|cpu:dut_cpu|cnt_step_reg[2]                                                                           ; top:top_inst|memory:dut_memory|altsyncram:mem_rtl_0|altsyncram_dke1:auto_generated|ram_block1a0~porta_address_reg0 ; top:top_inst|clk_div:dut_clk_div|out ; top:top_inst|clk_div:dut_clk_div|out ; 1.000        ; 0.256      ; 7.805      ;
; -6.466 ; top:top_inst|cpu:dut_cpu|cnt_step_reg[1]                                                                           ; top:top_inst|memory:dut_memory|altsyncram:mem_rtl_0|altsyncram_dke1:auto_generated|ram_block1a0~porta_address_reg0 ; top:top_inst|clk_div:dut_clk_div|out ; top:top_inst|clk_div:dut_clk_div|out ; 1.000        ; 0.256      ; 7.750      ;
; -6.438 ; top:top_inst|memory:dut_memory|altsyncram:mem_rtl_0|altsyncram_dke1:auto_generated|ram_block1a0~portb_address_reg0 ; top:top_inst|memory:dut_memory|altsyncram:mem_rtl_0|altsyncram_dke1:auto_generated|ram_block1a0~porta_datain_reg0  ; top:top_inst|clk_div:dut_clk_div|out ; top:top_inst|clk_div:dut_clk_div|out ; 1.000        ; 0.008      ; 7.474      ;
; -6.438 ; top:top_inst|cpu:dut_cpu|register:IRHIGHregister|out_reg[12]                                                       ; top:top_inst|memory:dut_memory|altsyncram:mem_rtl_0|altsyncram_dke1:auto_generated|ram_block1a0~portb_address_reg0 ; top:top_inst|clk_div:dut_clk_div|out ; top:top_inst|clk_div:dut_clk_div|out ; 1.000        ; 0.198      ; 7.664      ;
; -6.429 ; top:top_inst|cpu:dut_cpu|cnt_step_reg[2]                                                                           ; top:top_inst|memory:dut_memory|altsyncram:mem_rtl_0|altsyncram_dke1:auto_generated|ram_block1a0~porta_datain_reg0  ; top:top_inst|clk_div:dut_clk_div|out ; top:top_inst|clk_div:dut_clk_div|out ; 1.000        ; 0.261      ; 7.718      ;
; -6.380 ; top:top_inst|cpu:dut_cpu|register:IRHIGHregister|out_reg[12]                                                       ; top:top_inst|memory:dut_memory|altsyncram:mem_rtl_0|altsyncram_dke1:auto_generated|ram_block1a0~porta_address_reg0 ; top:top_inst|clk_div:dut_clk_div|out ; top:top_inst|clk_div:dut_clk_div|out ; 1.000        ; 0.256      ; 7.664      ;
; -6.357 ; top:top_inst|cpu:dut_cpu|register:IRHIGHregister|out_reg[14]                                                       ; top:top_inst|memory:dut_memory|altsyncram:mem_rtl_0|altsyncram_dke1:auto_generated|ram_block1a0~portb_address_reg0 ; top:top_inst|clk_div:dut_clk_div|out ; top:top_inst|clk_div:dut_clk_div|out ; 1.000        ; 0.200      ; 7.585      ;
; -6.323 ; top:top_inst|cpu:dut_cpu|register:IRHIGHregister|out_reg[1]                                                        ; top:top_inst|memory:dut_memory|altsyncram:mem_rtl_0|altsyncram_dke1:auto_generated|ram_block1a0~portb_address_reg0 ; top:top_inst|clk_div:dut_clk_div|out ; top:top_inst|clk_div:dut_clk_div|out ; 1.000        ; 0.201      ; 7.552      ;
; -6.312 ; top:top_inst|cpu:dut_cpu|register:IRHIGHregister|out_reg[2]                                                        ; top:top_inst|memory:dut_memory|altsyncram:mem_rtl_0|altsyncram_dke1:auto_generated|ram_block1a0~portb_address_reg0 ; top:top_inst|clk_div:dut_clk_div|out ; top:top_inst|clk_div:dut_clk_div|out ; 1.000        ; 0.201      ; 7.541      ;
; -6.305 ; top:top_inst|cpu:dut_cpu|cnt_step_reg[0]                                                                           ; top:top_inst|memory:dut_memory|altsyncram:mem_rtl_0|altsyncram_dke1:auto_generated|ram_block1a0~porta_datain_reg0  ; top:top_inst|clk_div:dut_clk_div|out ; top:top_inst|clk_div:dut_clk_div|out ; 1.000        ; 0.255      ; 7.588      ;
; -6.299 ; top:top_inst|cpu:dut_cpu|register:IRHIGHregister|out_reg[14]                                                       ; top:top_inst|memory:dut_memory|altsyncram:mem_rtl_0|altsyncram_dke1:auto_generated|ram_block1a0~porta_address_reg0 ; top:top_inst|clk_div:dut_clk_div|out ; top:top_inst|clk_div:dut_clk_div|out ; 1.000        ; 0.258      ; 7.585      ;
; -6.265 ; top:top_inst|cpu:dut_cpu|register:IRHIGHregister|out_reg[1]                                                        ; top:top_inst|memory:dut_memory|altsyncram:mem_rtl_0|altsyncram_dke1:auto_generated|ram_block1a0~porta_address_reg0 ; top:top_inst|clk_div:dut_clk_div|out ; top:top_inst|clk_div:dut_clk_div|out ; 1.000        ; 0.259      ; 7.552      ;
; -6.254 ; top:top_inst|cpu:dut_cpu|register:IRHIGHregister|out_reg[2]                                                        ; top:top_inst|memory:dut_memory|altsyncram:mem_rtl_0|altsyncram_dke1:auto_generated|ram_block1a0~porta_address_reg0 ; top:top_inst|clk_div:dut_clk_div|out ; top:top_inst|clk_div:dut_clk_div|out ; 1.000        ; 0.259      ; 7.541      ;
; -6.242 ; top:top_inst|memory:dut_memory|altsyncram:mem_rtl_0|altsyncram_dke1:auto_generated|ram_block1a0~portb_address_reg0 ; top:top_inst|memory:dut_memory|altsyncram:mem_rtl_0|altsyncram_dke1:auto_generated|ram_block1a0~portb_address_reg0 ; top:top_inst|clk_div:dut_clk_div|out ; top:top_inst|clk_div:dut_clk_div|out ; 1.000        ; -0.055     ; 7.215      ;
; -6.237 ; top:top_inst|cpu:dut_cpu|cnt_step_reg[1]                                                                           ; top:top_inst|cpu:dut_cpu|out_reg[0]                                                                                ; top:top_inst|clk_div:dut_clk_div|out ; top:top_inst|clk_div:dut_clk_div|out ; 1.000        ; -0.064     ; 7.168      ;
; -6.237 ; top:top_inst|cpu:dut_cpu|cnt_step_reg[1]                                                                           ; top:top_inst|cpu:dut_cpu|out_reg[1]                                                                                ; top:top_inst|clk_div:dut_clk_div|out ; top:top_inst|clk_div:dut_clk_div|out ; 1.000        ; -0.064     ; 7.168      ;
; -6.237 ; top:top_inst|cpu:dut_cpu|cnt_step_reg[1]                                                                           ; top:top_inst|cpu:dut_cpu|out_reg[2]                                                                                ; top:top_inst|clk_div:dut_clk_div|out ; top:top_inst|clk_div:dut_clk_div|out ; 1.000        ; -0.064     ; 7.168      ;
; -6.237 ; top:top_inst|cpu:dut_cpu|cnt_step_reg[1]                                                                           ; top:top_inst|cpu:dut_cpu|out_reg[4]                                                                                ; top:top_inst|clk_div:dut_clk_div|out ; top:top_inst|clk_div:dut_clk_div|out ; 1.000        ; -0.064     ; 7.168      ;
; -6.218 ; top:top_inst|cpu:dut_cpu|register:FirstOPregister|out_reg[0]                                                       ; top:top_inst|memory:dut_memory|altsyncram:mem_rtl_0|altsyncram_dke1:auto_generated|ram_block1a0~porta_datain_reg0  ; top:top_inst|clk_div:dut_clk_div|out ; top:top_inst|clk_div:dut_clk_div|out ; 1.000        ; 0.338      ; 7.584      ;
; -6.218 ; top:top_inst|cpu:dut_cpu|register:FirstOPregister|out_reg[1]                                                       ; top:top_inst|memory:dut_memory|altsyncram:mem_rtl_0|altsyncram_dke1:auto_generated|ram_block1a0~porta_datain_reg0  ; top:top_inst|clk_div:dut_clk_div|out ; top:top_inst|clk_div:dut_clk_div|out ; 1.000        ; 0.338      ; 7.584      ;
; -6.218 ; top:top_inst|cpu:dut_cpu|register:FirstOPregister|out_reg[2]                                                       ; top:top_inst|memory:dut_memory|altsyncram:mem_rtl_0|altsyncram_dke1:auto_generated|ram_block1a0~porta_datain_reg0  ; top:top_inst|clk_div:dut_clk_div|out ; top:top_inst|clk_div:dut_clk_div|out ; 1.000        ; 0.338      ; 7.584      ;
; -6.218 ; top:top_inst|cpu:dut_cpu|register:FirstOPregister|out_reg[3]                                                       ; top:top_inst|memory:dut_memory|altsyncram:mem_rtl_0|altsyncram_dke1:auto_generated|ram_block1a0~porta_datain_reg0  ; top:top_inst|clk_div:dut_clk_div|out ; top:top_inst|clk_div:dut_clk_div|out ; 1.000        ; 0.338      ; 7.584      ;
; -6.218 ; top:top_inst|cpu:dut_cpu|register:FirstOPregister|out_reg[4]                                                       ; top:top_inst|memory:dut_memory|altsyncram:mem_rtl_0|altsyncram_dke1:auto_generated|ram_block1a0~porta_datain_reg0  ; top:top_inst|clk_div:dut_clk_div|out ; top:top_inst|clk_div:dut_clk_div|out ; 1.000        ; 0.338      ; 7.584      ;
; -6.218 ; top:top_inst|cpu:dut_cpu|register:FirstOPregister|out_reg[5]                                                       ; top:top_inst|memory:dut_memory|altsyncram:mem_rtl_0|altsyncram_dke1:auto_generated|ram_block1a0~porta_datain_reg0  ; top:top_inst|clk_div:dut_clk_div|out ; top:top_inst|clk_div:dut_clk_div|out ; 1.000        ; 0.338      ; 7.584      ;
; -6.218 ; top:top_inst|cpu:dut_cpu|register:FirstOPregister|out_reg[6]                                                       ; top:top_inst|memory:dut_memory|altsyncram:mem_rtl_0|altsyncram_dke1:auto_generated|ram_block1a0~porta_datain_reg0  ; top:top_inst|clk_div:dut_clk_div|out ; top:top_inst|clk_div:dut_clk_div|out ; 1.000        ; 0.338      ; 7.584      ;
; -6.218 ; top:top_inst|cpu:dut_cpu|register:FirstOPregister|out_reg[7]                                                       ; top:top_inst|memory:dut_memory|altsyncram:mem_rtl_0|altsyncram_dke1:auto_generated|ram_block1a0~porta_datain_reg0  ; top:top_inst|clk_div:dut_clk_div|out ; top:top_inst|clk_div:dut_clk_div|out ; 1.000        ; 0.338      ; 7.584      ;
; -6.218 ; top:top_inst|cpu:dut_cpu|register:FirstOPregister|out_reg[8]                                                       ; top:top_inst|memory:dut_memory|altsyncram:mem_rtl_0|altsyncram_dke1:auto_generated|ram_block1a0~porta_datain_reg0  ; top:top_inst|clk_div:dut_clk_div|out ; top:top_inst|clk_div:dut_clk_div|out ; 1.000        ; 0.338      ; 7.584      ;
; -6.218 ; top:top_inst|cpu:dut_cpu|register:FirstOPregister|out_reg[9]                                                       ; top:top_inst|memory:dut_memory|altsyncram:mem_rtl_0|altsyncram_dke1:auto_generated|ram_block1a0~porta_datain_reg0  ; top:top_inst|clk_div:dut_clk_div|out ; top:top_inst|clk_div:dut_clk_div|out ; 1.000        ; 0.338      ; 7.584      ;
; -6.218 ; top:top_inst|cpu:dut_cpu|register:FirstOPregister|out_reg[10]                                                      ; top:top_inst|memory:dut_memory|altsyncram:mem_rtl_0|altsyncram_dke1:auto_generated|ram_block1a0~porta_datain_reg0  ; top:top_inst|clk_div:dut_clk_div|out ; top:top_inst|clk_div:dut_clk_div|out ; 1.000        ; 0.338      ; 7.584      ;
; -6.218 ; top:top_inst|cpu:dut_cpu|register:FirstOPregister|out_reg[11]                                                      ; top:top_inst|memory:dut_memory|altsyncram:mem_rtl_0|altsyncram_dke1:auto_generated|ram_block1a0~porta_datain_reg0  ; top:top_inst|clk_div:dut_clk_div|out ; top:top_inst|clk_div:dut_clk_div|out ; 1.000        ; 0.338      ; 7.584      ;
; -6.218 ; top:top_inst|cpu:dut_cpu|register:FirstOPregister|out_reg[12]                                                      ; top:top_inst|memory:dut_memory|altsyncram:mem_rtl_0|altsyncram_dke1:auto_generated|ram_block1a0~porta_datain_reg0  ; top:top_inst|clk_div:dut_clk_div|out ; top:top_inst|clk_div:dut_clk_div|out ; 1.000        ; 0.338      ; 7.584      ;
; -6.218 ; top:top_inst|cpu:dut_cpu|register:FirstOPregister|out_reg[13]                                                      ; top:top_inst|memory:dut_memory|altsyncram:mem_rtl_0|altsyncram_dke1:auto_generated|ram_block1a0~porta_datain_reg0  ; top:top_inst|clk_div:dut_clk_div|out ; top:top_inst|clk_div:dut_clk_div|out ; 1.000        ; 0.338      ; 7.584      ;
; -6.218 ; top:top_inst|cpu:dut_cpu|register:FirstOPregister|out_reg[14]                                                      ; top:top_inst|memory:dut_memory|altsyncram:mem_rtl_0|altsyncram_dke1:auto_generated|ram_block1a0~porta_datain_reg0  ; top:top_inst|clk_div:dut_clk_div|out ; top:top_inst|clk_div:dut_clk_div|out ; 1.000        ; 0.338      ; 7.584      ;
; -6.218 ; top:top_inst|cpu:dut_cpu|register:FirstOPregister|out_reg[15]                                                      ; top:top_inst|memory:dut_memory|altsyncram:mem_rtl_0|altsyncram_dke1:auto_generated|ram_block1a0~porta_datain_reg0  ; top:top_inst|clk_div:dut_clk_div|out ; top:top_inst|clk_div:dut_clk_div|out ; 1.000        ; 0.338      ; 7.584      ;
; -6.206 ; top:top_inst|cpu:dut_cpu|register:SecondOPregister|out_reg[1]                                                      ; top:top_inst|memory:dut_memory|mem_rtl_0_bypass[14]                                                                ; top:top_inst|clk_div:dut_clk_div|out ; top:top_inst|clk_div:dut_clk_div|out ; 1.000        ; -0.062     ; 7.139      ;
; -6.206 ; top:top_inst|cpu:dut_cpu|register:IRHIGHregister|out_reg[7]                                                        ; top:top_inst|memory:dut_memory|altsyncram:mem_rtl_0|altsyncram_dke1:auto_generated|ram_block1a0~porta_datain_reg0  ; top:top_inst|clk_div:dut_clk_div|out ; top:top_inst|clk_div:dut_clk_div|out ; 1.000        ; 0.255      ; 7.489      ;
; -6.203 ; top:top_inst|cpu:dut_cpu|cnt_step_reg[2]                                                                           ; top:top_inst|cpu:dut_cpu|out_reg[0]                                                                                ; top:top_inst|clk_div:dut_clk_div|out ; top:top_inst|clk_div:dut_clk_div|out ; 1.000        ; -0.064     ; 7.134      ;
; -6.203 ; top:top_inst|cpu:dut_cpu|cnt_step_reg[2]                                                                           ; top:top_inst|cpu:dut_cpu|out_reg[1]                                                                                ; top:top_inst|clk_div:dut_clk_div|out ; top:top_inst|clk_div:dut_clk_div|out ; 1.000        ; -0.064     ; 7.134      ;
; -6.203 ; top:top_inst|cpu:dut_cpu|cnt_step_reg[2]                                                                           ; top:top_inst|cpu:dut_cpu|out_reg[2]                                                                                ; top:top_inst|clk_div:dut_clk_div|out ; top:top_inst|clk_div:dut_clk_div|out ; 1.000        ; -0.064     ; 7.134      ;
; -6.203 ; top:top_inst|cpu:dut_cpu|cnt_step_reg[2]                                                                           ; top:top_inst|cpu:dut_cpu|out_reg[4]                                                                                ; top:top_inst|clk_div:dut_clk_div|out ; top:top_inst|clk_div:dut_clk_div|out ; 1.000        ; -0.064     ; 7.134      ;
; -6.201 ; top:top_inst|cpu:dut_cpu|register:SecondOPregister|out_reg[1]                                                      ; top:top_inst|memory:dut_memory|mem_rtl_0_bypass[1]                                                                 ; top:top_inst|clk_div:dut_clk_div|out ; top:top_inst|clk_div:dut_clk_div|out ; 1.000        ; -0.063     ; 7.133      ;
; -6.200 ; top:top_inst|cpu:dut_cpu|register:SecondOPregister|out_reg[8]                                                      ; top:top_inst|memory:dut_memory|mem_rtl_0_bypass[14]                                                                ; top:top_inst|clk_div:dut_clk_div|out ; top:top_inst|clk_div:dut_clk_div|out ; 1.000        ; -0.062     ; 7.133      ;
; -6.197 ; top:top_inst|cpu:dut_cpu|register:SecondOPregister|out_reg[5]                                                      ; top:top_inst|memory:dut_memory|mem_rtl_0_bypass[14]                                                                ; top:top_inst|clk_div:dut_clk_div|out ; top:top_inst|clk_div:dut_clk_div|out ; 1.000        ; -0.062     ; 7.130      ;
; -6.195 ; top:top_inst|cpu:dut_cpu|register:SecondOPregister|out_reg[8]                                                      ; top:top_inst|memory:dut_memory|mem_rtl_0_bypass[1]                                                                 ; top:top_inst|clk_div:dut_clk_div|out ; top:top_inst|clk_div:dut_clk_div|out ; 1.000        ; -0.063     ; 7.127      ;
; -6.194 ; top:top_inst|cpu:dut_cpu|register:SecondOPregister|out_reg[0]                                                      ; top:top_inst|memory:dut_memory|mem_rtl_0_bypass[14]                                                                ; top:top_inst|clk_div:dut_clk_div|out ; top:top_inst|clk_div:dut_clk_div|out ; 1.000        ; -0.062     ; 7.127      ;
; -6.193 ; top:top_inst|cpu:dut_cpu|register:SecondOPregister|out_reg[4]                                                      ; top:top_inst|memory:dut_memory|mem_rtl_0_bypass[14]                                                                ; top:top_inst|clk_div:dut_clk_div|out ; top:top_inst|clk_div:dut_clk_div|out ; 1.000        ; -0.062     ; 7.126      ;
; -6.192 ; top:top_inst|cpu:dut_cpu|register:SecondOPregister|out_reg[5]                                                      ; top:top_inst|memory:dut_memory|mem_rtl_0_bypass[1]                                                                 ; top:top_inst|clk_div:dut_clk_div|out ; top:top_inst|clk_div:dut_clk_div|out ; 1.000        ; -0.063     ; 7.124      ;
; -6.189 ; top:top_inst|cpu:dut_cpu|register:SecondOPregister|out_reg[0]                                                      ; top:top_inst|memory:dut_memory|mem_rtl_0_bypass[1]                                                                 ; top:top_inst|clk_div:dut_clk_div|out ; top:top_inst|clk_div:dut_clk_div|out ; 1.000        ; -0.063     ; 7.121      ;
; -6.188 ; top:top_inst|cpu:dut_cpu|register:SecondOPregister|out_reg[4]                                                      ; top:top_inst|memory:dut_memory|mem_rtl_0_bypass[1]                                                                 ; top:top_inst|clk_div:dut_clk_div|out ; top:top_inst|clk_div:dut_clk_div|out ; 1.000        ; -0.063     ; 7.120      ;
; -6.185 ; top:top_inst|cpu:dut_cpu|register:SecondOPregister|out_reg[6]                                                      ; top:top_inst|memory:dut_memory|mem_rtl_0_bypass[14]                                                                ; top:top_inst|clk_div:dut_clk_div|out ; top:top_inst|clk_div:dut_clk_div|out ; 1.000        ; -0.062     ; 7.118      ;
; -6.184 ; top:top_inst|memory:dut_memory|altsyncram:mem_rtl_0|altsyncram_dke1:auto_generated|ram_block1a0~portb_address_reg0 ; top:top_inst|memory:dut_memory|altsyncram:mem_rtl_0|altsyncram_dke1:auto_generated|ram_block1a0~porta_address_reg0 ; top:top_inst|clk_div:dut_clk_div|out ; top:top_inst|clk_div:dut_clk_div|out ; 1.000        ; 0.003      ; 7.215      ;
; -6.184 ; top:top_inst|cpu:dut_cpu|register:SecondOPregister|out_reg[14]                                                     ; top:top_inst|memory:dut_memory|mem_rtl_0_bypass[14]                                                                ; top:top_inst|clk_div:dut_clk_div|out ; top:top_inst|clk_div:dut_clk_div|out ; 1.000        ; -0.062     ; 7.117      ;
; -6.183 ; top:top_inst|cpu:dut_cpu|register:SecondOPregister|out_reg[1]                                                      ; top:top_inst|memory:dut_memory|mem_rtl_0_bypass[15]                                                                ; top:top_inst|clk_div:dut_clk_div|out ; top:top_inst|clk_div:dut_clk_div|out ; 1.000        ; -0.062     ; 7.116      ;
; -6.181 ; top:top_inst|cpu:dut_cpu|register:SecondOPregister|out_reg[13]                                                     ; top:top_inst|memory:dut_memory|mem_rtl_0_bypass[14]                                                                ; top:top_inst|clk_div:dut_clk_div|out ; top:top_inst|clk_div:dut_clk_div|out ; 1.000        ; -0.062     ; 7.114      ;
; -6.180 ; top:top_inst|cpu:dut_cpu|register:SecondOPregister|out_reg[10]                                                     ; top:top_inst|memory:dut_memory|mem_rtl_0_bypass[14]                                                                ; top:top_inst|clk_div:dut_clk_div|out ; top:top_inst|clk_div:dut_clk_div|out ; 1.000        ; -0.062     ; 7.113      ;
; -6.180 ; top:top_inst|cpu:dut_cpu|register:SecondOPregister|out_reg[6]                                                      ; top:top_inst|memory:dut_memory|mem_rtl_0_bypass[1]                                                                 ; top:top_inst|clk_div:dut_clk_div|out ; top:top_inst|clk_div:dut_clk_div|out ; 1.000        ; -0.063     ; 7.112      ;
; -6.179 ; top:top_inst|cpu:dut_cpu|register:SecondOPregister|out_reg[14]                                                     ; top:top_inst|memory:dut_memory|mem_rtl_0_bypass[1]                                                                 ; top:top_inst|clk_div:dut_clk_div|out ; top:top_inst|clk_div:dut_clk_div|out ; 1.000        ; -0.063     ; 7.111      ;
; -6.177 ; top:top_inst|cpu:dut_cpu|register:SecondOPregister|out_reg[8]                                                      ; top:top_inst|memory:dut_memory|mem_rtl_0_bypass[15]                                                                ; top:top_inst|clk_div:dut_clk_div|out ; top:top_inst|clk_div:dut_clk_div|out ; 1.000        ; -0.062     ; 7.110      ;
; -6.176 ; top:top_inst|cpu:dut_cpu|register:SecondOPregister|out_reg[13]                                                     ; top:top_inst|memory:dut_memory|mem_rtl_0_bypass[1]                                                                 ; top:top_inst|clk_div:dut_clk_div|out ; top:top_inst|clk_div:dut_clk_div|out ; 1.000        ; -0.063     ; 7.108      ;
; -6.175 ; top:top_inst|cpu:dut_cpu|register:SecondOPregister|out_reg[11]                                                     ; top:top_inst|memory:dut_memory|mem_rtl_0_bypass[14]                                                                ; top:top_inst|clk_div:dut_clk_div|out ; top:top_inst|clk_div:dut_clk_div|out ; 1.000        ; -0.062     ; 7.108      ;
; -6.175 ; top:top_inst|cpu:dut_cpu|register:SecondOPregister|out_reg[10]                                                     ; top:top_inst|memory:dut_memory|mem_rtl_0_bypass[1]                                                                 ; top:top_inst|clk_div:dut_clk_div|out ; top:top_inst|clk_div:dut_clk_div|out ; 1.000        ; -0.063     ; 7.107      ;
; -6.174 ; top:top_inst|cpu:dut_cpu|register:SecondOPregister|out_reg[5]                                                      ; top:top_inst|memory:dut_memory|mem_rtl_0_bypass[15]                                                                ; top:top_inst|clk_div:dut_clk_div|out ; top:top_inst|clk_div:dut_clk_div|out ; 1.000        ; -0.062     ; 7.107      ;
; -6.172 ; top:top_inst|cpu:dut_cpu|cnt_step_reg[0]                                                                           ; top:top_inst|cpu:dut_cpu|out_reg[0]                                                                                ; top:top_inst|clk_div:dut_clk_div|out ; top:top_inst|clk_div:dut_clk_div|out ; 1.000        ; -0.070     ; 7.097      ;
+--------+--------------------------------------------------------------------------------------------------------------------+--------------------------------------------------------------------------------------------------------------------+--------------------------------------+--------------------------------------+--------------+------------+------------+


+----------------------------------------------------------------------------------------------------------------------------------------------------------------------------+
; Slow 1200mV 85C Model Setup: 'CLOCK_50'                                                                                                                                    ;
+--------+----------------------------------------------+----------------------------------------------+--------------+-------------+--------------+------------+------------+
; Slack  ; From Node                                    ; To Node                                      ; Launch Clock ; Latch Clock ; Relationship ; Clock Skew ; Data Delay ;
+--------+----------------------------------------------+----------------------------------------------+--------------+-------------+--------------+------------+------------+
; -2.856 ; top:top_inst|clk_div:dut_clk_div|counter[2]  ; top:top_inst|clk_div:dut_clk_div|counter[14] ; CLOCK_50     ; CLOCK_50    ; 1.000        ; -0.063     ; 3.788      ;
; -2.856 ; top:top_inst|clk_div:dut_clk_div|counter[2]  ; top:top_inst|clk_div:dut_clk_div|counter[20] ; CLOCK_50     ; CLOCK_50    ; 1.000        ; -0.063     ; 3.788      ;
; -2.856 ; top:top_inst|clk_div:dut_clk_div|counter[2]  ; top:top_inst|clk_div:dut_clk_div|counter[22] ; CLOCK_50     ; CLOCK_50    ; 1.000        ; -0.063     ; 3.788      ;
; -2.805 ; top:top_inst|clk_div:dut_clk_div|counter[14] ; top:top_inst|clk_div:dut_clk_div|counter[14] ; CLOCK_50     ; CLOCK_50    ; 1.000        ; -0.061     ; 3.739      ;
; -2.805 ; top:top_inst|clk_div:dut_clk_div|counter[14] ; top:top_inst|clk_div:dut_clk_div|counter[20] ; CLOCK_50     ; CLOCK_50    ; 1.000        ; -0.061     ; 3.739      ;
; -2.805 ; top:top_inst|clk_div:dut_clk_div|counter[14] ; top:top_inst|clk_div:dut_clk_div|counter[22] ; CLOCK_50     ; CLOCK_50    ; 1.000        ; -0.061     ; 3.739      ;
; -2.759 ; top:top_inst|clk_div:dut_clk_div|counter[13] ; top:top_inst|clk_div:dut_clk_div|counter[14] ; CLOCK_50     ; CLOCK_50    ; 1.000        ; -0.063     ; 3.691      ;
; -2.759 ; top:top_inst|clk_div:dut_clk_div|counter[13] ; top:top_inst|clk_div:dut_clk_div|counter[20] ; CLOCK_50     ; CLOCK_50    ; 1.000        ; -0.063     ; 3.691      ;
; -2.759 ; top:top_inst|clk_div:dut_clk_div|counter[13] ; top:top_inst|clk_div:dut_clk_div|counter[22] ; CLOCK_50     ; CLOCK_50    ; 1.000        ; -0.063     ; 3.691      ;
; -2.734 ; top:top_inst|clk_div:dut_clk_div|counter[6]  ; top:top_inst|clk_div:dut_clk_div|counter[14] ; CLOCK_50     ; CLOCK_50    ; 1.000        ; -0.063     ; 3.666      ;
; -2.734 ; top:top_inst|clk_div:dut_clk_div|counter[6]  ; top:top_inst|clk_div:dut_clk_div|counter[20] ; CLOCK_50     ; CLOCK_50    ; 1.000        ; -0.063     ; 3.666      ;
; -2.734 ; top:top_inst|clk_div:dut_clk_div|counter[6]  ; top:top_inst|clk_div:dut_clk_div|counter[22] ; CLOCK_50     ; CLOCK_50    ; 1.000        ; -0.063     ; 3.666      ;
; -2.654 ; top:top_inst|clk_div:dut_clk_div|counter[21] ; top:top_inst|clk_div:dut_clk_div|counter[14] ; CLOCK_50     ; CLOCK_50    ; 1.000        ; -0.428     ; 3.221      ;
; -2.654 ; top:top_inst|clk_div:dut_clk_div|counter[21] ; top:top_inst|clk_div:dut_clk_div|counter[20] ; CLOCK_50     ; CLOCK_50    ; 1.000        ; -0.428     ; 3.221      ;
; -2.654 ; top:top_inst|clk_div:dut_clk_div|counter[21] ; top:top_inst|clk_div:dut_clk_div|counter[22] ; CLOCK_50     ; CLOCK_50    ; 1.000        ; -0.428     ; 3.221      ;
; -2.648 ; top:top_inst|clk_div:dut_clk_div|counter[16] ; top:top_inst|clk_div:dut_clk_div|counter[14] ; CLOCK_50     ; CLOCK_50    ; 1.000        ; -0.428     ; 3.215      ;
; -2.648 ; top:top_inst|clk_div:dut_clk_div|counter[16] ; top:top_inst|clk_div:dut_clk_div|counter[20] ; CLOCK_50     ; CLOCK_50    ; 1.000        ; -0.428     ; 3.215      ;
; -2.648 ; top:top_inst|clk_div:dut_clk_div|counter[16] ; top:top_inst|clk_div:dut_clk_div|counter[22] ; CLOCK_50     ; CLOCK_50    ; 1.000        ; -0.428     ; 3.215      ;
; -2.621 ; top:top_inst|clk_div:dut_clk_div|counter[9]  ; top:top_inst|clk_div:dut_clk_div|counter[14] ; CLOCK_50     ; CLOCK_50    ; 1.000        ; -0.063     ; 3.553      ;
; -2.621 ; top:top_inst|clk_div:dut_clk_div|counter[9]  ; top:top_inst|clk_div:dut_clk_div|counter[20] ; CLOCK_50     ; CLOCK_50    ; 1.000        ; -0.063     ; 3.553      ;
; -2.621 ; top:top_inst|clk_div:dut_clk_div|counter[9]  ; top:top_inst|clk_div:dut_clk_div|counter[22] ; CLOCK_50     ; CLOCK_50    ; 1.000        ; -0.063     ; 3.553      ;
; -2.609 ; top:top_inst|clk_div:dut_clk_div|counter[7]  ; top:top_inst|clk_div:dut_clk_div|counter[14] ; CLOCK_50     ; CLOCK_50    ; 1.000        ; -0.063     ; 3.541      ;
; -2.609 ; top:top_inst|clk_div:dut_clk_div|counter[7]  ; top:top_inst|clk_div:dut_clk_div|counter[20] ; CLOCK_50     ; CLOCK_50    ; 1.000        ; -0.063     ; 3.541      ;
; -2.609 ; top:top_inst|clk_div:dut_clk_div|counter[7]  ; top:top_inst|clk_div:dut_clk_div|counter[22] ; CLOCK_50     ; CLOCK_50    ; 1.000        ; -0.063     ; 3.541      ;
; -2.590 ; top:top_inst|clk_div:dut_clk_div|counter[10] ; top:top_inst|clk_div:dut_clk_div|counter[14] ; CLOCK_50     ; CLOCK_50    ; 1.000        ; -0.063     ; 3.522      ;
; -2.590 ; top:top_inst|clk_div:dut_clk_div|counter[10] ; top:top_inst|clk_div:dut_clk_div|counter[20] ; CLOCK_50     ; CLOCK_50    ; 1.000        ; -0.063     ; 3.522      ;
; -2.590 ; top:top_inst|clk_div:dut_clk_div|counter[10] ; top:top_inst|clk_div:dut_clk_div|counter[22] ; CLOCK_50     ; CLOCK_50    ; 1.000        ; -0.063     ; 3.522      ;
; -2.575 ; top:top_inst|clk_div:dut_clk_div|counter[15] ; top:top_inst|clk_div:dut_clk_div|counter[14] ; CLOCK_50     ; CLOCK_50    ; 1.000        ; -0.063     ; 3.507      ;
; -2.575 ; top:top_inst|clk_div:dut_clk_div|counter[15] ; top:top_inst|clk_div:dut_clk_div|counter[20] ; CLOCK_50     ; CLOCK_50    ; 1.000        ; -0.063     ; 3.507      ;
; -2.575 ; top:top_inst|clk_div:dut_clk_div|counter[15] ; top:top_inst|clk_div:dut_clk_div|counter[22] ; CLOCK_50     ; CLOCK_50    ; 1.000        ; -0.063     ; 3.507      ;
; -2.574 ; top:top_inst|clk_div:dut_clk_div|counter[0]  ; top:top_inst|clk_div:dut_clk_div|counter[14] ; CLOCK_50     ; CLOCK_50    ; 1.000        ; -0.063     ; 3.506      ;
; -2.574 ; top:top_inst|clk_div:dut_clk_div|counter[0]  ; top:top_inst|clk_div:dut_clk_div|counter[20] ; CLOCK_50     ; CLOCK_50    ; 1.000        ; -0.063     ; 3.506      ;
; -2.574 ; top:top_inst|clk_div:dut_clk_div|counter[0]  ; top:top_inst|clk_div:dut_clk_div|counter[22] ; CLOCK_50     ; CLOCK_50    ; 1.000        ; -0.063     ; 3.506      ;
; -2.569 ; top:top_inst|clk_div:dut_clk_div|counter[2]  ; top:top_inst|clk_div:dut_clk_div|counter[1]  ; CLOCK_50     ; CLOCK_50    ; 1.000        ; -0.061     ; 3.503      ;
; -2.569 ; top:top_inst|clk_div:dut_clk_div|counter[2]  ; top:top_inst|clk_div:dut_clk_div|counter[0]  ; CLOCK_50     ; CLOCK_50    ; 1.000        ; -0.061     ; 3.503      ;
; -2.569 ; top:top_inst|clk_div:dut_clk_div|counter[2]  ; top:top_inst|clk_div:dut_clk_div|counter[6]  ; CLOCK_50     ; CLOCK_50    ; 1.000        ; -0.061     ; 3.503      ;
; -2.569 ; top:top_inst|clk_div:dut_clk_div|counter[2]  ; top:top_inst|clk_div:dut_clk_div|counter[2]  ; CLOCK_50     ; CLOCK_50    ; 1.000        ; -0.061     ; 3.503      ;
; -2.569 ; top:top_inst|clk_div:dut_clk_div|counter[2]  ; top:top_inst|clk_div:dut_clk_div|counter[5]  ; CLOCK_50     ; CLOCK_50    ; 1.000        ; -0.061     ; 3.503      ;
; -2.569 ; top:top_inst|clk_div:dut_clk_div|counter[2]  ; top:top_inst|clk_div:dut_clk_div|counter[8]  ; CLOCK_50     ; CLOCK_50    ; 1.000        ; -0.061     ; 3.503      ;
; -2.569 ; top:top_inst|clk_div:dut_clk_div|counter[2]  ; top:top_inst|clk_div:dut_clk_div|counter[7]  ; CLOCK_50     ; CLOCK_50    ; 1.000        ; -0.061     ; 3.503      ;
; -2.569 ; top:top_inst|clk_div:dut_clk_div|counter[2]  ; top:top_inst|clk_div:dut_clk_div|counter[10] ; CLOCK_50     ; CLOCK_50    ; 1.000        ; -0.061     ; 3.503      ;
; -2.569 ; top:top_inst|clk_div:dut_clk_div|counter[2]  ; top:top_inst|clk_div:dut_clk_div|counter[9]  ; CLOCK_50     ; CLOCK_50    ; 1.000        ; -0.061     ; 3.503      ;
; -2.569 ; top:top_inst|clk_div:dut_clk_div|counter[2]  ; top:top_inst|clk_div:dut_clk_div|counter[12] ; CLOCK_50     ; CLOCK_50    ; 1.000        ; -0.061     ; 3.503      ;
; -2.569 ; top:top_inst|clk_div:dut_clk_div|counter[2]  ; top:top_inst|clk_div:dut_clk_div|counter[11] ; CLOCK_50     ; CLOCK_50    ; 1.000        ; -0.061     ; 3.503      ;
; -2.569 ; top:top_inst|clk_div:dut_clk_div|counter[2]  ; top:top_inst|clk_div:dut_clk_div|counter[13] ; CLOCK_50     ; CLOCK_50    ; 1.000        ; -0.061     ; 3.503      ;
; -2.523 ; top:top_inst|clk_div:dut_clk_div|counter[19] ; top:top_inst|clk_div:dut_clk_div|counter[14] ; CLOCK_50     ; CLOCK_50    ; 1.000        ; -0.428     ; 3.090      ;
; -2.523 ; top:top_inst|clk_div:dut_clk_div|counter[19] ; top:top_inst|clk_div:dut_clk_div|counter[20] ; CLOCK_50     ; CLOCK_50    ; 1.000        ; -0.428     ; 3.090      ;
; -2.523 ; top:top_inst|clk_div:dut_clk_div|counter[19] ; top:top_inst|clk_div:dut_clk_div|counter[22] ; CLOCK_50     ; CLOCK_50    ; 1.000        ; -0.428     ; 3.090      ;
; -2.509 ; top:top_inst|clk_div:dut_clk_div|counter[14] ; top:top_inst|clk_div:dut_clk_div|counter[1]  ; CLOCK_50     ; CLOCK_50    ; 1.000        ; -0.059     ; 3.445      ;
; -2.509 ; top:top_inst|clk_div:dut_clk_div|counter[14] ; top:top_inst|clk_div:dut_clk_div|counter[0]  ; CLOCK_50     ; CLOCK_50    ; 1.000        ; -0.059     ; 3.445      ;
; -2.509 ; top:top_inst|clk_div:dut_clk_div|counter[14] ; top:top_inst|clk_div:dut_clk_div|counter[6]  ; CLOCK_50     ; CLOCK_50    ; 1.000        ; -0.059     ; 3.445      ;
; -2.509 ; top:top_inst|clk_div:dut_clk_div|counter[14] ; top:top_inst|clk_div:dut_clk_div|counter[2]  ; CLOCK_50     ; CLOCK_50    ; 1.000        ; -0.059     ; 3.445      ;
; -2.509 ; top:top_inst|clk_div:dut_clk_div|counter[14] ; top:top_inst|clk_div:dut_clk_div|counter[5]  ; CLOCK_50     ; CLOCK_50    ; 1.000        ; -0.059     ; 3.445      ;
; -2.509 ; top:top_inst|clk_div:dut_clk_div|counter[14] ; top:top_inst|clk_div:dut_clk_div|counter[8]  ; CLOCK_50     ; CLOCK_50    ; 1.000        ; -0.059     ; 3.445      ;
; -2.509 ; top:top_inst|clk_div:dut_clk_div|counter[14] ; top:top_inst|clk_div:dut_clk_div|counter[7]  ; CLOCK_50     ; CLOCK_50    ; 1.000        ; -0.059     ; 3.445      ;
; -2.509 ; top:top_inst|clk_div:dut_clk_div|counter[14] ; top:top_inst|clk_div:dut_clk_div|counter[10] ; CLOCK_50     ; CLOCK_50    ; 1.000        ; -0.059     ; 3.445      ;
; -2.509 ; top:top_inst|clk_div:dut_clk_div|counter[14] ; top:top_inst|clk_div:dut_clk_div|counter[9]  ; CLOCK_50     ; CLOCK_50    ; 1.000        ; -0.059     ; 3.445      ;
; -2.509 ; top:top_inst|clk_div:dut_clk_div|counter[14] ; top:top_inst|clk_div:dut_clk_div|counter[12] ; CLOCK_50     ; CLOCK_50    ; 1.000        ; -0.059     ; 3.445      ;
; -2.509 ; top:top_inst|clk_div:dut_clk_div|counter[14] ; top:top_inst|clk_div:dut_clk_div|counter[11] ; CLOCK_50     ; CLOCK_50    ; 1.000        ; -0.059     ; 3.445      ;
; -2.509 ; top:top_inst|clk_div:dut_clk_div|counter[14] ; top:top_inst|clk_div:dut_clk_div|counter[13] ; CLOCK_50     ; CLOCK_50    ; 1.000        ; -0.059     ; 3.445      ;
; -2.508 ; top:top_inst|clk_div:dut_clk_div|counter[17] ; top:top_inst|clk_div:dut_clk_div|counter[14] ; CLOCK_50     ; CLOCK_50    ; 1.000        ; -0.428     ; 3.075      ;
; -2.508 ; top:top_inst|clk_div:dut_clk_div|counter[17] ; top:top_inst|clk_div:dut_clk_div|counter[20] ; CLOCK_50     ; CLOCK_50    ; 1.000        ; -0.428     ; 3.075      ;
; -2.508 ; top:top_inst|clk_div:dut_clk_div|counter[17] ; top:top_inst|clk_div:dut_clk_div|counter[22] ; CLOCK_50     ; CLOCK_50    ; 1.000        ; -0.428     ; 3.075      ;
; -2.504 ; top:top_inst|clk_div:dut_clk_div|counter[2]  ; top:top_inst|clk_div:dut_clk_div|counter[23] ; CLOCK_50     ; CLOCK_50    ; 1.000        ; 0.289      ; 3.788      ;
; -2.504 ; top:top_inst|clk_div:dut_clk_div|counter[2]  ; top:top_inst|clk_div:dut_clk_div|counter[18] ; CLOCK_50     ; CLOCK_50    ; 1.000        ; 0.289      ; 3.788      ;
; -2.504 ; top:top_inst|clk_div:dut_clk_div|counter[2]  ; top:top_inst|clk_div:dut_clk_div|counter[16] ; CLOCK_50     ; CLOCK_50    ; 1.000        ; 0.289      ; 3.788      ;
; -2.504 ; top:top_inst|clk_div:dut_clk_div|counter[2]  ; top:top_inst|clk_div:dut_clk_div|counter[17] ; CLOCK_50     ; CLOCK_50    ; 1.000        ; 0.289      ; 3.788      ;
; -2.504 ; top:top_inst|clk_div:dut_clk_div|counter[2]  ; top:top_inst|clk_div:dut_clk_div|counter[19] ; CLOCK_50     ; CLOCK_50    ; 1.000        ; 0.289      ; 3.788      ;
; -2.504 ; top:top_inst|clk_div:dut_clk_div|counter[2]  ; top:top_inst|clk_div:dut_clk_div|counter[21] ; CLOCK_50     ; CLOCK_50    ; 1.000        ; 0.289      ; 3.788      ;
; -2.504 ; top:top_inst|clk_div:dut_clk_div|counter[2]  ; top:top_inst|clk_div:dut_clk_div|counter[24] ; CLOCK_50     ; CLOCK_50    ; 1.000        ; 0.289      ; 3.788      ;
; -2.504 ; top:top_inst|clk_div:dut_clk_div|counter[2]  ; top:top_inst|clk_div:dut_clk_div|counter[27] ; CLOCK_50     ; CLOCK_50    ; 1.000        ; 0.289      ; 3.788      ;
; -2.504 ; top:top_inst|clk_div:dut_clk_div|counter[2]  ; top:top_inst|clk_div:dut_clk_div|counter[25] ; CLOCK_50     ; CLOCK_50    ; 1.000        ; 0.289      ; 3.788      ;
; -2.504 ; top:top_inst|clk_div:dut_clk_div|counter[2]  ; top:top_inst|clk_div:dut_clk_div|counter[26] ; CLOCK_50     ; CLOCK_50    ; 1.000        ; 0.289      ; 3.788      ;
; -2.488 ; top:top_inst|clk_div:dut_clk_div|counter[12] ; top:top_inst|clk_div:dut_clk_div|counter[14] ; CLOCK_50     ; CLOCK_50    ; 1.000        ; -0.063     ; 3.420      ;
; -2.488 ; top:top_inst|clk_div:dut_clk_div|counter[12] ; top:top_inst|clk_div:dut_clk_div|counter[20] ; CLOCK_50     ; CLOCK_50    ; 1.000        ; -0.063     ; 3.420      ;
; -2.488 ; top:top_inst|clk_div:dut_clk_div|counter[12] ; top:top_inst|clk_div:dut_clk_div|counter[22] ; CLOCK_50     ; CLOCK_50    ; 1.000        ; -0.063     ; 3.420      ;
; -2.469 ; top:top_inst|clk_div:dut_clk_div|counter[1]  ; top:top_inst|clk_div:dut_clk_div|counter[14] ; CLOCK_50     ; CLOCK_50    ; 1.000        ; -0.063     ; 3.401      ;
; -2.469 ; top:top_inst|clk_div:dut_clk_div|counter[1]  ; top:top_inst|clk_div:dut_clk_div|counter[20] ; CLOCK_50     ; CLOCK_50    ; 1.000        ; -0.063     ; 3.401      ;
; -2.469 ; top:top_inst|clk_div:dut_clk_div|counter[1]  ; top:top_inst|clk_div:dut_clk_div|counter[22] ; CLOCK_50     ; CLOCK_50    ; 1.000        ; -0.063     ; 3.401      ;
; -2.463 ; top:top_inst|clk_div:dut_clk_div|counter[13] ; top:top_inst|clk_div:dut_clk_div|counter[1]  ; CLOCK_50     ; CLOCK_50    ; 1.000        ; -0.061     ; 3.397      ;
; -2.463 ; top:top_inst|clk_div:dut_clk_div|counter[13] ; top:top_inst|clk_div:dut_clk_div|counter[0]  ; CLOCK_50     ; CLOCK_50    ; 1.000        ; -0.061     ; 3.397      ;
; -2.463 ; top:top_inst|clk_div:dut_clk_div|counter[13] ; top:top_inst|clk_div:dut_clk_div|counter[6]  ; CLOCK_50     ; CLOCK_50    ; 1.000        ; -0.061     ; 3.397      ;
; -2.463 ; top:top_inst|clk_div:dut_clk_div|counter[13] ; top:top_inst|clk_div:dut_clk_div|counter[2]  ; CLOCK_50     ; CLOCK_50    ; 1.000        ; -0.061     ; 3.397      ;
; -2.463 ; top:top_inst|clk_div:dut_clk_div|counter[13] ; top:top_inst|clk_div:dut_clk_div|counter[5]  ; CLOCK_50     ; CLOCK_50    ; 1.000        ; -0.061     ; 3.397      ;
; -2.463 ; top:top_inst|clk_div:dut_clk_div|counter[13] ; top:top_inst|clk_div:dut_clk_div|counter[8]  ; CLOCK_50     ; CLOCK_50    ; 1.000        ; -0.061     ; 3.397      ;
; -2.463 ; top:top_inst|clk_div:dut_clk_div|counter[13] ; top:top_inst|clk_div:dut_clk_div|counter[7]  ; CLOCK_50     ; CLOCK_50    ; 1.000        ; -0.061     ; 3.397      ;
; -2.463 ; top:top_inst|clk_div:dut_clk_div|counter[13] ; top:top_inst|clk_div:dut_clk_div|counter[10] ; CLOCK_50     ; CLOCK_50    ; 1.000        ; -0.061     ; 3.397      ;
; -2.463 ; top:top_inst|clk_div:dut_clk_div|counter[13] ; top:top_inst|clk_div:dut_clk_div|counter[9]  ; CLOCK_50     ; CLOCK_50    ; 1.000        ; -0.061     ; 3.397      ;
; -2.463 ; top:top_inst|clk_div:dut_clk_div|counter[13] ; top:top_inst|clk_div:dut_clk_div|counter[12] ; CLOCK_50     ; CLOCK_50    ; 1.000        ; -0.061     ; 3.397      ;
; -2.463 ; top:top_inst|clk_div:dut_clk_div|counter[13] ; top:top_inst|clk_div:dut_clk_div|counter[11] ; CLOCK_50     ; CLOCK_50    ; 1.000        ; -0.061     ; 3.397      ;
; -2.463 ; top:top_inst|clk_div:dut_clk_div|counter[13] ; top:top_inst|clk_div:dut_clk_div|counter[13] ; CLOCK_50     ; CLOCK_50    ; 1.000        ; -0.061     ; 3.397      ;
; -2.461 ; top:top_inst|clk_div:dut_clk_div|counter[2]  ; top:top_inst|clk_div:dut_clk_div|counter[3]  ; CLOCK_50     ; CLOCK_50    ; 1.000        ; -0.061     ; 3.395      ;
; -2.461 ; top:top_inst|clk_div:dut_clk_div|counter[2]  ; top:top_inst|clk_div:dut_clk_div|counter[4]  ; CLOCK_50     ; CLOCK_50    ; 1.000        ; -0.061     ; 3.395      ;
; -2.461 ; top:top_inst|clk_div:dut_clk_div|counter[2]  ; top:top_inst|clk_div:dut_clk_div|counter[15] ; CLOCK_50     ; CLOCK_50    ; 1.000        ; -0.061     ; 3.395      ;
; -2.453 ; top:top_inst|clk_div:dut_clk_div|counter[14] ; top:top_inst|clk_div:dut_clk_div|counter[23] ; CLOCK_50     ; CLOCK_50    ; 1.000        ; 0.291      ; 3.739      ;
; -2.453 ; top:top_inst|clk_div:dut_clk_div|counter[14] ; top:top_inst|clk_div:dut_clk_div|counter[18] ; CLOCK_50     ; CLOCK_50    ; 1.000        ; 0.291      ; 3.739      ;
; -2.453 ; top:top_inst|clk_div:dut_clk_div|counter[14] ; top:top_inst|clk_div:dut_clk_div|counter[16] ; CLOCK_50     ; CLOCK_50    ; 1.000        ; 0.291      ; 3.739      ;
; -2.453 ; top:top_inst|clk_div:dut_clk_div|counter[14] ; top:top_inst|clk_div:dut_clk_div|counter[17] ; CLOCK_50     ; CLOCK_50    ; 1.000        ; 0.291      ; 3.739      ;
; -2.453 ; top:top_inst|clk_div:dut_clk_div|counter[14] ; top:top_inst|clk_div:dut_clk_div|counter[19] ; CLOCK_50     ; CLOCK_50    ; 1.000        ; 0.291      ; 3.739      ;
; -2.453 ; top:top_inst|clk_div:dut_clk_div|counter[14] ; top:top_inst|clk_div:dut_clk_div|counter[21] ; CLOCK_50     ; CLOCK_50    ; 1.000        ; 0.291      ; 3.739      ;
+--------+----------------------------------------------+----------------------------------------------+--------------+-------------+--------------+------------+------------+


+-----------------------------------------------------------------------------------------------------------------------------------------------------------------------------------------------------------------------------------------------------------------------------------------------------------------+
; Slow 1200mV 85C Model Hold: 'top:top_inst|clk_div:dut_clk_div|out'                                                                                                                                                                                                                                              ;
+-------+--------------------------------------------------------------+-------------------------------------------------------------------------------------------------------------------+--------------------------------------+--------------------------------------+--------------+------------+------------+
; Slack ; From Node                                                    ; To Node                                                                                                           ; Launch Clock                         ; Latch Clock                          ; Relationship ; Clock Skew ; Data Delay ;
+-------+--------------------------------------------------------------+-------------------------------------------------------------------------------------------------------------------+--------------------------------------+--------------------------------------+--------------+------------+------------+
; 0.358 ; top:top_inst|cpu:dut_cpu|state_reg.executing_instruction1    ; top:top_inst|cpu:dut_cpu|state_reg.executing_instruction1                                                         ; top:top_inst|clk_div:dut_clk_div|out ; top:top_inst|clk_div:dut_clk_div|out ; 0.000        ; 0.062      ; 0.577      ;
; 0.358 ; top:top_inst|cpu:dut_cpu|cnt_step_reg[2]                     ; top:top_inst|cpu:dut_cpu|cnt_step_reg[2]                                                                          ; top:top_inst|clk_div:dut_clk_div|out ; top:top_inst|clk_div:dut_clk_div|out ; 0.000        ; 0.062      ; 0.577      ;
; 0.358 ; top:top_inst|cpu:dut_cpu|cnt_step_reg[1]                     ; top:top_inst|cpu:dut_cpu|cnt_step_reg[1]                                                                          ; top:top_inst|clk_div:dut_clk_div|out ; top:top_inst|clk_div:dut_clk_div|out ; 0.000        ; 0.062      ; 0.577      ;
; 0.358 ; top:top_inst|cpu:dut_cpu|state_reg.executing_MOV             ; top:top_inst|cpu:dut_cpu|state_reg.executing_MOV                                                                  ; top:top_inst|clk_div:dut_clk_div|out ; top:top_inst|clk_div:dut_clk_div|out ; 0.000        ; 0.062      ; 0.577      ;
; 0.358 ; top:top_inst|cpu:dut_cpu|state_reg.stop_state                ; top:top_inst|cpu:dut_cpu|state_reg.stop_state                                                                     ; top:top_inst|clk_div:dut_clk_div|out ; top:top_inst|clk_div:dut_clk_div|out ; 0.000        ; 0.062      ; 0.577      ;
; 0.359 ; top:top_inst|cpu:dut_cpu|register:SPregister|out_reg[5]      ; top:top_inst|cpu:dut_cpu|register:SPregister|out_reg[5]                                                           ; top:top_inst|clk_div:dut_clk_div|out ; top:top_inst|clk_div:dut_clk_div|out ; 0.000        ; 0.061      ; 0.577      ;
; 0.391 ; top:top_inst|cpu:dut_cpu|register:PCregister|out_reg[5]      ; top:top_inst|cpu:dut_cpu|register:PCregister|out_reg[5]                                                           ; top:top_inst|clk_div:dut_clk_div|out ; top:top_inst|clk_div:dut_clk_div|out ; 0.000        ; 0.061      ; 0.609      ;
; 0.478 ; top:top_inst|memory:dut_memory|mem_rtl_0_bypass[9]           ; top:top_inst|cpu:dut_cpu|register:IRLOWregister|out_reg[8]                                                        ; top:top_inst|clk_div:dut_clk_div|out ; top:top_inst|clk_div:dut_clk_div|out ; 0.000        ; 0.061      ; 0.696      ;
; 0.481 ; top:top_inst|cpu:dut_cpu|register:IRLOWregister|out_reg[10]  ; top:top_inst|memory:dut_memory|mem_rtl_0_bypass[11]                                                               ; top:top_inst|clk_div:dut_clk_div|out ; top:top_inst|clk_div:dut_clk_div|out ; 0.000        ; 0.062      ; 0.700      ;
; 0.550 ; top:top_inst|memory:dut_memory|mem_rtl_0_bypass[11]          ; top:top_inst|cpu:dut_cpu|register:IRLOWregister|out_reg[10]                                                       ; top:top_inst|clk_div:dut_clk_div|out ; top:top_inst|clk_div:dut_clk_div|out ; 0.000        ; 0.062      ; 0.769      ;
; 0.551 ; top:top_inst|memory:dut_memory|mem_rtl_0_bypass[14]          ; top:top_inst|cpu:dut_cpu|register:IRLOWregister|out_reg[13]                                                       ; top:top_inst|clk_div:dut_clk_div|out ; top:top_inst|clk_div:dut_clk_div|out ; 0.000        ; 0.061      ; 0.769      ;
; 0.553 ; top:top_inst|memory:dut_memory|mem_rtl_0_bypass[15]          ; top:top_inst|cpu:dut_cpu|register:IRLOWregister|out_reg[14]                                                       ; top:top_inst|clk_div:dut_clk_div|out ; top:top_inst|clk_div:dut_clk_div|out ; 0.000        ; 0.061      ; 0.771      ;
; 0.553 ; top:top_inst|memory:dut_memory|mem_rtl_0_bypass[16]          ; top:top_inst|cpu:dut_cpu|register:IRLOWregister|out_reg[15]                                                       ; top:top_inst|clk_div:dut_clk_div|out ; top:top_inst|clk_div:dut_clk_div|out ; 0.000        ; 0.061      ; 0.771      ;
; 0.554 ; top:top_inst|memory:dut_memory|mem_rtl_0_bypass[7]           ; top:top_inst|cpu:dut_cpu|register:IRLOWregister|out_reg[6]                                                        ; top:top_inst|clk_div:dut_clk_div|out ; top:top_inst|clk_div:dut_clk_div|out ; 0.000        ; 0.061      ; 0.772      ;
; 0.572 ; top:top_inst|cpu:dut_cpu|register:PCregister|out_reg[4]      ; top:top_inst|cpu:dut_cpu|register:PCregister|out_reg[4]                                                           ; top:top_inst|clk_div:dut_clk_div|out ; top:top_inst|clk_div:dut_clk_div|out ; 0.000        ; 0.061      ; 0.790      ;
; 0.574 ; top:top_inst|cpu:dut_cpu|register:PCregister|out_reg[3]      ; top:top_inst|cpu:dut_cpu|register:PCregister|out_reg[3]                                                           ; top:top_inst|clk_div:dut_clk_div|out ; top:top_inst|clk_div:dut_clk_div|out ; 0.000        ; 0.061      ; 0.792      ;
; 0.574 ; top:top_inst|cpu:dut_cpu|register:PCregister|out_reg[1]      ; top:top_inst|cpu:dut_cpu|register:PCregister|out_reg[1]                                                           ; top:top_inst|clk_div:dut_clk_div|out ; top:top_inst|clk_div:dut_clk_div|out ; 0.000        ; 0.061      ; 0.792      ;
; 0.575 ; top:top_inst|cpu:dut_cpu|register:PCregister|out_reg[2]      ; top:top_inst|cpu:dut_cpu|register:PCregister|out_reg[2]                                                           ; top:top_inst|clk_div:dut_clk_div|out ; top:top_inst|clk_div:dut_clk_div|out ; 0.000        ; 0.061      ; 0.793      ;
; 0.589 ; top:top_inst|cpu:dut_cpu|register:IRLOWregister|out_reg[6]   ; top:top_inst|memory:dut_memory|mem_rtl_0_bypass[7]                                                                ; top:top_inst|clk_div:dut_clk_div|out ; top:top_inst|clk_div:dut_clk_div|out ; 0.000        ; 0.061      ; 0.807      ;
; 0.590 ; top:top_inst|cpu:dut_cpu|register:IRLOWregister|out_reg[14]  ; top:top_inst|memory:dut_memory|mem_rtl_0_bypass[15]                                                               ; top:top_inst|clk_div:dut_clk_div|out ; top:top_inst|clk_div:dut_clk_div|out ; 0.000        ; 0.061      ; 0.808      ;
; 0.590 ; top:top_inst|cpu:dut_cpu|register:IRLOWregister|out_reg[15]  ; top:top_inst|memory:dut_memory|mem_rtl_0_bypass[16]                                                               ; top:top_inst|clk_div:dut_clk_div|out ; top:top_inst|clk_div:dut_clk_div|out ; 0.000        ; 0.061      ; 0.808      ;
; 0.591 ; top:top_inst|cpu:dut_cpu|register:IRLOWregister|out_reg[13]  ; top:top_inst|memory:dut_memory|mem_rtl_0_bypass[14]                                                               ; top:top_inst|clk_div:dut_clk_div|out ; top:top_inst|clk_div:dut_clk_div|out ; 0.000        ; 0.061      ; 0.809      ;
; 0.592 ; top:top_inst|cpu:dut_cpu|register:IRLOWregister|out_reg[8]   ; top:top_inst|memory:dut_memory|mem_rtl_0_bypass[9]                                                                ; top:top_inst|clk_div:dut_clk_div|out ; top:top_inst|clk_div:dut_clk_div|out ; 0.000        ; 0.061      ; 0.810      ;
; 0.596 ; top:top_inst|cpu:dut_cpu|register:PCregister|out_reg[0]      ; top:top_inst|cpu:dut_cpu|register:PCregister|out_reg[0]                                                           ; top:top_inst|clk_div:dut_clk_div|out ; top:top_inst|clk_div:dut_clk_div|out ; 0.000        ; 0.061      ; 0.814      ;
; 0.636 ; top:top_inst|cpu:dut_cpu|register:IRLOWregister|out_reg[1]   ; top:top_inst|memory:dut_memory|mem_rtl_0_bypass[2]                                                                ; top:top_inst|clk_div:dut_clk_div|out ; top:top_inst|clk_div:dut_clk_div|out ; 0.000        ; 0.062      ; 0.855      ;
; 0.673 ; top:top_inst|cpu:dut_cpu|register:IRLOWregister|out_reg[0]   ; top:top_inst|memory:dut_memory|mem_rtl_0_bypass[1]                                                                ; top:top_inst|clk_div:dut_clk_div|out ; top:top_inst|clk_div:dut_clk_div|out ; 0.000        ; 0.061      ; 0.891      ;
; 0.699 ; top:top_inst|cpu:dut_cpu|register:IRLOWregister|out_reg[0]   ; top:top_inst|memory:dut_memory|altsyncram:mem_rtl_0|altsyncram_dke1:auto_generated|ram_block1a0~porta_datain_reg0 ; top:top_inst|clk_div:dut_clk_div|out ; top:top_inst|clk_div:dut_clk_div|out ; 0.000        ; 0.403      ; 1.289      ;
; 0.700 ; top:top_inst|memory:dut_memory|mem_rtl_0_bypass[10]          ; top:top_inst|cpu:dut_cpu|register:IRLOWregister|out_reg[9]                                                        ; top:top_inst|clk_div:dut_clk_div|out ; top:top_inst|clk_div:dut_clk_div|out ; 0.000        ; -0.263     ; 0.594      ;
; 0.778 ; top:top_inst|cpu:dut_cpu|register:IRLOWregister|out_reg[3]   ; top:top_inst|memory:dut_memory|mem_rtl_0_bypass[4]                                                                ; top:top_inst|clk_div:dut_clk_div|out ; top:top_inst|clk_div:dut_clk_div|out ; 0.000        ; 0.443      ; 1.378      ;
; 0.785 ; top:top_inst|cpu:dut_cpu|register:IRLOWregister|out_reg[15]  ; top:top_inst|memory:dut_memory|altsyncram:mem_rtl_0|altsyncram_dke1:auto_generated|ram_block1a0~porta_datain_reg0 ; top:top_inst|clk_div:dut_clk_div|out ; top:top_inst|clk_div:dut_clk_div|out ; 0.000        ; 0.402      ; 1.374      ;
; 0.788 ; top:top_inst|cpu:dut_cpu|register:IRLOWregister|out_reg[13]  ; top:top_inst|memory:dut_memory|altsyncram:mem_rtl_0|altsyncram_dke1:auto_generated|ram_block1a0~porta_datain_reg0 ; top:top_inst|clk_div:dut_clk_div|out ; top:top_inst|clk_div:dut_clk_div|out ; 0.000        ; 0.402      ; 1.377      ;
; 0.807 ; top:top_inst|cpu:dut_cpu|register:IRLOWregister|out_reg[14]  ; top:top_inst|memory:dut_memory|altsyncram:mem_rtl_0|altsyncram_dke1:auto_generated|ram_block1a0~porta_datain_reg0 ; top:top_inst|clk_div:dut_clk_div|out ; top:top_inst|clk_div:dut_clk_div|out ; 0.000        ; 0.402      ; 1.396      ;
; 0.811 ; top:top_inst|cpu:dut_cpu|register:IRLOWregister|out_reg[8]   ; top:top_inst|memory:dut_memory|altsyncram:mem_rtl_0|altsyncram_dke1:auto_generated|ram_block1a0~porta_datain_reg0 ; top:top_inst|clk_div:dut_clk_div|out ; top:top_inst|clk_div:dut_clk_div|out ; 0.000        ; 0.402      ; 1.400      ;
; 0.826 ; top:top_inst|cpu:dut_cpu|state_reg.executing_instruction1    ; top:top_inst|cpu:dut_cpu|state_reg.loading_IR_high                                                                ; top:top_inst|clk_div:dut_clk_div|out ; top:top_inst|clk_div:dut_clk_div|out ; 0.000        ; 0.068      ; 1.051      ;
; 0.842 ; top:top_inst|cpu:dut_cpu|register:Aregister|out_reg[5]       ; top:top_inst|memory:dut_memory|mem_rtl_0_bypass[6]                                                                ; top:top_inst|clk_div:dut_clk_div|out ; top:top_inst|clk_div:dut_clk_div|out ; 0.000        ; 0.062      ; 1.061      ;
; 0.848 ; top:top_inst|cpu:dut_cpu|register:Aregister|out_reg[12]      ; top:top_inst|memory:dut_memory|mem_rtl_0_bypass[13]                                                               ; top:top_inst|clk_div:dut_clk_div|out ; top:top_inst|clk_div:dut_clk_div|out ; 0.000        ; 0.061      ; 1.066      ;
; 0.848 ; top:top_inst|cpu:dut_cpu|register:PCregister|out_reg[3]      ; top:top_inst|cpu:dut_cpu|register:PCregister|out_reg[4]                                                           ; top:top_inst|clk_div:dut_clk_div|out ; top:top_inst|clk_div:dut_clk_div|out ; 0.000        ; 0.061      ; 1.066      ;
; 0.848 ; top:top_inst|cpu:dut_cpu|register:PCregister|out_reg[1]      ; top:top_inst|cpu:dut_cpu|register:PCregister|out_reg[2]                                                           ; top:top_inst|clk_div:dut_clk_div|out ; top:top_inst|clk_div:dut_clk_div|out ; 0.000        ; 0.061      ; 1.066      ;
; 0.855 ; top:top_inst|cpu:dut_cpu|register:Aregister|out_reg[7]       ; top:top_inst|memory:dut_memory|mem_rtl_0_bypass[8]                                                                ; top:top_inst|clk_div:dut_clk_div|out ; top:top_inst|clk_div:dut_clk_div|out ; 0.000        ; 0.393      ; 1.405      ;
; 0.860 ; top:top_inst|cpu:dut_cpu|register:PCregister|out_reg[4]      ; top:top_inst|cpu:dut_cpu|register:PCregister|out_reg[5]                                                           ; top:top_inst|clk_div:dut_clk_div|out ; top:top_inst|clk_div:dut_clk_div|out ; 0.000        ; 0.061      ; 1.078      ;
; 0.862 ; top:top_inst|cpu:dut_cpu|register:PCregister|out_reg[2]      ; top:top_inst|cpu:dut_cpu|register:PCregister|out_reg[3]                                                           ; top:top_inst|clk_div:dut_clk_div|out ; top:top_inst|clk_div:dut_clk_div|out ; 0.000        ; 0.061      ; 1.080      ;
; 0.863 ; top:top_inst|cpu:dut_cpu|register:PCregister|out_reg[0]      ; top:top_inst|cpu:dut_cpu|register:PCregister|out_reg[1]                                                           ; top:top_inst|clk_div:dut_clk_div|out ; top:top_inst|clk_div:dut_clk_div|out ; 0.000        ; 0.061      ; 1.081      ;
; 0.864 ; top:top_inst|cpu:dut_cpu|register:PCregister|out_reg[2]      ; top:top_inst|cpu:dut_cpu|register:PCregister|out_reg[4]                                                           ; top:top_inst|clk_div:dut_clk_div|out ; top:top_inst|clk_div:dut_clk_div|out ; 0.000        ; 0.061      ; 1.082      ;
; 0.865 ; top:top_inst|cpu:dut_cpu|register:PCregister|out_reg[0]      ; top:top_inst|cpu:dut_cpu|register:PCregister|out_reg[2]                                                           ; top:top_inst|clk_div:dut_clk_div|out ; top:top_inst|clk_div:dut_clk_div|out ; 0.000        ; 0.061      ; 1.083      ;
; 0.867 ; top:top_inst|memory:dut_memory|mem_rtl_0_bypass[8]           ; top:top_inst|cpu:dut_cpu|register:IRLOWregister|out_reg[7]                                                        ; top:top_inst|clk_div:dut_clk_div|out ; top:top_inst|clk_div:dut_clk_div|out ; 0.000        ; -0.256     ; 0.768      ;
; 0.900 ; top:top_inst|cpu:dut_cpu|register:IRLOWregister|out_reg[1]   ; top:top_inst|memory:dut_memory|altsyncram:mem_rtl_0|altsyncram_dke1:auto_generated|ram_block1a0~porta_datain_reg0 ; top:top_inst|clk_div:dut_clk_div|out ; top:top_inst|clk_div:dut_clk_div|out ; 0.000        ; 0.380      ; 1.467      ;
; 0.931 ; top:top_inst|cpu:dut_cpu|register:IRLOWregister|out_reg[6]   ; top:top_inst|memory:dut_memory|altsyncram:mem_rtl_0|altsyncram_dke1:auto_generated|ram_block1a0~porta_datain_reg0 ; top:top_inst|clk_div:dut_clk_div|out ; top:top_inst|clk_div:dut_clk_div|out ; 0.000        ; 0.403      ; 1.521      ;
; 0.948 ; top:top_inst|cpu:dut_cpu|register:IRLOWregister|out_reg[7]   ; top:top_inst|memory:dut_memory|mem_rtl_0_bypass[8]                                                                ; top:top_inst|clk_div:dut_clk_div|out ; top:top_inst|clk_div:dut_clk_div|out ; 0.000        ; 0.393      ; 1.498      ;
; 0.958 ; top:top_inst|cpu:dut_cpu|register:PCregister|out_reg[3]      ; top:top_inst|cpu:dut_cpu|register:PCregister|out_reg[5]                                                           ; top:top_inst|clk_div:dut_clk_div|out ; top:top_inst|clk_div:dut_clk_div|out ; 0.000        ; 0.061      ; 1.176      ;
; 0.958 ; top:top_inst|cpu:dut_cpu|register:PCregister|out_reg[1]      ; top:top_inst|cpu:dut_cpu|register:PCregister|out_reg[3]                                                           ; top:top_inst|clk_div:dut_clk_div|out ; top:top_inst|clk_div:dut_clk_div|out ; 0.000        ; 0.061      ; 1.176      ;
; 0.960 ; top:top_inst|cpu:dut_cpu|register:PCregister|out_reg[1]      ; top:top_inst|cpu:dut_cpu|register:PCregister|out_reg[4]                                                           ; top:top_inst|clk_div:dut_clk_div|out ; top:top_inst|clk_div:dut_clk_div|out ; 0.000        ; 0.061      ; 1.178      ;
; 0.966 ; top:top_inst|memory:dut_memory|mem_rtl_0_bypass[0]           ; top:top_inst|cpu:dut_cpu|register:IRLOWregister|out_reg[9]                                                        ; top:top_inst|clk_div:dut_clk_div|out ; top:top_inst|clk_div:dut_clk_div|out ; 0.000        ; 0.060      ; 1.183      ;
; 0.974 ; top:top_inst|cpu:dut_cpu|register:PCregister|out_reg[2]      ; top:top_inst|cpu:dut_cpu|register:PCregister|out_reg[5]                                                           ; top:top_inst|clk_div:dut_clk_div|out ; top:top_inst|clk_div:dut_clk_div|out ; 0.000        ; 0.061      ; 1.192      ;
; 0.975 ; top:top_inst|cpu:dut_cpu|register:PCregister|out_reg[0]      ; top:top_inst|cpu:dut_cpu|register:PCregister|out_reg[3]                                                           ; top:top_inst|clk_div:dut_clk_div|out ; top:top_inst|clk_div:dut_clk_div|out ; 0.000        ; 0.061      ; 1.193      ;
; 0.977 ; top:top_inst|cpu:dut_cpu|register:PCregister|out_reg[0]      ; top:top_inst|cpu:dut_cpu|register:PCregister|out_reg[4]                                                           ; top:top_inst|clk_div:dut_clk_div|out ; top:top_inst|clk_div:dut_clk_div|out ; 0.000        ; 0.061      ; 1.195      ;
; 0.980 ; top:top_inst|cpu:dut_cpu|state_reg.loading_IR_high           ; top:top_inst|cpu:dut_cpu|state_reg.executing_instruction1                                                         ; top:top_inst|clk_div:dut_clk_div|out ; top:top_inst|clk_div:dut_clk_div|out ; 0.000        ; 0.084      ; 1.221      ;
; 0.989 ; top:top_inst|memory:dut_memory|mem_rtl_0_bypass[13]          ; top:top_inst|cpu:dut_cpu|register:IRLOWregister|out_reg[12]                                                       ; top:top_inst|clk_div:dut_clk_div|out ; top:top_inst|clk_div:dut_clk_div|out ; 0.000        ; 0.064      ; 1.210      ;
; 0.990 ; top:top_inst|memory:dut_memory|mem_rtl_0_bypass[2]           ; top:top_inst|cpu:dut_cpu|register:FirstOPregister|out_reg[1]~_Duplicate_1                                         ; top:top_inst|clk_div:dut_clk_div|out ; top:top_inst|clk_div:dut_clk_div|out ; 0.000        ; 0.057      ; 1.204      ;
; 0.995 ; top:top_inst|memory:dut_memory|mem_rtl_0_bypass[3]           ; top:top_inst|cpu:dut_cpu|register:FirstOPregister|out_reg[2]~_Duplicate_1                                         ; top:top_inst|clk_div:dut_clk_div|out ; top:top_inst|clk_div:dut_clk_div|out ; 0.000        ; 0.057      ; 1.209      ;
; 1.004 ; top:top_inst|cpu:dut_cpu|state_reg.reading_instruction       ; top:top_inst|cpu:dut_cpu|state_reg.reading_instruction                                                            ; top:top_inst|clk_div:dut_clk_div|out ; top:top_inst|clk_div:dut_clk_div|out ; 0.000        ; 0.062      ; 1.223      ;
; 1.007 ; top:top_inst|memory:dut_memory|mem_rtl_0_bypass[0]           ; top:top_inst|cpu:dut_cpu|register:IRLOWregister|out_reg[4]                                                        ; top:top_inst|clk_div:dut_clk_div|out ; top:top_inst|clk_div:dut_clk_div|out ; 0.000        ; 0.057      ; 1.221      ;
; 1.019 ; top:top_inst|cpu:dut_cpu|register:Aregister|out_reg[4]       ; top:top_inst|memory:dut_memory|mem_rtl_0_bypass[5]                                                                ; top:top_inst|clk_div:dut_clk_div|out ; top:top_inst|clk_div:dut_clk_div|out ; 0.000        ; 0.062      ; 1.238      ;
; 1.030 ; top:top_inst|cpu:dut_cpu|register:IRLOWregister|out_reg[11]  ; top:top_inst|memory:dut_memory|mem_rtl_0_bypass[12]                                                               ; top:top_inst|clk_div:dut_clk_div|out ; top:top_inst|clk_div:dut_clk_div|out ; 0.000        ; 0.054      ; 1.241      ;
; 1.065 ; top:top_inst|cpu:dut_cpu|state_reg.executing_instruction1    ; top:top_inst|cpu:dut_cpu|register:Aregister|out_reg[3]                                                            ; top:top_inst|clk_div:dut_clk_div|out ; top:top_inst|clk_div:dut_clk_div|out ; 0.000        ; 0.068      ; 1.290      ;
; 1.065 ; top:top_inst|cpu:dut_cpu|state_reg.executing_instruction1    ; top:top_inst|cpu:dut_cpu|register:Aregister|out_reg[9]                                                            ; top:top_inst|clk_div:dut_clk_div|out ; top:top_inst|clk_div:dut_clk_div|out ; 0.000        ; 0.068      ; 1.290      ;
; 1.070 ; top:top_inst|cpu:dut_cpu|register:PCregister|out_reg[1]      ; top:top_inst|cpu:dut_cpu|register:PCregister|out_reg[5]                                                           ; top:top_inst|clk_div:dut_clk_div|out ; top:top_inst|clk_div:dut_clk_div|out ; 0.000        ; 0.061      ; 1.288      ;
; 1.087 ; top:top_inst|cpu:dut_cpu|register:PCregister|out_reg[0]      ; top:top_inst|cpu:dut_cpu|register:PCregister|out_reg[5]                                                           ; top:top_inst|clk_div:dut_clk_div|out ; top:top_inst|clk_div:dut_clk_div|out ; 0.000        ; 0.061      ; 1.305      ;
; 1.094 ; top:top_inst|memory:dut_memory|mem_rtl_0_bypass[0]           ; top:top_inst|cpu:dut_cpu|register:IRLOWregister|out_reg[14]                                                       ; top:top_inst|clk_div:dut_clk_div|out ; top:top_inst|clk_div:dut_clk_div|out ; 0.000        ; 0.065      ; 1.316      ;
; 1.096 ; top:top_inst|memory:dut_memory|mem_rtl_0_bypass[0]           ; top:top_inst|cpu:dut_cpu|register:IRLOWregister|out_reg[15]                                                       ; top:top_inst|clk_div:dut_clk_div|out ; top:top_inst|clk_div:dut_clk_div|out ; 0.000        ; 0.065      ; 1.318      ;
; 1.112 ; top:top_inst|cpu:dut_cpu|register:IRLOWregister|out_reg[5]   ; top:top_inst|memory:dut_memory|mem_rtl_0_bypass[6]                                                                ; top:top_inst|clk_div:dut_clk_div|out ; top:top_inst|clk_div:dut_clk_div|out ; 0.000        ; -0.287     ; 0.982      ;
; 1.128 ; top:top_inst|memory:dut_memory|mem_rtl_0_bypass[0]           ; top:top_inst|cpu:dut_cpu|register:IRLOWregister|out_reg[7]                                                        ; top:top_inst|clk_div:dut_clk_div|out ; top:top_inst|clk_div:dut_clk_div|out ; 0.000        ; 0.065      ; 1.350      ;
; 1.131 ; top:top_inst|cpu:dut_cpu|register:Aregister|out_reg[8]       ; top:top_inst|memory:dut_memory|mem_rtl_0_bypass[9]                                                                ; top:top_inst|clk_div:dut_clk_div|out ; top:top_inst|clk_div:dut_clk_div|out ; 0.000        ; 0.062      ; 1.350      ;
; 1.149 ; top:top_inst|cpu:dut_cpu|register:IRLOWregister|out_reg[12]  ; top:top_inst|memory:dut_memory|mem_rtl_0_bypass[13]                                                               ; top:top_inst|clk_div:dut_clk_div|out ; top:top_inst|clk_div:dut_clk_div|out ; 0.000        ; 0.059      ; 1.365      ;
; 1.156 ; top:top_inst|cpu:dut_cpu|register:Aregister|out_reg[9]       ; top:top_inst|memory:dut_memory|mem_rtl_0_bypass[10]                                                               ; top:top_inst|clk_div:dut_clk_div|out ; top:top_inst|clk_div:dut_clk_div|out ; 0.000        ; 0.421      ; 1.734      ;
; 1.156 ; top:top_inst|cpu:dut_cpu|register:Aregister|out_reg[6]       ; top:top_inst|memory:dut_memory|mem_rtl_0_bypass[7]                                                                ; top:top_inst|clk_div:dut_clk_div|out ; top:top_inst|clk_div:dut_clk_div|out ; 0.000        ; 0.063      ; 1.376      ;
; 1.159 ; top:top_inst|cpu:dut_cpu|register:Aregister|out_reg[14]      ; top:top_inst|memory:dut_memory|mem_rtl_0_bypass[15]                                                               ; top:top_inst|clk_div:dut_clk_div|out ; top:top_inst|clk_div:dut_clk_div|out ; 0.000        ; 0.062      ; 1.378      ;
; 1.165 ; top:top_inst|cpu:dut_cpu|register:IRLOWregister|out_reg[10]  ; top:top_inst|memory:dut_memory|altsyncram:mem_rtl_0|altsyncram_dke1:auto_generated|ram_block1a0~porta_datain_reg0 ; top:top_inst|clk_div:dut_clk_div|out ; top:top_inst|clk_div:dut_clk_div|out ; 0.000        ; 0.401      ; 1.753      ;
; 1.172 ; top:top_inst|memory:dut_memory|mem_rtl_0_bypass[9]           ; top:top_inst|cpu:dut_cpu|register:Aregister|out_reg[8]                                                            ; top:top_inst|clk_div:dut_clk_div|out ; top:top_inst|clk_div:dut_clk_div|out ; 0.000        ; 0.060      ; 1.389      ;
; 1.179 ; top:top_inst|cpu:dut_cpu|register:IRLOWregister|out_reg[2]   ; top:top_inst|memory:dut_memory|mem_rtl_0_bypass[3]                                                                ; top:top_inst|clk_div:dut_clk_div|out ; top:top_inst|clk_div:dut_clk_div|out ; 0.000        ; 0.085      ; 1.421      ;
; 1.181 ; top:top_inst|memory:dut_memory|mem_rtl_0_bypass[0]           ; top:top_inst|cpu:dut_cpu|register:FirstOPregister|out_reg[0]~_Duplicate_1                                         ; top:top_inst|clk_div:dut_clk_div|out ; top:top_inst|clk_div:dut_clk_div|out ; 0.000        ; 0.055      ; 1.393      ;
; 1.181 ; top:top_inst|memory:dut_memory|mem_rtl_0_bypass[0]           ; top:top_inst|cpu:dut_cpu|register:FirstOPregister|out_reg[1]~_Duplicate_1                                         ; top:top_inst|clk_div:dut_clk_div|out ; top:top_inst|clk_div:dut_clk_div|out ; 0.000        ; 0.055      ; 1.393      ;
; 1.181 ; top:top_inst|memory:dut_memory|mem_rtl_0_bypass[0]           ; top:top_inst|cpu:dut_cpu|register:FirstOPregister|out_reg[2]~_Duplicate_1                                         ; top:top_inst|clk_div:dut_clk_div|out ; top:top_inst|clk_div:dut_clk_div|out ; 0.000        ; 0.055      ; 1.393      ;
; 1.200 ; top:top_inst|cpu:dut_cpu|register:Aregister|out_reg[12]      ; top:top_inst|memory:dut_memory|altsyncram:mem_rtl_0|altsyncram_dke1:auto_generated|ram_block1a0~porta_datain_reg0 ; top:top_inst|clk_div:dut_clk_div|out ; top:top_inst|clk_div:dut_clk_div|out ; 0.000        ; 0.403      ; 1.790      ;
; 1.202 ; top:top_inst|cpu:dut_cpu|state_reg.executing_instruction1    ; top:top_inst|cpu:dut_cpu|state_reg.stop_state                                                                     ; top:top_inst|clk_div:dut_clk_div|out ; top:top_inst|clk_div:dut_clk_div|out ; 0.000        ; 0.067      ; 1.426      ;
; 1.202 ; top:top_inst|cpu:dut_cpu|register:IRHIGHregister|out_reg[15] ; top:top_inst|cpu:dut_cpu|register:Aregister|out_reg[3]                                                            ; top:top_inst|clk_div:dut_clk_div|out ; top:top_inst|clk_div:dut_clk_div|out ; 0.000        ; 0.066      ; 1.425      ;
; 1.216 ; top:top_inst|cpu:dut_cpu|register:Aregister|out_reg[15]      ; top:top_inst|memory:dut_memory|mem_rtl_0_bypass[16]                                                               ; top:top_inst|clk_div:dut_clk_div|out ; top:top_inst|clk_div:dut_clk_div|out ; 0.000        ; 0.062      ; 1.435      ;
; 1.247 ; top:top_inst|cpu:dut_cpu|register:IRHIGHregister|out_reg[14] ; top:top_inst|cpu:dut_cpu|cnt_step_reg[2]                                                                          ; top:top_inst|clk_div:dut_clk_div|out ; top:top_inst|clk_div:dut_clk_div|out ; 0.000        ; 0.064      ; 1.468      ;
; 1.255 ; top:top_inst|cpu:dut_cpu|register:IRHIGHregister|out_reg[14] ; top:top_inst|cpu:dut_cpu|cnt_step_reg[1]                                                                          ; top:top_inst|clk_div:dut_clk_div|out ; top:top_inst|clk_div:dut_clk_div|out ; 0.000        ; 0.064      ; 1.476      ;
; 1.256 ; top:top_inst|memory:dut_memory|mem_rtl_0_bypass[7]           ; top:top_inst|cpu:dut_cpu|register:SecondOPregister|out_reg[6]                                                     ; top:top_inst|clk_div:dut_clk_div|out ; top:top_inst|clk_div:dut_clk_div|out ; 0.000        ; 0.063      ; 1.476      ;
; 1.264 ; top:top_inst|cpu:dut_cpu|register:Aregister|out_reg[4]       ; top:top_inst|memory:dut_memory|altsyncram:mem_rtl_0|altsyncram_dke1:auto_generated|ram_block1a0~porta_datain_reg0 ; top:top_inst|clk_div:dut_clk_div|out ; top:top_inst|clk_div:dut_clk_div|out ; 0.000        ; 0.379      ; 1.830      ;
; 1.297 ; top:top_inst|cpu:dut_cpu|register:IRHIGHregister|out_reg[14] ; top:top_inst|cpu:dut_cpu|register:Aregister|out_reg[0]                                                            ; top:top_inst|clk_div:dut_clk_div|out ; top:top_inst|clk_div:dut_clk_div|out ; 0.000        ; 0.058      ; 1.512      ;
; 1.311 ; top:top_inst|memory:dut_memory|mem_rtl_0_bypass[0]           ; top:top_inst|cpu:dut_cpu|register:IRLOWregister|out_reg[13]                                                       ; top:top_inst|clk_div:dut_clk_div|out ; top:top_inst|clk_div:dut_clk_div|out ; 0.000        ; 0.065      ; 1.533      ;
; 1.313 ; top:top_inst|memory:dut_memory|mem_rtl_0_bypass[0]           ; top:top_inst|cpu:dut_cpu|register:IRLOWregister|out_reg[8]                                                        ; top:top_inst|clk_div:dut_clk_div|out ; top:top_inst|clk_div:dut_clk_div|out ; 0.000        ; 0.065      ; 1.535      ;
; 1.315 ; top:top_inst|memory:dut_memory|mem_rtl_0_bypass[0]           ; top:top_inst|cpu:dut_cpu|register:IRLOWregister|out_reg[11]                                                       ; top:top_inst|clk_div:dut_clk_div|out ; top:top_inst|clk_div:dut_clk_div|out ; 0.000        ; 0.065      ; 1.537      ;
; 1.326 ; top:top_inst|cpu:dut_cpu|register:IRLOWregister|out_reg[4]   ; top:top_inst|memory:dut_memory|mem_rtl_0_bypass[5]                                                                ; top:top_inst|clk_div:dut_clk_div|out ; top:top_inst|clk_div:dut_clk_div|out ; 0.000        ; 0.066      ; 1.549      ;
; 1.332 ; top:top_inst|memory:dut_memory|mem_rtl_0_bypass[6]           ; top:top_inst|cpu:dut_cpu|register:IRLOWregister|out_reg[5]                                                        ; top:top_inst|clk_div:dut_clk_div|out ; top:top_inst|clk_div:dut_clk_div|out ; 0.000        ; 0.455      ; 1.944      ;
; 1.334 ; top:top_inst|cpu:dut_cpu|state_reg.executing_instruction1    ; top:top_inst|memory:dut_memory|mem_rtl_0_bypass[4]                                                                ; top:top_inst|clk_div:dut_clk_div|out ; top:top_inst|clk_div:dut_clk_div|out ; 0.000        ; 0.420      ; 1.911      ;
; 1.334 ; top:top_inst|cpu:dut_cpu|state_reg.loading_IR_high           ; top:top_inst|cpu:dut_cpu|register:IRHIGHregister|out_reg[9]                                                       ; top:top_inst|clk_div:dut_clk_div|out ; top:top_inst|clk_div:dut_clk_div|out ; 0.000        ; 0.061      ; 1.552      ;
; 1.345 ; top:top_inst|cpu:dut_cpu|register:IRHIGHregister|out_reg[11] ; top:top_inst|cpu:dut_cpu|state_reg.executing_MOV                                                                  ; top:top_inst|clk_div:dut_clk_div|out ; top:top_inst|clk_div:dut_clk_div|out ; 0.000        ; 0.065      ; 1.567      ;
; 1.350 ; top:top_inst|memory:dut_memory|mem_rtl_0_bypass[0]           ; top:top_inst|cpu:dut_cpu|register:IRLOWregister|out_reg[6]                                                        ; top:top_inst|clk_div:dut_clk_div|out ; top:top_inst|clk_div:dut_clk_div|out ; 0.000        ; 0.064      ; 1.571      ;
+-------+--------------------------------------------------------------+-------------------------------------------------------------------------------------------------------------------+--------------------------------------+--------------------------------------+--------------+------------+------------+


+---------------------------------------------------------------------------------------------------------------------------------------------------------------------------+
; Slow 1200mV 85C Model Hold: 'CLOCK_50'                                                                                                                                    ;
+-------+----------------------------------------------+----------------------------------------------+--------------+-------------+--------------+------------+------------+
; Slack ; From Node                                    ; To Node                                      ; Launch Clock ; Latch Clock ; Relationship ; Clock Skew ; Data Delay ;
+-------+----------------------------------------------+----------------------------------------------+--------------+-------------+--------------+------------+------------+
; 0.481 ; top:top_inst|clk_div:dut_clk_div|counter[20] ; top:top_inst|clk_div:dut_clk_div|counter[21] ; CLOCK_50     ; CLOCK_50    ; 0.000        ; 0.428      ; 1.066      ;
; 0.484 ; top:top_inst|clk_div:dut_clk_div|counter[22] ; top:top_inst|clk_div:dut_clk_div|counter[23] ; CLOCK_50     ; CLOCK_50    ; 0.000        ; 0.428      ; 1.069      ;
; 0.486 ; top:top_inst|clk_div:dut_clk_div|counter[22] ; top:top_inst|clk_div:dut_clk_div|counter[24] ; CLOCK_50     ; CLOCK_50    ; 0.000        ; 0.428      ; 1.071      ;
; 0.494 ; top:top_inst|clk_div:dut_clk_div|counter[14] ; top:top_inst|clk_div:dut_clk_div|counter[16] ; CLOCK_50     ; CLOCK_50    ; 0.000        ; 0.428      ; 1.079      ;
; 0.543 ; top:top_inst|clk_div:dut_clk_div|counter[19] ; top:top_inst|clk_div:dut_clk_div|counter[19] ; CLOCK_50     ; CLOCK_50    ; 0.000        ; 0.076      ; 0.776      ;
; 0.547 ; top:top_inst|clk_div:dut_clk_div|counter[21] ; top:top_inst|clk_div:dut_clk_div|counter[21] ; CLOCK_50     ; CLOCK_50    ; 0.000        ; 0.076      ; 0.780      ;
; 0.555 ; top:top_inst|clk_div:dut_clk_div|counter[17] ; top:top_inst|clk_div:dut_clk_div|counter[17] ; CLOCK_50     ; CLOCK_50    ; 0.000        ; 0.076      ; 0.788      ;
; 0.556 ; top:top_inst|clk_div:dut_clk_div|counter[27] ; top:top_inst|clk_div:dut_clk_div|counter[27] ; CLOCK_50     ; CLOCK_50    ; 0.000        ; 0.076      ; 0.789      ;
; 0.556 ; top:top_inst|clk_div:dut_clk_div|counter[25] ; top:top_inst|clk_div:dut_clk_div|counter[25] ; CLOCK_50     ; CLOCK_50    ; 0.000        ; 0.076      ; 0.789      ;
; 0.557 ; top:top_inst|clk_div:dut_clk_div|counter[1]  ; top:top_inst|clk_div:dut_clk_div|counter[1]  ; CLOCK_50     ; CLOCK_50    ; 0.000        ; 0.061      ; 0.775      ;
; 0.558 ; top:top_inst|clk_div:dut_clk_div|counter[23] ; top:top_inst|clk_div:dut_clk_div|counter[23] ; CLOCK_50     ; CLOCK_50    ; 0.000        ; 0.076      ; 0.791      ;
; 0.559 ; top:top_inst|clk_div:dut_clk_div|counter[16] ; top:top_inst|clk_div:dut_clk_div|counter[16] ; CLOCK_50     ; CLOCK_50    ; 0.000        ; 0.076      ; 0.792      ;
; 0.560 ; top:top_inst|clk_div:dut_clk_div|counter[18] ; top:top_inst|clk_div:dut_clk_div|counter[18] ; CLOCK_50     ; CLOCK_50    ; 0.000        ; 0.076      ; 0.793      ;
; 0.560 ; top:top_inst|clk_div:dut_clk_div|counter[20] ; top:top_inst|clk_div:dut_clk_div|counter[20] ; CLOCK_50     ; CLOCK_50    ; 0.000        ; 0.061      ; 0.778      ;
; 0.560 ; top:top_inst|clk_div:dut_clk_div|counter[26] ; top:top_inst|clk_div:dut_clk_div|counter[26] ; CLOCK_50     ; CLOCK_50    ; 0.000        ; 0.076      ; 0.793      ;
; 0.561 ; top:top_inst|clk_div:dut_clk_div|counter[7]  ; top:top_inst|clk_div:dut_clk_div|counter[7]  ; CLOCK_50     ; CLOCK_50    ; 0.000        ; 0.061      ; 0.779      ;
; 0.561 ; top:top_inst|clk_div:dut_clk_div|counter[24] ; top:top_inst|clk_div:dut_clk_div|counter[24] ; CLOCK_50     ; CLOCK_50    ; 0.000        ; 0.076      ; 0.794      ;
; 0.564 ; top:top_inst|clk_div:dut_clk_div|counter[22] ; top:top_inst|clk_div:dut_clk_div|counter[22] ; CLOCK_50     ; CLOCK_50    ; 0.000        ; 0.061      ; 0.782      ;
; 0.569 ; top:top_inst|clk_div:dut_clk_div|counter[13] ; top:top_inst|clk_div:dut_clk_div|counter[13] ; CLOCK_50     ; CLOCK_50    ; 0.000        ; 0.061      ; 0.787      ;
; 0.572 ; top:top_inst|clk_div:dut_clk_div|counter[5]  ; top:top_inst|clk_div:dut_clk_div|counter[5]  ; CLOCK_50     ; CLOCK_50    ; 0.000        ; 0.061      ; 0.790      ;
; 0.572 ; top:top_inst|clk_div:dut_clk_div|counter[14] ; top:top_inst|clk_div:dut_clk_div|counter[14] ; CLOCK_50     ; CLOCK_50    ; 0.000        ; 0.061      ; 0.790      ;
; 0.573 ; top:top_inst|clk_div:dut_clk_div|counter[12] ; top:top_inst|clk_div:dut_clk_div|counter[12] ; CLOCK_50     ; CLOCK_50    ; 0.000        ; 0.061      ; 0.791      ;
; 0.574 ; top:top_inst|clk_div:dut_clk_div|counter[2]  ; top:top_inst|clk_div:dut_clk_div|counter[2]  ; CLOCK_50     ; CLOCK_50    ; 0.000        ; 0.061      ; 0.792      ;
; 0.581 ; top:top_inst|clk_div:dut_clk_div|counter[0]  ; top:top_inst|clk_div:dut_clk_div|counter[0]  ; CLOCK_50     ; CLOCK_50    ; 0.000        ; 0.061      ; 0.799      ;
; 0.582 ; top:top_inst|clk_div:dut_clk_div|counter[6]  ; top:top_inst|clk_div:dut_clk_div|counter[6]  ; CLOCK_50     ; CLOCK_50    ; 0.000        ; 0.061      ; 0.800      ;
; 0.588 ; top:top_inst|clk_div:dut_clk_div|counter[11] ; top:top_inst|clk_div:dut_clk_div|counter[11] ; CLOCK_50     ; CLOCK_50    ; 0.000        ; 0.061      ; 0.806      ;
; 0.591 ; top:top_inst|clk_div:dut_clk_div|counter[13] ; top:top_inst|clk_div:dut_clk_div|counter[16] ; CLOCK_50     ; CLOCK_50    ; 0.000        ; 0.426      ; 1.174      ;
; 0.593 ; top:top_inst|clk_div:dut_clk_div|counter[20] ; top:top_inst|clk_div:dut_clk_div|counter[23] ; CLOCK_50     ; CLOCK_50    ; 0.000        ; 0.428      ; 1.178      ;
; 0.595 ; top:top_inst|clk_div:dut_clk_div|counter[20] ; top:top_inst|clk_div:dut_clk_div|counter[24] ; CLOCK_50     ; CLOCK_50    ; 0.000        ; 0.428      ; 1.180      ;
; 0.596 ; top:top_inst|clk_div:dut_clk_div|counter[22] ; top:top_inst|clk_div:dut_clk_div|counter[25] ; CLOCK_50     ; CLOCK_50    ; 0.000        ; 0.428      ; 1.181      ;
; 0.598 ; top:top_inst|clk_div:dut_clk_div|counter[22] ; top:top_inst|clk_div:dut_clk_div|counter[26] ; CLOCK_50     ; CLOCK_50    ; 0.000        ; 0.428      ; 1.183      ;
; 0.604 ; top:top_inst|clk_div:dut_clk_div|counter[14] ; top:top_inst|clk_div:dut_clk_div|counter[17] ; CLOCK_50     ; CLOCK_50    ; 0.000        ; 0.428      ; 1.189      ;
; 0.606 ; top:top_inst|clk_div:dut_clk_div|counter[14] ; top:top_inst|clk_div:dut_clk_div|counter[18] ; CLOCK_50     ; CLOCK_50    ; 0.000        ; 0.428      ; 1.191      ;
; 0.609 ; top:top_inst|clk_div:dut_clk_div|counter[12] ; top:top_inst|clk_div:dut_clk_div|counter[16] ; CLOCK_50     ; CLOCK_50    ; 0.000        ; 0.426      ; 1.192      ;
; 0.700 ; top:top_inst|clk_div:dut_clk_div|counter[10] ; top:top_inst|clk_div:dut_clk_div|counter[10] ; CLOCK_50     ; CLOCK_50    ; 0.000        ; 0.061      ; 0.918      ;
; 0.701 ; top:top_inst|clk_div:dut_clk_div|counter[13] ; top:top_inst|clk_div:dut_clk_div|counter[17] ; CLOCK_50     ; CLOCK_50    ; 0.000        ; 0.426      ; 1.284      ;
; 0.703 ; top:top_inst|clk_div:dut_clk_div|counter[13] ; top:top_inst|clk_div:dut_clk_div|counter[18] ; CLOCK_50     ; CLOCK_50    ; 0.000        ; 0.426      ; 1.286      ;
; 0.705 ; top:top_inst|clk_div:dut_clk_div|counter[9]  ; top:top_inst|clk_div:dut_clk_div|counter[9]  ; CLOCK_50     ; CLOCK_50    ; 0.000        ; 0.061      ; 0.923      ;
; 0.705 ; top:top_inst|clk_div:dut_clk_div|counter[20] ; top:top_inst|clk_div:dut_clk_div|counter[25] ; CLOCK_50     ; CLOCK_50    ; 0.000        ; 0.428      ; 1.290      ;
; 0.707 ; top:top_inst|clk_div:dut_clk_div|counter[20] ; top:top_inst|clk_div:dut_clk_div|counter[26] ; CLOCK_50     ; CLOCK_50    ; 0.000        ; 0.428      ; 1.292      ;
; 0.708 ; top:top_inst|clk_div:dut_clk_div|counter[8]  ; top:top_inst|clk_div:dut_clk_div|counter[8]  ; CLOCK_50     ; CLOCK_50    ; 0.000        ; 0.061      ; 0.926      ;
; 0.708 ; top:top_inst|clk_div:dut_clk_div|counter[22] ; top:top_inst|clk_div:dut_clk_div|counter[27] ; CLOCK_50     ; CLOCK_50    ; 0.000        ; 0.428      ; 1.293      ;
; 0.716 ; top:top_inst|clk_div:dut_clk_div|counter[14] ; top:top_inst|clk_div:dut_clk_div|counter[19] ; CLOCK_50     ; CLOCK_50    ; 0.000        ; 0.428      ; 1.301      ;
; 0.719 ; top:top_inst|clk_div:dut_clk_div|counter[12] ; top:top_inst|clk_div:dut_clk_div|counter[17] ; CLOCK_50     ; CLOCK_50    ; 0.000        ; 0.426      ; 1.302      ;
; 0.721 ; top:top_inst|clk_div:dut_clk_div|counter[12] ; top:top_inst|clk_div:dut_clk_div|counter[18] ; CLOCK_50     ; CLOCK_50    ; 0.000        ; 0.426      ; 1.304      ;
; 0.722 ; top:top_inst|clk_div:dut_clk_div|counter[11] ; top:top_inst|clk_div:dut_clk_div|counter[16] ; CLOCK_50     ; CLOCK_50    ; 0.000        ; 0.426      ; 1.305      ;
; 0.813 ; top:top_inst|clk_div:dut_clk_div|counter[13] ; top:top_inst|clk_div:dut_clk_div|counter[19] ; CLOCK_50     ; CLOCK_50    ; 0.000        ; 0.426      ; 1.396      ;
; 0.817 ; top:top_inst|clk_div:dut_clk_div|counter[20] ; top:top_inst|clk_div:dut_clk_div|counter[27] ; CLOCK_50     ; CLOCK_50    ; 0.000        ; 0.428      ; 1.402      ;
; 0.828 ; top:top_inst|clk_div:dut_clk_div|counter[14] ; top:top_inst|clk_div:dut_clk_div|counter[21] ; CLOCK_50     ; CLOCK_50    ; 0.000        ; 0.428      ; 1.413      ;
; 0.830 ; top:top_inst|clk_div:dut_clk_div|counter[17] ; top:top_inst|clk_div:dut_clk_div|counter[18] ; CLOCK_50     ; CLOCK_50    ; 0.000        ; 0.076      ; 1.063      ;
; 0.831 ; top:top_inst|clk_div:dut_clk_div|counter[25] ; top:top_inst|clk_div:dut_clk_div|counter[26] ; CLOCK_50     ; CLOCK_50    ; 0.000        ; 0.076      ; 1.064      ;
; 0.831 ; top:top_inst|clk_div:dut_clk_div|counter[12] ; top:top_inst|clk_div:dut_clk_div|counter[19] ; CLOCK_50     ; CLOCK_50    ; 0.000        ; 0.426      ; 1.414      ;
; 0.832 ; top:top_inst|clk_div:dut_clk_div|counter[23] ; top:top_inst|clk_div:dut_clk_div|counter[24] ; CLOCK_50     ; CLOCK_50    ; 0.000        ; 0.076      ; 1.065      ;
; 0.832 ; top:top_inst|clk_div:dut_clk_div|counter[1]  ; top:top_inst|clk_div:dut_clk_div|counter[2]  ; CLOCK_50     ; CLOCK_50    ; 0.000        ; 0.061      ; 1.050      ;
; 0.832 ; top:top_inst|clk_div:dut_clk_div|counter[11] ; top:top_inst|clk_div:dut_clk_div|counter[17] ; CLOCK_50     ; CLOCK_50    ; 0.000        ; 0.426      ; 1.415      ;
; 0.834 ; top:top_inst|clk_div:dut_clk_div|counter[11] ; top:top_inst|clk_div:dut_clk_div|counter[18] ; CLOCK_50     ; CLOCK_50    ; 0.000        ; 0.426      ; 1.417      ;
; 0.835 ; top:top_inst|clk_div:dut_clk_div|counter[7]  ; top:top_inst|clk_div:dut_clk_div|counter[8]  ; CLOCK_50     ; CLOCK_50    ; 0.000        ; 0.061      ; 1.053      ;
; 0.846 ; top:top_inst|clk_div:dut_clk_div|counter[13] ; top:top_inst|clk_div:dut_clk_div|counter[14] ; CLOCK_50     ; CLOCK_50    ; 0.000        ; 0.059      ; 1.062      ;
; 0.846 ; top:top_inst|clk_div:dut_clk_div|counter[5]  ; top:top_inst|clk_div:dut_clk_div|counter[6]  ; CLOCK_50     ; CLOCK_50    ; 0.000        ; 0.061      ; 1.064      ;
; 0.846 ; top:top_inst|clk_div:dut_clk_div|counter[16] ; top:top_inst|clk_div:dut_clk_div|counter[17] ; CLOCK_50     ; CLOCK_50    ; 0.000        ; 0.076      ; 1.079      ;
; 0.847 ; top:top_inst|clk_div:dut_clk_div|counter[26] ; top:top_inst|clk_div:dut_clk_div|counter[27] ; CLOCK_50     ; CLOCK_50    ; 0.000        ; 0.076      ; 1.080      ;
; 0.847 ; top:top_inst|clk_div:dut_clk_div|counter[18] ; top:top_inst|clk_div:dut_clk_div|counter[19] ; CLOCK_50     ; CLOCK_50    ; 0.000        ; 0.076      ; 1.080      ;
; 0.848 ; top:top_inst|clk_div:dut_clk_div|counter[0]  ; top:top_inst|clk_div:dut_clk_div|counter[1]  ; CLOCK_50     ; CLOCK_50    ; 0.000        ; 0.061      ; 1.066      ;
; 0.848 ; top:top_inst|clk_div:dut_clk_div|counter[24] ; top:top_inst|clk_div:dut_clk_div|counter[25] ; CLOCK_50     ; CLOCK_50    ; 0.000        ; 0.076      ; 1.081      ;
; 0.848 ; top:top_inst|clk_div:dut_clk_div|counter[16] ; top:top_inst|clk_div:dut_clk_div|counter[18] ; CLOCK_50     ; CLOCK_50    ; 0.000        ; 0.076      ; 1.081      ;
; 0.849 ; top:top_inst|clk_div:dut_clk_div|counter[10] ; top:top_inst|clk_div:dut_clk_div|counter[16] ; CLOCK_50     ; CLOCK_50    ; 0.000        ; 0.426      ; 1.432      ;
; 0.850 ; top:top_inst|clk_div:dut_clk_div|counter[20] ; top:top_inst|clk_div:dut_clk_div|counter[22] ; CLOCK_50     ; CLOCK_50    ; 0.000        ; 0.061      ; 1.068      ;
; 0.850 ; top:top_inst|clk_div:dut_clk_div|counter[24] ; top:top_inst|clk_div:dut_clk_div|counter[26] ; CLOCK_50     ; CLOCK_50    ; 0.000        ; 0.076      ; 1.083      ;
; 0.850 ; top:top_inst|clk_div:dut_clk_div|counter[0]  ; top:top_inst|clk_div:dut_clk_div|counter[2]  ; CLOCK_50     ; CLOCK_50    ; 0.000        ; 0.061      ; 1.068      ;
; 0.859 ; top:top_inst|clk_div:dut_clk_div|counter[15] ; top:top_inst|clk_div:dut_clk_div|counter[16] ; CLOCK_50     ; CLOCK_50    ; 0.000        ; 0.426      ; 1.442      ;
; 0.860 ; top:top_inst|clk_div:dut_clk_div|counter[12] ; top:top_inst|clk_div:dut_clk_div|counter[13] ; CLOCK_50     ; CLOCK_50    ; 0.000        ; 0.061      ; 1.078      ;
; 0.863 ; top:top_inst|clk_div:dut_clk_div|counter[11] ; top:top_inst|clk_div:dut_clk_div|counter[12] ; CLOCK_50     ; CLOCK_50    ; 0.000        ; 0.061      ; 1.081      ;
; 0.864 ; top:top_inst|clk_div:dut_clk_div|counter[12] ; top:top_inst|clk_div:dut_clk_div|counter[14] ; CLOCK_50     ; CLOCK_50    ; 0.000        ; 0.059      ; 1.080      ;
; 0.869 ; top:top_inst|clk_div:dut_clk_div|counter[6]  ; top:top_inst|clk_div:dut_clk_div|counter[7]  ; CLOCK_50     ; CLOCK_50    ; 0.000        ; 0.061      ; 1.087      ;
; 0.871 ; top:top_inst|clk_div:dut_clk_div|counter[6]  ; top:top_inst|clk_div:dut_clk_div|counter[8]  ; CLOCK_50     ; CLOCK_50    ; 0.000        ; 0.061      ; 1.089      ;
; 0.918 ; top:top_inst|clk_div:dut_clk_div|counter[7]  ; top:top_inst|clk_div:dut_clk_div|counter[16] ; CLOCK_50     ; CLOCK_50    ; 0.000        ; 0.426      ; 1.501      ;
; 0.925 ; top:top_inst|clk_div:dut_clk_div|counter[13] ; top:top_inst|clk_div:dut_clk_div|counter[21] ; CLOCK_50     ; CLOCK_50    ; 0.000        ; 0.426      ; 1.508      ;
; 0.928 ; top:top_inst|clk_div:dut_clk_div|counter[19] ; top:top_inst|clk_div:dut_clk_div|counter[21] ; CLOCK_50     ; CLOCK_50    ; 0.000        ; 0.076      ; 1.161      ;
; 0.931 ; top:top_inst|clk_div:dut_clk_div|counter[21] ; top:top_inst|clk_div:dut_clk_div|counter[23] ; CLOCK_50     ; CLOCK_50    ; 0.000        ; 0.076      ; 1.164      ;
; 0.933 ; top:top_inst|clk_div:dut_clk_div|counter[21] ; top:top_inst|clk_div:dut_clk_div|counter[24] ; CLOCK_50     ; CLOCK_50    ; 0.000        ; 0.076      ; 1.166      ;
; 0.940 ; top:top_inst|clk_div:dut_clk_div|counter[14] ; top:top_inst|clk_div:dut_clk_div|counter[23] ; CLOCK_50     ; CLOCK_50    ; 0.000        ; 0.428      ; 1.525      ;
; 0.940 ; top:top_inst|clk_div:dut_clk_div|counter[17] ; top:top_inst|clk_div:dut_clk_div|counter[19] ; CLOCK_50     ; CLOCK_50    ; 0.000        ; 0.076      ; 1.173      ;
; 0.941 ; top:top_inst|clk_div:dut_clk_div|counter[25] ; top:top_inst|clk_div:dut_clk_div|counter[27] ; CLOCK_50     ; CLOCK_50    ; 0.000        ; 0.076      ; 1.174      ;
; 0.942 ; top:top_inst|clk_div:dut_clk_div|counter[14] ; top:top_inst|clk_div:dut_clk_div|counter[24] ; CLOCK_50     ; CLOCK_50    ; 0.000        ; 0.428      ; 1.527      ;
; 0.942 ; top:top_inst|clk_div:dut_clk_div|counter[23] ; top:top_inst|clk_div:dut_clk_div|counter[25] ; CLOCK_50     ; CLOCK_50    ; 0.000        ; 0.076      ; 1.175      ;
; 0.943 ; top:top_inst|clk_div:dut_clk_div|counter[12] ; top:top_inst|clk_div:dut_clk_div|counter[21] ; CLOCK_50     ; CLOCK_50    ; 0.000        ; 0.426      ; 1.526      ;
; 0.944 ; top:top_inst|clk_div:dut_clk_div|counter[23] ; top:top_inst|clk_div:dut_clk_div|counter[26] ; CLOCK_50     ; CLOCK_50    ; 0.000        ; 0.076      ; 1.177      ;
; 0.944 ; top:top_inst|clk_div:dut_clk_div|counter[11] ; top:top_inst|clk_div:dut_clk_div|counter[19] ; CLOCK_50     ; CLOCK_50    ; 0.000        ; 0.426      ; 1.527      ;
; 0.945 ; top:top_inst|clk_div:dut_clk_div|counter[7]  ; top:top_inst|clk_div:dut_clk_div|counter[9]  ; CLOCK_50     ; CLOCK_50    ; 0.000        ; 0.061      ; 1.163      ;
; 0.947 ; top:top_inst|clk_div:dut_clk_div|counter[7]  ; top:top_inst|clk_div:dut_clk_div|counter[10] ; CLOCK_50     ; CLOCK_50    ; 0.000        ; 0.061      ; 1.165      ;
; 0.950 ; top:top_inst|clk_div:dut_clk_div|counter[9]  ; top:top_inst|clk_div:dut_clk_div|counter[16] ; CLOCK_50     ; CLOCK_50    ; 0.000        ; 0.426      ; 1.533      ;
; 0.954 ; top:top_inst|clk_div:dut_clk_div|counter[6]  ; top:top_inst|clk_div:dut_clk_div|counter[16] ; CLOCK_50     ; CLOCK_50    ; 0.000        ; 0.426      ; 1.537      ;
; 0.956 ; top:top_inst|clk_div:dut_clk_div|counter[5]  ; top:top_inst|clk_div:dut_clk_div|counter[7]  ; CLOCK_50     ; CLOCK_50    ; 0.000        ; 0.061      ; 1.174      ;
; 0.958 ; top:top_inst|clk_div:dut_clk_div|counter[16] ; top:top_inst|clk_div:dut_clk_div|counter[19] ; CLOCK_50     ; CLOCK_50    ; 0.000        ; 0.076      ; 1.191      ;
; 0.958 ; top:top_inst|clk_div:dut_clk_div|counter[5]  ; top:top_inst|clk_div:dut_clk_div|counter[8]  ; CLOCK_50     ; CLOCK_50    ; 0.000        ; 0.061      ; 1.176      ;
; 0.959 ; top:top_inst|clk_div:dut_clk_div|counter[18] ; top:top_inst|clk_div:dut_clk_div|counter[21] ; CLOCK_50     ; CLOCK_50    ; 0.000        ; 0.076      ; 1.192      ;
; 0.959 ; top:top_inst|clk_div:dut_clk_div|counter[10] ; top:top_inst|clk_div:dut_clk_div|counter[17] ; CLOCK_50     ; CLOCK_50    ; 0.000        ; 0.426      ; 1.542      ;
; 0.960 ; top:top_inst|clk_div:dut_clk_div|counter[24] ; top:top_inst|clk_div:dut_clk_div|counter[27] ; CLOCK_50     ; CLOCK_50    ; 0.000        ; 0.076      ; 1.193      ;
; 0.961 ; top:top_inst|clk_div:dut_clk_div|counter[10] ; top:top_inst|clk_div:dut_clk_div|counter[18] ; CLOCK_50     ; CLOCK_50    ; 0.000        ; 0.426      ; 1.544      ;
; 0.969 ; top:top_inst|clk_div:dut_clk_div|counter[15] ; top:top_inst|clk_div:dut_clk_div|counter[17] ; CLOCK_50     ; CLOCK_50    ; 0.000        ; 0.426      ; 1.552      ;
+-------+----------------------------------------------+----------------------------------------------+--------------+-------------+--------------+------------+------------+


+----------------------------------------------------------------------------------------------------------------------------------+
; Slow 1200mV 85C Model Minimum Pulse Width: 'CLOCK_50'                                                                            ;
+--------+--------------+----------------+------------------+----------+------------+----------------------------------------------+
; Slack  ; Actual Width ; Required Width ; Type             ; Clock    ; Clock Edge ; Target                                       ;
+--------+--------------+----------------+------------------+----------+------------+----------------------------------------------+
; -3.000 ; 1.000        ; 4.000          ; Port Rate        ; CLOCK_50 ; Rise       ; CLOCK_50                                     ;
; -1.000 ; 1.000        ; 2.000          ; Min Period       ; CLOCK_50 ; Rise       ; top:top_inst|clk_div:dut_clk_div|counter[0]  ;
; -1.000 ; 1.000        ; 2.000          ; Min Period       ; CLOCK_50 ; Rise       ; top:top_inst|clk_div:dut_clk_div|counter[10] ;
; -1.000 ; 1.000        ; 2.000          ; Min Period       ; CLOCK_50 ; Rise       ; top:top_inst|clk_div:dut_clk_div|counter[11] ;
; -1.000 ; 1.000        ; 2.000          ; Min Period       ; CLOCK_50 ; Rise       ; top:top_inst|clk_div:dut_clk_div|counter[12] ;
; -1.000 ; 1.000        ; 2.000          ; Min Period       ; CLOCK_50 ; Rise       ; top:top_inst|clk_div:dut_clk_div|counter[13] ;
; -1.000 ; 1.000        ; 2.000          ; Min Period       ; CLOCK_50 ; Rise       ; top:top_inst|clk_div:dut_clk_div|counter[14] ;
; -1.000 ; 1.000        ; 2.000          ; Min Period       ; CLOCK_50 ; Rise       ; top:top_inst|clk_div:dut_clk_div|counter[15] ;
; -1.000 ; 1.000        ; 2.000          ; Min Period       ; CLOCK_50 ; Rise       ; top:top_inst|clk_div:dut_clk_div|counter[16] ;
; -1.000 ; 1.000        ; 2.000          ; Min Period       ; CLOCK_50 ; Rise       ; top:top_inst|clk_div:dut_clk_div|counter[17] ;
; -1.000 ; 1.000        ; 2.000          ; Min Period       ; CLOCK_50 ; Rise       ; top:top_inst|clk_div:dut_clk_div|counter[18] ;
; -1.000 ; 1.000        ; 2.000          ; Min Period       ; CLOCK_50 ; Rise       ; top:top_inst|clk_div:dut_clk_div|counter[19] ;
; -1.000 ; 1.000        ; 2.000          ; Min Period       ; CLOCK_50 ; Rise       ; top:top_inst|clk_div:dut_clk_div|counter[1]  ;
; -1.000 ; 1.000        ; 2.000          ; Min Period       ; CLOCK_50 ; Rise       ; top:top_inst|clk_div:dut_clk_div|counter[20] ;
; -1.000 ; 1.000        ; 2.000          ; Min Period       ; CLOCK_50 ; Rise       ; top:top_inst|clk_div:dut_clk_div|counter[21] ;
; -1.000 ; 1.000        ; 2.000          ; Min Period       ; CLOCK_50 ; Rise       ; top:top_inst|clk_div:dut_clk_div|counter[22] ;
; -1.000 ; 1.000        ; 2.000          ; Min Period       ; CLOCK_50 ; Rise       ; top:top_inst|clk_div:dut_clk_div|counter[23] ;
; -1.000 ; 1.000        ; 2.000          ; Min Period       ; CLOCK_50 ; Rise       ; top:top_inst|clk_div:dut_clk_div|counter[24] ;
; -1.000 ; 1.000        ; 2.000          ; Min Period       ; CLOCK_50 ; Rise       ; top:top_inst|clk_div:dut_clk_div|counter[25] ;
; -1.000 ; 1.000        ; 2.000          ; Min Period       ; CLOCK_50 ; Rise       ; top:top_inst|clk_div:dut_clk_div|counter[26] ;
; -1.000 ; 1.000        ; 2.000          ; Min Period       ; CLOCK_50 ; Rise       ; top:top_inst|clk_div:dut_clk_div|counter[27] ;
; -1.000 ; 1.000        ; 2.000          ; Min Period       ; CLOCK_50 ; Rise       ; top:top_inst|clk_div:dut_clk_div|counter[2]  ;
; -1.000 ; 1.000        ; 2.000          ; Min Period       ; CLOCK_50 ; Rise       ; top:top_inst|clk_div:dut_clk_div|counter[3]  ;
; -1.000 ; 1.000        ; 2.000          ; Min Period       ; CLOCK_50 ; Rise       ; top:top_inst|clk_div:dut_clk_div|counter[4]  ;
; -1.000 ; 1.000        ; 2.000          ; Min Period       ; CLOCK_50 ; Rise       ; top:top_inst|clk_div:dut_clk_div|counter[5]  ;
; -1.000 ; 1.000        ; 2.000          ; Min Period       ; CLOCK_50 ; Rise       ; top:top_inst|clk_div:dut_clk_div|counter[6]  ;
; -1.000 ; 1.000        ; 2.000          ; Min Period       ; CLOCK_50 ; Rise       ; top:top_inst|clk_div:dut_clk_div|counter[7]  ;
; -1.000 ; 1.000        ; 2.000          ; Min Period       ; CLOCK_50 ; Rise       ; top:top_inst|clk_div:dut_clk_div|counter[8]  ;
; -1.000 ; 1.000        ; 2.000          ; Min Period       ; CLOCK_50 ; Rise       ; top:top_inst|clk_div:dut_clk_div|counter[9]  ;
; -1.000 ; 1.000        ; 2.000          ; Min Period       ; CLOCK_50 ; Rise       ; top:top_inst|clk_div:dut_clk_div|out         ;
; 0.076  ; 0.260        ; 0.184          ; Low Pulse Width  ; CLOCK_50 ; Rise       ; top:top_inst|clk_div:dut_clk_div|counter[16] ;
; 0.076  ; 0.260        ; 0.184          ; Low Pulse Width  ; CLOCK_50 ; Rise       ; top:top_inst|clk_div:dut_clk_div|counter[17] ;
; 0.076  ; 0.260        ; 0.184          ; Low Pulse Width  ; CLOCK_50 ; Rise       ; top:top_inst|clk_div:dut_clk_div|counter[18] ;
; 0.076  ; 0.260        ; 0.184          ; Low Pulse Width  ; CLOCK_50 ; Rise       ; top:top_inst|clk_div:dut_clk_div|counter[19] ;
; 0.076  ; 0.260        ; 0.184          ; Low Pulse Width  ; CLOCK_50 ; Rise       ; top:top_inst|clk_div:dut_clk_div|counter[21] ;
; 0.076  ; 0.260        ; 0.184          ; Low Pulse Width  ; CLOCK_50 ; Rise       ; top:top_inst|clk_div:dut_clk_div|counter[23] ;
; 0.076  ; 0.260        ; 0.184          ; Low Pulse Width  ; CLOCK_50 ; Rise       ; top:top_inst|clk_div:dut_clk_div|counter[24] ;
; 0.076  ; 0.260        ; 0.184          ; Low Pulse Width  ; CLOCK_50 ; Rise       ; top:top_inst|clk_div:dut_clk_div|counter[25] ;
; 0.076  ; 0.260        ; 0.184          ; Low Pulse Width  ; CLOCK_50 ; Rise       ; top:top_inst|clk_div:dut_clk_div|counter[26] ;
; 0.076  ; 0.260        ; 0.184          ; Low Pulse Width  ; CLOCK_50 ; Rise       ; top:top_inst|clk_div:dut_clk_div|counter[27] ;
; 0.094  ; 0.278        ; 0.184          ; Low Pulse Width  ; CLOCK_50 ; Rise       ; top:top_inst|clk_div:dut_clk_div|counter[0]  ;
; 0.094  ; 0.278        ; 0.184          ; Low Pulse Width  ; CLOCK_50 ; Rise       ; top:top_inst|clk_div:dut_clk_div|counter[10] ;
; 0.094  ; 0.278        ; 0.184          ; Low Pulse Width  ; CLOCK_50 ; Rise       ; top:top_inst|clk_div:dut_clk_div|counter[11] ;
; 0.094  ; 0.278        ; 0.184          ; Low Pulse Width  ; CLOCK_50 ; Rise       ; top:top_inst|clk_div:dut_clk_div|counter[12] ;
; 0.094  ; 0.278        ; 0.184          ; Low Pulse Width  ; CLOCK_50 ; Rise       ; top:top_inst|clk_div:dut_clk_div|counter[13] ;
; 0.094  ; 0.278        ; 0.184          ; Low Pulse Width  ; CLOCK_50 ; Rise       ; top:top_inst|clk_div:dut_clk_div|counter[15] ;
; 0.094  ; 0.278        ; 0.184          ; Low Pulse Width  ; CLOCK_50 ; Rise       ; top:top_inst|clk_div:dut_clk_div|counter[1]  ;
; 0.094  ; 0.278        ; 0.184          ; Low Pulse Width  ; CLOCK_50 ; Rise       ; top:top_inst|clk_div:dut_clk_div|counter[2]  ;
; 0.094  ; 0.278        ; 0.184          ; Low Pulse Width  ; CLOCK_50 ; Rise       ; top:top_inst|clk_div:dut_clk_div|counter[3]  ;
; 0.094  ; 0.278        ; 0.184          ; Low Pulse Width  ; CLOCK_50 ; Rise       ; top:top_inst|clk_div:dut_clk_div|counter[4]  ;
; 0.094  ; 0.278        ; 0.184          ; Low Pulse Width  ; CLOCK_50 ; Rise       ; top:top_inst|clk_div:dut_clk_div|counter[5]  ;
; 0.094  ; 0.278        ; 0.184          ; Low Pulse Width  ; CLOCK_50 ; Rise       ; top:top_inst|clk_div:dut_clk_div|counter[6]  ;
; 0.094  ; 0.278        ; 0.184          ; Low Pulse Width  ; CLOCK_50 ; Rise       ; top:top_inst|clk_div:dut_clk_div|counter[7]  ;
; 0.094  ; 0.278        ; 0.184          ; Low Pulse Width  ; CLOCK_50 ; Rise       ; top:top_inst|clk_div:dut_clk_div|counter[8]  ;
; 0.094  ; 0.278        ; 0.184          ; Low Pulse Width  ; CLOCK_50 ; Rise       ; top:top_inst|clk_div:dut_clk_div|counter[9]  ;
; 0.094  ; 0.278        ; 0.184          ; Low Pulse Width  ; CLOCK_50 ; Rise       ; top:top_inst|clk_div:dut_clk_div|out         ;
; 0.095  ; 0.279        ; 0.184          ; Low Pulse Width  ; CLOCK_50 ; Rise       ; top:top_inst|clk_div:dut_clk_div|counter[14] ;
; 0.095  ; 0.279        ; 0.184          ; Low Pulse Width  ; CLOCK_50 ; Rise       ; top:top_inst|clk_div:dut_clk_div|counter[20] ;
; 0.095  ; 0.279        ; 0.184          ; Low Pulse Width  ; CLOCK_50 ; Rise       ; top:top_inst|clk_div:dut_clk_div|counter[22] ;
; 0.238  ; 0.238        ; 0.000          ; Low Pulse Width  ; CLOCK_50 ; Rise       ; top_inst|dut_clk_div|counter[16]|clk         ;
; 0.238  ; 0.238        ; 0.000          ; Low Pulse Width  ; CLOCK_50 ; Rise       ; top_inst|dut_clk_div|counter[17]|clk         ;
; 0.238  ; 0.238        ; 0.000          ; Low Pulse Width  ; CLOCK_50 ; Rise       ; top_inst|dut_clk_div|counter[18]|clk         ;
; 0.238  ; 0.238        ; 0.000          ; Low Pulse Width  ; CLOCK_50 ; Rise       ; top_inst|dut_clk_div|counter[19]|clk         ;
; 0.238  ; 0.238        ; 0.000          ; Low Pulse Width  ; CLOCK_50 ; Rise       ; top_inst|dut_clk_div|counter[21]|clk         ;
; 0.238  ; 0.238        ; 0.000          ; Low Pulse Width  ; CLOCK_50 ; Rise       ; top_inst|dut_clk_div|counter[23]|clk         ;
; 0.238  ; 0.238        ; 0.000          ; Low Pulse Width  ; CLOCK_50 ; Rise       ; top_inst|dut_clk_div|counter[24]|clk         ;
; 0.238  ; 0.238        ; 0.000          ; Low Pulse Width  ; CLOCK_50 ; Rise       ; top_inst|dut_clk_div|counter[25]|clk         ;
; 0.238  ; 0.238        ; 0.000          ; Low Pulse Width  ; CLOCK_50 ; Rise       ; top_inst|dut_clk_div|counter[26]|clk         ;
; 0.238  ; 0.238        ; 0.000          ; Low Pulse Width  ; CLOCK_50 ; Rise       ; top_inst|dut_clk_div|counter[27]|clk         ;
; 0.245  ; 0.245        ; 0.000          ; Low Pulse Width  ; CLOCK_50 ; Rise       ; CLOCK_50~input|o                             ;
; 0.255  ; 0.255        ; 0.000          ; Low Pulse Width  ; CLOCK_50 ; Rise       ; top_inst|dut_clk_div|counter[15]|clk         ;
; 0.255  ; 0.255        ; 0.000          ; Low Pulse Width  ; CLOCK_50 ; Rise       ; top_inst|dut_clk_div|counter[3]|clk          ;
; 0.255  ; 0.255        ; 0.000          ; Low Pulse Width  ; CLOCK_50 ; Rise       ; top_inst|dut_clk_div|counter[4]|clk          ;
; 0.255  ; 0.255        ; 0.000          ; Low Pulse Width  ; CLOCK_50 ; Rise       ; top_inst|dut_clk_div|out|clk                 ;
; 0.256  ; 0.256        ; 0.000          ; Low Pulse Width  ; CLOCK_50 ; Rise       ; top_inst|dut_clk_div|counter[0]|clk          ;
; 0.256  ; 0.256        ; 0.000          ; Low Pulse Width  ; CLOCK_50 ; Rise       ; top_inst|dut_clk_div|counter[10]|clk         ;
; 0.256  ; 0.256        ; 0.000          ; Low Pulse Width  ; CLOCK_50 ; Rise       ; top_inst|dut_clk_div|counter[11]|clk         ;
; 0.256  ; 0.256        ; 0.000          ; Low Pulse Width  ; CLOCK_50 ; Rise       ; top_inst|dut_clk_div|counter[12]|clk         ;
; 0.256  ; 0.256        ; 0.000          ; Low Pulse Width  ; CLOCK_50 ; Rise       ; top_inst|dut_clk_div|counter[13]|clk         ;
; 0.256  ; 0.256        ; 0.000          ; Low Pulse Width  ; CLOCK_50 ; Rise       ; top_inst|dut_clk_div|counter[14]|clk         ;
; 0.256  ; 0.256        ; 0.000          ; Low Pulse Width  ; CLOCK_50 ; Rise       ; top_inst|dut_clk_div|counter[1]|clk          ;
; 0.256  ; 0.256        ; 0.000          ; Low Pulse Width  ; CLOCK_50 ; Rise       ; top_inst|dut_clk_div|counter[20]|clk         ;
; 0.256  ; 0.256        ; 0.000          ; Low Pulse Width  ; CLOCK_50 ; Rise       ; top_inst|dut_clk_div|counter[22]|clk         ;
; 0.256  ; 0.256        ; 0.000          ; Low Pulse Width  ; CLOCK_50 ; Rise       ; top_inst|dut_clk_div|counter[2]|clk          ;
; 0.256  ; 0.256        ; 0.000          ; Low Pulse Width  ; CLOCK_50 ; Rise       ; top_inst|dut_clk_div|counter[5]|clk          ;
; 0.256  ; 0.256        ; 0.000          ; Low Pulse Width  ; CLOCK_50 ; Rise       ; top_inst|dut_clk_div|counter[6]|clk          ;
; 0.256  ; 0.256        ; 0.000          ; Low Pulse Width  ; CLOCK_50 ; Rise       ; top_inst|dut_clk_div|counter[7]|clk          ;
; 0.256  ; 0.256        ; 0.000          ; Low Pulse Width  ; CLOCK_50 ; Rise       ; top_inst|dut_clk_div|counter[8]|clk          ;
; 0.256  ; 0.256        ; 0.000          ; Low Pulse Width  ; CLOCK_50 ; Rise       ; top_inst|dut_clk_div|counter[9]|clk          ;
; 0.262  ; 0.262        ; 0.000          ; Low Pulse Width  ; CLOCK_50 ; Rise       ; CLOCK_50~inputclkctrl|inclk[0]               ;
; 0.262  ; 0.262        ; 0.000          ; Low Pulse Width  ; CLOCK_50 ; Rise       ; CLOCK_50~inputclkctrl|outclk                 ;
; 0.500  ; 0.500        ; 0.000          ; High Pulse Width ; CLOCK_50 ; Rise       ; CLOCK_50~input|i                             ;
; 0.500  ; 0.500        ; 0.000          ; Low Pulse Width  ; CLOCK_50 ; Rise       ; CLOCK_50~input|i                             ;
; 0.504  ; 0.720        ; 0.216          ; High Pulse Width ; CLOCK_50 ; Rise       ; top:top_inst|clk_div:dut_clk_div|counter[0]  ;
; 0.504  ; 0.720        ; 0.216          ; High Pulse Width ; CLOCK_50 ; Rise       ; top:top_inst|clk_div:dut_clk_div|counter[10] ;
; 0.504  ; 0.720        ; 0.216          ; High Pulse Width ; CLOCK_50 ; Rise       ; top:top_inst|clk_div:dut_clk_div|counter[11] ;
; 0.504  ; 0.720        ; 0.216          ; High Pulse Width ; CLOCK_50 ; Rise       ; top:top_inst|clk_div:dut_clk_div|counter[12] ;
; 0.504  ; 0.720        ; 0.216          ; High Pulse Width ; CLOCK_50 ; Rise       ; top:top_inst|clk_div:dut_clk_div|counter[13] ;
; 0.504  ; 0.720        ; 0.216          ; High Pulse Width ; CLOCK_50 ; Rise       ; top:top_inst|clk_div:dut_clk_div|counter[14] ;
; 0.504  ; 0.720        ; 0.216          ; High Pulse Width ; CLOCK_50 ; Rise       ; top:top_inst|clk_div:dut_clk_div|counter[1]  ;
+--------+--------------+----------------+------------------+----------+------------+----------------------------------------------+


+------------------------------------------------------------------------------------------------------------------------------------------------------------------------------------------------------------------------------+
; Slow 1200mV 85C Model Minimum Pulse Width: 'top:top_inst|clk_div:dut_clk_div|out'                                                                                                                                            ;
+--------+--------------+----------------+------------+--------------------------------------+------------+--------------------------------------------------------------------------------------------------------------------+
; Slack  ; Actual Width ; Required Width ; Type       ; Clock                                ; Clock Edge ; Target                                                                                                             ;
+--------+--------------+----------------+------------+--------------------------------------+------------+--------------------------------------------------------------------------------------------------------------------+
; -2.484 ; 1.000        ; 3.484          ; Min Period ; top:top_inst|clk_div:dut_clk_div|out ; Rise       ; top:top_inst|cpu:dut_cpu|register:FirstOPregister|out_reg[0]                                                       ;
; -2.484 ; 1.000        ; 3.484          ; Min Period ; top:top_inst|clk_div:dut_clk_div|out ; Rise       ; top:top_inst|cpu:dut_cpu|register:FirstOPregister|out_reg[10]                                                      ;
; -2.484 ; 1.000        ; 3.484          ; Min Period ; top:top_inst|clk_div:dut_clk_div|out ; Rise       ; top:top_inst|cpu:dut_cpu|register:FirstOPregister|out_reg[11]                                                      ;
; -2.484 ; 1.000        ; 3.484          ; Min Period ; top:top_inst|clk_div:dut_clk_div|out ; Rise       ; top:top_inst|cpu:dut_cpu|register:FirstOPregister|out_reg[12]                                                      ;
; -2.484 ; 1.000        ; 3.484          ; Min Period ; top:top_inst|clk_div:dut_clk_div|out ; Rise       ; top:top_inst|cpu:dut_cpu|register:FirstOPregister|out_reg[13]                                                      ;
; -2.484 ; 1.000        ; 3.484          ; Min Period ; top:top_inst|clk_div:dut_clk_div|out ; Rise       ; top:top_inst|cpu:dut_cpu|register:FirstOPregister|out_reg[14]                                                      ;
; -2.484 ; 1.000        ; 3.484          ; Min Period ; top:top_inst|clk_div:dut_clk_div|out ; Rise       ; top:top_inst|cpu:dut_cpu|register:FirstOPregister|out_reg[15]                                                      ;
; -2.484 ; 1.000        ; 3.484          ; Min Period ; top:top_inst|clk_div:dut_clk_div|out ; Rise       ; top:top_inst|cpu:dut_cpu|register:FirstOPregister|out_reg[1]                                                       ;
; -2.484 ; 1.000        ; 3.484          ; Min Period ; top:top_inst|clk_div:dut_clk_div|out ; Rise       ; top:top_inst|cpu:dut_cpu|register:FirstOPregister|out_reg[2]                                                       ;
; -2.484 ; 1.000        ; 3.484          ; Min Period ; top:top_inst|clk_div:dut_clk_div|out ; Rise       ; top:top_inst|cpu:dut_cpu|register:FirstOPregister|out_reg[3]                                                       ;
; -2.484 ; 1.000        ; 3.484          ; Min Period ; top:top_inst|clk_div:dut_clk_div|out ; Rise       ; top:top_inst|cpu:dut_cpu|register:FirstOPregister|out_reg[4]                                                       ;
; -2.484 ; 1.000        ; 3.484          ; Min Period ; top:top_inst|clk_div:dut_clk_div|out ; Rise       ; top:top_inst|cpu:dut_cpu|register:FirstOPregister|out_reg[5]                                                       ;
; -2.484 ; 1.000        ; 3.484          ; Min Period ; top:top_inst|clk_div:dut_clk_div|out ; Rise       ; top:top_inst|cpu:dut_cpu|register:FirstOPregister|out_reg[6]                                                       ;
; -2.484 ; 1.000        ; 3.484          ; Min Period ; top:top_inst|clk_div:dut_clk_div|out ; Rise       ; top:top_inst|cpu:dut_cpu|register:FirstOPregister|out_reg[7]                                                       ;
; -2.484 ; 1.000        ; 3.484          ; Min Period ; top:top_inst|clk_div:dut_clk_div|out ; Rise       ; top:top_inst|cpu:dut_cpu|register:FirstOPregister|out_reg[8]                                                       ;
; -2.484 ; 1.000        ; 3.484          ; Min Period ; top:top_inst|clk_div:dut_clk_div|out ; Rise       ; top:top_inst|cpu:dut_cpu|register:FirstOPregister|out_reg[9]                                                       ;
; -2.174 ; 1.000        ; 3.174          ; Min Period ; top:top_inst|clk_div:dut_clk_div|out ; Rise       ; top:top_inst|memory:dut_memory|altsyncram:mem_rtl_0|altsyncram_dke1:auto_generated|ram_block1a0~porta_address_reg0 ;
; -2.174 ; 1.000        ; 3.174          ; Min Period ; top:top_inst|clk_div:dut_clk_div|out ; Rise       ; top:top_inst|memory:dut_memory|altsyncram:mem_rtl_0|altsyncram_dke1:auto_generated|ram_block1a0~porta_datain_reg0  ;
; -2.174 ; 1.000        ; 3.174          ; Min Period ; top:top_inst|clk_div:dut_clk_div|out ; Rise       ; top:top_inst|memory:dut_memory|altsyncram:mem_rtl_0|altsyncram_dke1:auto_generated|ram_block1a0~porta_we_reg       ;
; -2.174 ; 1.000        ; 3.174          ; Min Period ; top:top_inst|clk_div:dut_clk_div|out ; Rise       ; top:top_inst|memory:dut_memory|altsyncram:mem_rtl_0|altsyncram_dke1:auto_generated|ram_block1a0~portb_address_reg0 ;
; -1.000 ; 1.000        ; 2.000          ; Min Period ; top:top_inst|clk_div:dut_clk_div|out ; Rise       ; top:top_inst|cpu:dut_cpu|cnt_step_reg[0]                                                                           ;
; -1.000 ; 1.000        ; 2.000          ; Min Period ; top:top_inst|clk_div:dut_clk_div|out ; Rise       ; top:top_inst|cpu:dut_cpu|cnt_step_reg[1]                                                                           ;
; -1.000 ; 1.000        ; 2.000          ; Min Period ; top:top_inst|clk_div:dut_clk_div|out ; Rise       ; top:top_inst|cpu:dut_cpu|cnt_step_reg[2]                                                                           ;
; -1.000 ; 1.000        ; 2.000          ; Min Period ; top:top_inst|clk_div:dut_clk_div|out ; Rise       ; top:top_inst|cpu:dut_cpu|out_reg[0]                                                                                ;
; -1.000 ; 1.000        ; 2.000          ; Min Period ; top:top_inst|clk_div:dut_clk_div|out ; Rise       ; top:top_inst|cpu:dut_cpu|out_reg[1]                                                                                ;
; -1.000 ; 1.000        ; 2.000          ; Min Period ; top:top_inst|clk_div:dut_clk_div|out ; Rise       ; top:top_inst|cpu:dut_cpu|out_reg[2]                                                                                ;
; -1.000 ; 1.000        ; 2.000          ; Min Period ; top:top_inst|clk_div:dut_clk_div|out ; Rise       ; top:top_inst|cpu:dut_cpu|out_reg[3]                                                                                ;
; -1.000 ; 1.000        ; 2.000          ; Min Period ; top:top_inst|clk_div:dut_clk_div|out ; Rise       ; top:top_inst|cpu:dut_cpu|out_reg[4]                                                                                ;
; -1.000 ; 1.000        ; 2.000          ; Min Period ; top:top_inst|clk_div:dut_clk_div|out ; Rise       ; top:top_inst|cpu:dut_cpu|register:Aregister|out_reg[0]                                                             ;
; -1.000 ; 1.000        ; 2.000          ; Min Period ; top:top_inst|clk_div:dut_clk_div|out ; Rise       ; top:top_inst|cpu:dut_cpu|register:Aregister|out_reg[10]                                                            ;
; -1.000 ; 1.000        ; 2.000          ; Min Period ; top:top_inst|clk_div:dut_clk_div|out ; Rise       ; top:top_inst|cpu:dut_cpu|register:Aregister|out_reg[11]                                                            ;
; -1.000 ; 1.000        ; 2.000          ; Min Period ; top:top_inst|clk_div:dut_clk_div|out ; Rise       ; top:top_inst|cpu:dut_cpu|register:Aregister|out_reg[12]                                                            ;
; -1.000 ; 1.000        ; 2.000          ; Min Period ; top:top_inst|clk_div:dut_clk_div|out ; Rise       ; top:top_inst|cpu:dut_cpu|register:Aregister|out_reg[13]                                                            ;
; -1.000 ; 1.000        ; 2.000          ; Min Period ; top:top_inst|clk_div:dut_clk_div|out ; Rise       ; top:top_inst|cpu:dut_cpu|register:Aregister|out_reg[14]                                                            ;
; -1.000 ; 1.000        ; 2.000          ; Min Period ; top:top_inst|clk_div:dut_clk_div|out ; Rise       ; top:top_inst|cpu:dut_cpu|register:Aregister|out_reg[15]                                                            ;
; -1.000 ; 1.000        ; 2.000          ; Min Period ; top:top_inst|clk_div:dut_clk_div|out ; Rise       ; top:top_inst|cpu:dut_cpu|register:Aregister|out_reg[1]                                                             ;
; -1.000 ; 1.000        ; 2.000          ; Min Period ; top:top_inst|clk_div:dut_clk_div|out ; Rise       ; top:top_inst|cpu:dut_cpu|register:Aregister|out_reg[2]                                                             ;
; -1.000 ; 1.000        ; 2.000          ; Min Period ; top:top_inst|clk_div:dut_clk_div|out ; Rise       ; top:top_inst|cpu:dut_cpu|register:Aregister|out_reg[3]                                                             ;
; -1.000 ; 1.000        ; 2.000          ; Min Period ; top:top_inst|clk_div:dut_clk_div|out ; Rise       ; top:top_inst|cpu:dut_cpu|register:Aregister|out_reg[4]                                                             ;
; -1.000 ; 1.000        ; 2.000          ; Min Period ; top:top_inst|clk_div:dut_clk_div|out ; Rise       ; top:top_inst|cpu:dut_cpu|register:Aregister|out_reg[5]                                                             ;
; -1.000 ; 1.000        ; 2.000          ; Min Period ; top:top_inst|clk_div:dut_clk_div|out ; Rise       ; top:top_inst|cpu:dut_cpu|register:Aregister|out_reg[6]                                                             ;
; -1.000 ; 1.000        ; 2.000          ; Min Period ; top:top_inst|clk_div:dut_clk_div|out ; Rise       ; top:top_inst|cpu:dut_cpu|register:Aregister|out_reg[7]                                                             ;
; -1.000 ; 1.000        ; 2.000          ; Min Period ; top:top_inst|clk_div:dut_clk_div|out ; Rise       ; top:top_inst|cpu:dut_cpu|register:Aregister|out_reg[8]                                                             ;
; -1.000 ; 1.000        ; 2.000          ; Min Period ; top:top_inst|clk_div:dut_clk_div|out ; Rise       ; top:top_inst|cpu:dut_cpu|register:Aregister|out_reg[9]                                                             ;
; -1.000 ; 1.000        ; 2.000          ; Min Period ; top:top_inst|clk_div:dut_clk_div|out ; Rise       ; top:top_inst|cpu:dut_cpu|register:FirstOPregister|out_reg[0]~_Duplicate_1                                          ;
; -1.000 ; 1.000        ; 2.000          ; Min Period ; top:top_inst|clk_div:dut_clk_div|out ; Rise       ; top:top_inst|cpu:dut_cpu|register:FirstOPregister|out_reg[10]~_Duplicate_1                                         ;
; -1.000 ; 1.000        ; 2.000          ; Min Period ; top:top_inst|clk_div:dut_clk_div|out ; Rise       ; top:top_inst|cpu:dut_cpu|register:FirstOPregister|out_reg[11]~_Duplicate_1                                         ;
; -1.000 ; 1.000        ; 2.000          ; Min Period ; top:top_inst|clk_div:dut_clk_div|out ; Rise       ; top:top_inst|cpu:dut_cpu|register:FirstOPregister|out_reg[12]~_Duplicate_1                                         ;
; -1.000 ; 1.000        ; 2.000          ; Min Period ; top:top_inst|clk_div:dut_clk_div|out ; Rise       ; top:top_inst|cpu:dut_cpu|register:FirstOPregister|out_reg[13]~_Duplicate_1                                         ;
; -1.000 ; 1.000        ; 2.000          ; Min Period ; top:top_inst|clk_div:dut_clk_div|out ; Rise       ; top:top_inst|cpu:dut_cpu|register:FirstOPregister|out_reg[14]~_Duplicate_1                                         ;
; -1.000 ; 1.000        ; 2.000          ; Min Period ; top:top_inst|clk_div:dut_clk_div|out ; Rise       ; top:top_inst|cpu:dut_cpu|register:FirstOPregister|out_reg[15]~_Duplicate_1                                         ;
; -1.000 ; 1.000        ; 2.000          ; Min Period ; top:top_inst|clk_div:dut_clk_div|out ; Rise       ; top:top_inst|cpu:dut_cpu|register:FirstOPregister|out_reg[1]~_Duplicate_1                                          ;
; -1.000 ; 1.000        ; 2.000          ; Min Period ; top:top_inst|clk_div:dut_clk_div|out ; Rise       ; top:top_inst|cpu:dut_cpu|register:FirstOPregister|out_reg[2]~_Duplicate_1                                          ;
; -1.000 ; 1.000        ; 2.000          ; Min Period ; top:top_inst|clk_div:dut_clk_div|out ; Rise       ; top:top_inst|cpu:dut_cpu|register:FirstOPregister|out_reg[3]~_Duplicate_1                                          ;
; -1.000 ; 1.000        ; 2.000          ; Min Period ; top:top_inst|clk_div:dut_clk_div|out ; Rise       ; top:top_inst|cpu:dut_cpu|register:FirstOPregister|out_reg[4]~_Duplicate_1                                          ;
; -1.000 ; 1.000        ; 2.000          ; Min Period ; top:top_inst|clk_div:dut_clk_div|out ; Rise       ; top:top_inst|cpu:dut_cpu|register:FirstOPregister|out_reg[5]~_Duplicate_1                                          ;
; -1.000 ; 1.000        ; 2.000          ; Min Period ; top:top_inst|clk_div:dut_clk_div|out ; Rise       ; top:top_inst|cpu:dut_cpu|register:FirstOPregister|out_reg[6]~_Duplicate_1                                          ;
; -1.000 ; 1.000        ; 2.000          ; Min Period ; top:top_inst|clk_div:dut_clk_div|out ; Rise       ; top:top_inst|cpu:dut_cpu|register:FirstOPregister|out_reg[7]~_Duplicate_1                                          ;
; -1.000 ; 1.000        ; 2.000          ; Min Period ; top:top_inst|clk_div:dut_clk_div|out ; Rise       ; top:top_inst|cpu:dut_cpu|register:FirstOPregister|out_reg[8]~_Duplicate_1                                          ;
; -1.000 ; 1.000        ; 2.000          ; Min Period ; top:top_inst|clk_div:dut_clk_div|out ; Rise       ; top:top_inst|cpu:dut_cpu|register:FirstOPregister|out_reg[9]~_Duplicate_1                                          ;
; -1.000 ; 1.000        ; 2.000          ; Min Period ; top:top_inst|clk_div:dut_clk_div|out ; Rise       ; top:top_inst|cpu:dut_cpu|register:IRHIGHregister|out_reg[0]                                                        ;
; -1.000 ; 1.000        ; 2.000          ; Min Period ; top:top_inst|clk_div:dut_clk_div|out ; Rise       ; top:top_inst|cpu:dut_cpu|register:IRHIGHregister|out_reg[10]                                                       ;
; -1.000 ; 1.000        ; 2.000          ; Min Period ; top:top_inst|clk_div:dut_clk_div|out ; Rise       ; top:top_inst|cpu:dut_cpu|register:IRHIGHregister|out_reg[11]                                                       ;
; -1.000 ; 1.000        ; 2.000          ; Min Period ; top:top_inst|clk_div:dut_clk_div|out ; Rise       ; top:top_inst|cpu:dut_cpu|register:IRHIGHregister|out_reg[12]                                                       ;
; -1.000 ; 1.000        ; 2.000          ; Min Period ; top:top_inst|clk_div:dut_clk_div|out ; Rise       ; top:top_inst|cpu:dut_cpu|register:IRHIGHregister|out_reg[13]                                                       ;
; -1.000 ; 1.000        ; 2.000          ; Min Period ; top:top_inst|clk_div:dut_clk_div|out ; Rise       ; top:top_inst|cpu:dut_cpu|register:IRHIGHregister|out_reg[14]                                                       ;
; -1.000 ; 1.000        ; 2.000          ; Min Period ; top:top_inst|clk_div:dut_clk_div|out ; Rise       ; top:top_inst|cpu:dut_cpu|register:IRHIGHregister|out_reg[15]                                                       ;
; -1.000 ; 1.000        ; 2.000          ; Min Period ; top:top_inst|clk_div:dut_clk_div|out ; Rise       ; top:top_inst|cpu:dut_cpu|register:IRHIGHregister|out_reg[1]                                                        ;
; -1.000 ; 1.000        ; 2.000          ; Min Period ; top:top_inst|clk_div:dut_clk_div|out ; Rise       ; top:top_inst|cpu:dut_cpu|register:IRHIGHregister|out_reg[2]                                                        ;
; -1.000 ; 1.000        ; 2.000          ; Min Period ; top:top_inst|clk_div:dut_clk_div|out ; Rise       ; top:top_inst|cpu:dut_cpu|register:IRHIGHregister|out_reg[3]                                                        ;
; -1.000 ; 1.000        ; 2.000          ; Min Period ; top:top_inst|clk_div:dut_clk_div|out ; Rise       ; top:top_inst|cpu:dut_cpu|register:IRHIGHregister|out_reg[4]                                                        ;
; -1.000 ; 1.000        ; 2.000          ; Min Period ; top:top_inst|clk_div:dut_clk_div|out ; Rise       ; top:top_inst|cpu:dut_cpu|register:IRHIGHregister|out_reg[5]                                                        ;
; -1.000 ; 1.000        ; 2.000          ; Min Period ; top:top_inst|clk_div:dut_clk_div|out ; Rise       ; top:top_inst|cpu:dut_cpu|register:IRHIGHregister|out_reg[6]                                                        ;
; -1.000 ; 1.000        ; 2.000          ; Min Period ; top:top_inst|clk_div:dut_clk_div|out ; Rise       ; top:top_inst|cpu:dut_cpu|register:IRHIGHregister|out_reg[7]                                                        ;
; -1.000 ; 1.000        ; 2.000          ; Min Period ; top:top_inst|clk_div:dut_clk_div|out ; Rise       ; top:top_inst|cpu:dut_cpu|register:IRHIGHregister|out_reg[8]                                                        ;
; -1.000 ; 1.000        ; 2.000          ; Min Period ; top:top_inst|clk_div:dut_clk_div|out ; Rise       ; top:top_inst|cpu:dut_cpu|register:IRHIGHregister|out_reg[9]                                                        ;
; -1.000 ; 1.000        ; 2.000          ; Min Period ; top:top_inst|clk_div:dut_clk_div|out ; Rise       ; top:top_inst|cpu:dut_cpu|register:IRLOWregister|out_reg[0]                                                         ;
; -1.000 ; 1.000        ; 2.000          ; Min Period ; top:top_inst|clk_div:dut_clk_div|out ; Rise       ; top:top_inst|cpu:dut_cpu|register:IRLOWregister|out_reg[10]                                                        ;
; -1.000 ; 1.000        ; 2.000          ; Min Period ; top:top_inst|clk_div:dut_clk_div|out ; Rise       ; top:top_inst|cpu:dut_cpu|register:IRLOWregister|out_reg[11]                                                        ;
; -1.000 ; 1.000        ; 2.000          ; Min Period ; top:top_inst|clk_div:dut_clk_div|out ; Rise       ; top:top_inst|cpu:dut_cpu|register:IRLOWregister|out_reg[12]                                                        ;
; -1.000 ; 1.000        ; 2.000          ; Min Period ; top:top_inst|clk_div:dut_clk_div|out ; Rise       ; top:top_inst|cpu:dut_cpu|register:IRLOWregister|out_reg[13]                                                        ;
; -1.000 ; 1.000        ; 2.000          ; Min Period ; top:top_inst|clk_div:dut_clk_div|out ; Rise       ; top:top_inst|cpu:dut_cpu|register:IRLOWregister|out_reg[14]                                                        ;
; -1.000 ; 1.000        ; 2.000          ; Min Period ; top:top_inst|clk_div:dut_clk_div|out ; Rise       ; top:top_inst|cpu:dut_cpu|register:IRLOWregister|out_reg[15]                                                        ;
; -1.000 ; 1.000        ; 2.000          ; Min Period ; top:top_inst|clk_div:dut_clk_div|out ; Rise       ; top:top_inst|cpu:dut_cpu|register:IRLOWregister|out_reg[1]                                                         ;
; -1.000 ; 1.000        ; 2.000          ; Min Period ; top:top_inst|clk_div:dut_clk_div|out ; Rise       ; top:top_inst|cpu:dut_cpu|register:IRLOWregister|out_reg[2]                                                         ;
; -1.000 ; 1.000        ; 2.000          ; Min Period ; top:top_inst|clk_div:dut_clk_div|out ; Rise       ; top:top_inst|cpu:dut_cpu|register:IRLOWregister|out_reg[3]                                                         ;
; -1.000 ; 1.000        ; 2.000          ; Min Period ; top:top_inst|clk_div:dut_clk_div|out ; Rise       ; top:top_inst|cpu:dut_cpu|register:IRLOWregister|out_reg[4]                                                         ;
; -1.000 ; 1.000        ; 2.000          ; Min Period ; top:top_inst|clk_div:dut_clk_div|out ; Rise       ; top:top_inst|cpu:dut_cpu|register:IRLOWregister|out_reg[5]                                                         ;
; -1.000 ; 1.000        ; 2.000          ; Min Period ; top:top_inst|clk_div:dut_clk_div|out ; Rise       ; top:top_inst|cpu:dut_cpu|register:IRLOWregister|out_reg[6]                                                         ;
; -1.000 ; 1.000        ; 2.000          ; Min Period ; top:top_inst|clk_div:dut_clk_div|out ; Rise       ; top:top_inst|cpu:dut_cpu|register:IRLOWregister|out_reg[7]                                                         ;
; -1.000 ; 1.000        ; 2.000          ; Min Period ; top:top_inst|clk_div:dut_clk_div|out ; Rise       ; top:top_inst|cpu:dut_cpu|register:IRLOWregister|out_reg[8]                                                         ;
; -1.000 ; 1.000        ; 2.000          ; Min Period ; top:top_inst|clk_div:dut_clk_div|out ; Rise       ; top:top_inst|cpu:dut_cpu|register:IRLOWregister|out_reg[9]                                                         ;
; -1.000 ; 1.000        ; 2.000          ; Min Period ; top:top_inst|clk_div:dut_clk_div|out ; Rise       ; top:top_inst|cpu:dut_cpu|register:PCregister|out_reg[0]                                                            ;
; -1.000 ; 1.000        ; 2.000          ; Min Period ; top:top_inst|clk_div:dut_clk_div|out ; Rise       ; top:top_inst|cpu:dut_cpu|register:PCregister|out_reg[1]                                                            ;
; -1.000 ; 1.000        ; 2.000          ; Min Period ; top:top_inst|clk_div:dut_clk_div|out ; Rise       ; top:top_inst|cpu:dut_cpu|register:PCregister|out_reg[2]                                                            ;
; -1.000 ; 1.000        ; 2.000          ; Min Period ; top:top_inst|clk_div:dut_clk_div|out ; Rise       ; top:top_inst|cpu:dut_cpu|register:PCregister|out_reg[3]                                                            ;
; -1.000 ; 1.000        ; 2.000          ; Min Period ; top:top_inst|clk_div:dut_clk_div|out ; Rise       ; top:top_inst|cpu:dut_cpu|register:PCregister|out_reg[4]                                                            ;
; -1.000 ; 1.000        ; 2.000          ; Min Period ; top:top_inst|clk_div:dut_clk_div|out ; Rise       ; top:top_inst|cpu:dut_cpu|register:PCregister|out_reg[5]                                                            ;
; -1.000 ; 1.000        ; 2.000          ; Min Period ; top:top_inst|clk_div:dut_clk_div|out ; Rise       ; top:top_inst|cpu:dut_cpu|register:SPregister|out_reg[5]                                                            ;
; -1.000 ; 1.000        ; 2.000          ; Min Period ; top:top_inst|clk_div:dut_clk_div|out ; Rise       ; top:top_inst|cpu:dut_cpu|register:SecondOPregister|out_reg[0]                                                      ;
+--------+--------------+----------------+------------+--------------------------------------+------------+--------------------------------------------------------------------------------------------------------------------+


+----------------------------------------------------------------------------------------------------------------------+
; Setup Times                                                                                                          ;
+-----------+--------------------------------------+-------+-------+------------+--------------------------------------+
; Data Port ; Clock Port                           ; Rise  ; Fall  ; Clock Edge ; Clock Reference                      ;
+-----------+--------------------------------------+-------+-------+------------+--------------------------------------+
; SW[*]     ; top:top_inst|clk_div:dut_clk_div|out ; 4.884 ; 5.521 ; Rise       ; top:top_inst|clk_div:dut_clk_div|out ;
;  SW[0]    ; top:top_inst|clk_div:dut_clk_div|out ; 4.884 ; 5.521 ; Rise       ; top:top_inst|clk_div:dut_clk_div|out ;
;  SW[1]    ; top:top_inst|clk_div:dut_clk_div|out ; 4.394 ; 5.023 ; Rise       ; top:top_inst|clk_div:dut_clk_div|out ;
;  SW[2]    ; top:top_inst|clk_div:dut_clk_div|out ; 4.480 ; 5.139 ; Rise       ; top:top_inst|clk_div:dut_clk_div|out ;
;  SW[3]    ; top:top_inst|clk_div:dut_clk_div|out ; 3.900 ; 4.487 ; Rise       ; top:top_inst|clk_div:dut_clk_div|out ;
+-----------+--------------------------------------+-------+-------+------------+--------------------------------------+


+------------------------------------------------------------------------------------------------------------------------+
; Hold Times                                                                                                             ;
+-----------+--------------------------------------+--------+--------+------------+--------------------------------------+
; Data Port ; Clock Port                           ; Rise   ; Fall   ; Clock Edge ; Clock Reference                      ;
+-----------+--------------------------------------+--------+--------+------------+--------------------------------------+
; SW[*]     ; top:top_inst|clk_div:dut_clk_div|out ; -1.791 ; -2.367 ; Rise       ; top:top_inst|clk_div:dut_clk_div|out ;
;  SW[0]    ; top:top_inst|clk_div:dut_clk_div|out ; -1.791 ; -2.367 ; Rise       ; top:top_inst|clk_div:dut_clk_div|out ;
;  SW[1]    ; top:top_inst|clk_div:dut_clk_div|out ; -2.062 ; -2.618 ; Rise       ; top:top_inst|clk_div:dut_clk_div|out ;
;  SW[2]    ; top:top_inst|clk_div:dut_clk_div|out ; -1.928 ; -2.496 ; Rise       ; top:top_inst|clk_div:dut_clk_div|out ;
;  SW[3]    ; top:top_inst|clk_div:dut_clk_div|out ; -2.195 ; -2.802 ; Rise       ; top:top_inst|clk_div:dut_clk_div|out ;
+-----------+--------------------------------------+--------+--------+------------+--------------------------------------+


+-------------------------------------------------------------------------------------------------------------------------+
; Clock to Output Times                                                                                                   ;
+------------+--------------------------------------+--------+--------+------------+--------------------------------------+
; Data Port  ; Clock Port                           ; Rise   ; Fall   ; Clock Edge ; Clock Reference                      ;
+------------+--------------------------------------+--------+--------+------------+--------------------------------------+
; HEX0_D[*]  ; top:top_inst|clk_div:dut_clk_div|out ; 14.461 ; 14.328 ; Rise       ; top:top_inst|clk_div:dut_clk_div|out ;
;  HEX0_D[0] ; top:top_inst|clk_div:dut_clk_div|out ; 14.444 ; 14.308 ; Rise       ; top:top_inst|clk_div:dut_clk_div|out ;
;  HEX0_D[1] ; top:top_inst|clk_div:dut_clk_div|out ; 14.461 ; 14.328 ; Rise       ; top:top_inst|clk_div:dut_clk_div|out ;
;  HEX0_D[2] ; top:top_inst|clk_div:dut_clk_div|out ; 13.976 ; 13.858 ; Rise       ; top:top_inst|clk_div:dut_clk_div|out ;
;  HEX0_D[3] ; top:top_inst|clk_div:dut_clk_div|out ; 13.992 ; 13.872 ; Rise       ; top:top_inst|clk_div:dut_clk_div|out ;
;  HEX0_D[4] ; top:top_inst|clk_div:dut_clk_div|out ; 13.989 ; 13.778 ; Rise       ; top:top_inst|clk_div:dut_clk_div|out ;
;  HEX0_D[5] ; top:top_inst|clk_div:dut_clk_div|out ; 13.987 ; 13.867 ; Rise       ; top:top_inst|clk_div:dut_clk_div|out ;
;  HEX0_D[6] ; top:top_inst|clk_div:dut_clk_div|out ; 13.859 ; 13.973 ; Rise       ; top:top_inst|clk_div:dut_clk_div|out ;
; HEX1_D[*]  ; top:top_inst|clk_div:dut_clk_div|out ; 13.423 ; 13.290 ; Rise       ; top:top_inst|clk_div:dut_clk_div|out ;
;  HEX1_D[0] ; top:top_inst|clk_div:dut_clk_div|out ; 13.403 ; 13.266 ; Rise       ; top:top_inst|clk_div:dut_clk_div|out ;
;  HEX1_D[1] ; top:top_inst|clk_div:dut_clk_div|out ; 13.423 ; 13.290 ; Rise       ; top:top_inst|clk_div:dut_clk_div|out ;
;  HEX1_D[2] ; top:top_inst|clk_div:dut_clk_div|out ; 13.373 ; 13.163 ; Rise       ; top:top_inst|clk_div:dut_clk_div|out ;
;  HEX1_D[3] ; top:top_inst|clk_div:dut_clk_div|out ; 13.406 ; 13.262 ; Rise       ; top:top_inst|clk_div:dut_clk_div|out ;
;  HEX1_D[4] ; top:top_inst|clk_div:dut_clk_div|out ; 13.345 ; 13.260 ; Rise       ; top:top_inst|clk_div:dut_clk_div|out ;
;  HEX1_D[5] ; top:top_inst|clk_div:dut_clk_div|out ; 13.267 ; 13.165 ; Rise       ; top:top_inst|clk_div:dut_clk_div|out ;
;  HEX1_D[6] ; top:top_inst|clk_div:dut_clk_div|out ; 12.919 ; 13.123 ; Rise       ; top:top_inst|clk_div:dut_clk_div|out ;
; HEX2_D[*]  ; top:top_inst|clk_div:dut_clk_div|out ; 6.667  ; 6.638  ; Rise       ; top:top_inst|clk_div:dut_clk_div|out ;
;  HEX2_D[4] ; top:top_inst|clk_div:dut_clk_div|out ; 6.401  ; 6.373  ; Rise       ; top:top_inst|clk_div:dut_clk_div|out ;
;  HEX2_D[5] ; top:top_inst|clk_div:dut_clk_div|out ; 6.667  ; 6.638  ; Rise       ; top:top_inst|clk_div:dut_clk_div|out ;
;  HEX2_D[6] ; top:top_inst|clk_div:dut_clk_div|out ; 6.313  ; 6.365  ; Rise       ; top:top_inst|clk_div:dut_clk_div|out ;
; HEX3_D[*]  ; top:top_inst|clk_div:dut_clk_div|out ; 6.360  ; 6.360  ; Rise       ; top:top_inst|clk_div:dut_clk_div|out ;
;  HEX3_D[1] ; top:top_inst|clk_div:dut_clk_div|out ; 6.360  ; 6.310  ; Rise       ; top:top_inst|clk_div:dut_clk_div|out ;
;  HEX3_D[6] ; top:top_inst|clk_div:dut_clk_div|out ; 6.307  ; 6.360  ; Rise       ; top:top_inst|clk_div:dut_clk_div|out ;
; LEDG[*]    ; top:top_inst|clk_div:dut_clk_div|out ; 8.624  ; 8.385  ; Rise       ; top:top_inst|clk_div:dut_clk_div|out ;
;  LEDG[0]   ; top:top_inst|clk_div:dut_clk_div|out ; 6.525  ; 6.463  ; Rise       ; top:top_inst|clk_div:dut_clk_div|out ;
;  LEDG[1]   ; top:top_inst|clk_div:dut_clk_div|out ; 6.878  ; 6.826  ; Rise       ; top:top_inst|clk_div:dut_clk_div|out ;
;  LEDG[2]   ; top:top_inst|clk_div:dut_clk_div|out ; 8.624  ; 8.385  ; Rise       ; top:top_inst|clk_div:dut_clk_div|out ;
;  LEDG[3]   ; top:top_inst|clk_div:dut_clk_div|out ; 6.511  ; 6.466  ; Rise       ; top:top_inst|clk_div:dut_clk_div|out ;
;  LEDG[4]   ; top:top_inst|clk_div:dut_clk_div|out ; 6.882  ; 6.801  ; Rise       ; top:top_inst|clk_div:dut_clk_div|out ;
+------------+--------------------------------------+--------+--------+------------+--------------------------------------+


+-----------------------------------------------------------------------------------------------------------------------+
; Minimum Clock to Output Times                                                                                         ;
+------------+--------------------------------------+-------+-------+------------+--------------------------------------+
; Data Port  ; Clock Port                           ; Rise  ; Fall  ; Clock Edge ; Clock Reference                      ;
+------------+--------------------------------------+-------+-------+------------+--------------------------------------+
; HEX0_D[*]  ; top:top_inst|clk_div:dut_clk_div|out ; 7.081 ; 7.053 ; Rise       ; top:top_inst|clk_div:dut_clk_div|out ;
;  HEX0_D[0] ; top:top_inst|clk_div:dut_clk_div|out ; 7.639 ; 7.554 ; Rise       ; top:top_inst|clk_div:dut_clk_div|out ;
;  HEX0_D[1] ; top:top_inst|clk_div:dut_clk_div|out ; 7.662 ; 7.526 ; Rise       ; top:top_inst|clk_div:dut_clk_div|out ;
;  HEX0_D[2] ; top:top_inst|clk_div:dut_clk_div|out ; 7.321 ; 7.053 ; Rise       ; top:top_inst|clk_div:dut_clk_div|out ;
;  HEX0_D[3] ; top:top_inst|clk_div:dut_clk_div|out ; 7.187 ; 7.060 ; Rise       ; top:top_inst|clk_div:dut_clk_div|out ;
;  HEX0_D[4] ; top:top_inst|clk_div:dut_clk_div|out ; 7.189 ; 7.187 ; Rise       ; top:top_inst|clk_div:dut_clk_div|out ;
;  HEX0_D[5] ; top:top_inst|clk_div:dut_clk_div|out ; 7.184 ; 7.202 ; Rise       ; top:top_inst|clk_div:dut_clk_div|out ;
;  HEX0_D[6] ; top:top_inst|clk_div:dut_clk_div|out ; 7.081 ; 7.222 ; Rise       ; top:top_inst|clk_div:dut_clk_div|out ;
; HEX1_D[*]  ; top:top_inst|clk_div:dut_clk_div|out ; 8.047 ; 8.181 ; Rise       ; top:top_inst|clk_div:dut_clk_div|out ;
;  HEX1_D[0] ; top:top_inst|clk_div:dut_clk_div|out ; 8.452 ; 8.315 ; Rise       ; top:top_inst|clk_div:dut_clk_div|out ;
;  HEX1_D[1] ; top:top_inst|clk_div:dut_clk_div|out ; 8.469 ; 8.346 ; Rise       ; top:top_inst|clk_div:dut_clk_div|out ;
;  HEX1_D[2] ; top:top_inst|clk_div:dut_clk_div|out ; 8.398 ; 8.272 ; Rise       ; top:top_inst|clk_div:dut_clk_div|out ;
;  HEX1_D[3] ; top:top_inst|clk_div:dut_clk_div|out ; 8.454 ; 8.311 ; Rise       ; top:top_inst|clk_div:dut_clk_div|out ;
;  HEX1_D[4] ; top:top_inst|clk_div:dut_clk_div|out ; 8.450 ; 8.314 ; Rise       ; top:top_inst|clk_div:dut_clk_div|out ;
;  HEX1_D[5] ; top:top_inst|clk_div:dut_clk_div|out ; 8.354 ; 8.210 ; Rise       ; top:top_inst|clk_div:dut_clk_div|out ;
;  HEX1_D[6] ; top:top_inst|clk_div:dut_clk_div|out ; 8.047 ; 8.181 ; Rise       ; top:top_inst|clk_div:dut_clk_div|out ;
; HEX2_D[*]  ; top:top_inst|clk_div:dut_clk_div|out ; 6.127 ; 6.182 ; Rise       ; top:top_inst|clk_div:dut_clk_div|out ;
;  HEX2_D[4] ; top:top_inst|clk_div:dut_clk_div|out ; 6.218 ; 6.186 ; Rise       ; top:top_inst|clk_div:dut_clk_div|out ;
;  HEX2_D[5] ; top:top_inst|clk_div:dut_clk_div|out ; 6.473 ; 6.440 ; Rise       ; top:top_inst|clk_div:dut_clk_div|out ;
;  HEX2_D[6] ; top:top_inst|clk_div:dut_clk_div|out ; 6.127 ; 6.182 ; Rise       ; top:top_inst|clk_div:dut_clk_div|out ;
; HEX3_D[*]  ; top:top_inst|clk_div:dut_clk_div|out ; 6.121 ; 6.124 ; Rise       ; top:top_inst|clk_div:dut_clk_div|out ;
;  HEX3_D[1] ; top:top_inst|clk_div:dut_clk_div|out ; 6.177 ; 6.124 ; Rise       ; top:top_inst|clk_div:dut_clk_div|out ;
;  HEX3_D[6] ; top:top_inst|clk_div:dut_clk_div|out ; 6.121 ; 6.176 ; Rise       ; top:top_inst|clk_div:dut_clk_div|out ;
; LEDG[*]    ; top:top_inst|clk_div:dut_clk_div|out ; 6.332 ; 6.281 ; Rise       ; top:top_inst|clk_div:dut_clk_div|out ;
;  LEDG[0]   ; top:top_inst|clk_div:dut_clk_div|out ; 6.347 ; 6.281 ; Rise       ; top:top_inst|clk_div:dut_clk_div|out ;
;  LEDG[1]   ; top:top_inst|clk_div:dut_clk_div|out ; 6.685 ; 6.629 ; Rise       ; top:top_inst|clk_div:dut_clk_div|out ;
;  LEDG[2]   ; top:top_inst|clk_div:dut_clk_div|out ; 8.436 ; 8.195 ; Rise       ; top:top_inst|clk_div:dut_clk_div|out ;
;  LEDG[3]   ; top:top_inst|clk_div:dut_clk_div|out ; 6.332 ; 6.284 ; Rise       ; top:top_inst|clk_div:dut_clk_div|out ;
;  LEDG[4]   ; top:top_inst|clk_div:dut_clk_div|out ; 6.690 ; 6.607 ; Rise       ; top:top_inst|clk_div:dut_clk_div|out ;
+------------+--------------------------------------+-------+-------+------------+--------------------------------------+


----------------------------------------------
; Slow 1200mV 85C Model Metastability Report ;
----------------------------------------------
No synchronizer chains to report.


+-------------------------------------------------------------------------------------------------------------------------------------+
; Slow 1200mV 0C Model Fmax Summary                                                                                                   ;
+------------+-----------------+--------------------------------------+---------------------------------------------------------------+
; Fmax       ; Restricted Fmax ; Clock Name                           ; Note                                                          ;
+------------+-----------------+--------------------------------------+---------------------------------------------------------------+
; 140.19 MHz ; 140.19 MHz      ; top:top_inst|clk_div:dut_clk_div|out ;                                                               ;
; 286.53 MHz ; 250.0 MHz       ; CLOCK_50                             ; limit due to minimum period restriction (max I/O toggle rate) ;
+------------+-----------------+--------------------------------------+---------------------------------------------------------------+
This panel reports FMAX for every clock in the design, regardless of the user-specified clock periods.  FMAX is only computed for paths where the source and destination registers or ports are driven by the same clock.  Paths of different clocks, including generated clocks, are ignored.  For paths between a clock and its inversion, FMAX is computed as if the rising and falling edges are scaled along with FMAX, such that the duty cycle (in terms of a percentage) is maintained. Altera recommends that you always use clock constraints and other slack reports for sign-off analysis.


+---------------------------------------------------------------+
; Slow 1200mV 0C Model Setup Summary                            ;
+--------------------------------------+--------+---------------+
; Clock                                ; Slack  ; End Point TNS ;
+--------------------------------------+--------+---------------+
; top:top_inst|clk_div:dut_clk_div|out ; -6.133 ; -579.684      ;
; CLOCK_50                             ; -2.490 ; -64.438       ;
+--------------------------------------+--------+---------------+


+--------------------------------------------------------------+
; Slow 1200mV 0C Model Hold Summary                            ;
+--------------------------------------+-------+---------------+
; Clock                                ; Slack ; End Point TNS ;
+--------------------------------------+-------+---------------+
; top:top_inst|clk_div:dut_clk_div|out ; 0.312 ; 0.000         ;
; CLOCK_50                             ; 0.424 ; 0.000         ;
+--------------------------------------+-------+---------------+


-----------------------------------------
; Slow 1200mV 0C Model Recovery Summary ;
-----------------------------------------
No paths to report.


----------------------------------------
; Slow 1200mV 0C Model Removal Summary ;
----------------------------------------
No paths to report.


+---------------------------------------------------------------+
; Slow 1200mV 0C Model Minimum Pulse Width Summary              ;
+--------------------------------------+--------+---------------+
; Clock                                ; Slack  ; End Point TNS ;
+--------------------------------------+--------+---------------+
; CLOCK_50                             ; -3.000 ; -32.000       ;
; top:top_inst|clk_div:dut_clk_div|out ; -2.484 ; -166.440      ;
+--------------------------------------+--------+---------------+


+-------------------------------------------------------------------------------------------------------------------------------------------------------------------------------------------------------------------------------------------------------------------------------------------------------------------------------------------------------------------------+
; Slow 1200mV 0C Model Setup: 'top:top_inst|clk_div:dut_clk_div|out'                                                                                                                                                                                                                                                                                                      ;
+--------+--------------------------------------------------------------------------------------------------------------------+--------------------------------------------------------------------------------------------------------------------+--------------------------------------+--------------------------------------+--------------+------------+------------+
; Slack  ; From Node                                                                                                          ; To Node                                                                                                            ; Launch Clock                         ; Latch Clock                          ; Relationship ; Clock Skew ; Data Delay ;
+--------+--------------------------------------------------------------------------------------------------------------------+--------------------------------------------------------------------------------------------------------------------+--------------------------------------+--------------------------------------+--------------+------------+------------+
; -6.133 ; top:top_inst|memory:dut_memory|altsyncram:mem_rtl_0|altsyncram_dke1:auto_generated|ram_block1a0~portb_address_reg0 ; top:top_inst|cpu:dut_cpu|out_reg[0]                                                                                ; top:top_inst|clk_div:dut_clk_div|out ; top:top_inst|clk_div:dut_clk_div|out ; 1.000        ; -0.278     ; 6.850      ;
; -6.133 ; top:top_inst|memory:dut_memory|altsyncram:mem_rtl_0|altsyncram_dke1:auto_generated|ram_block1a0~portb_address_reg0 ; top:top_inst|cpu:dut_cpu|out_reg[1]                                                                                ; top:top_inst|clk_div:dut_clk_div|out ; top:top_inst|clk_div:dut_clk_div|out ; 1.000        ; -0.278     ; 6.850      ;
; -6.133 ; top:top_inst|memory:dut_memory|altsyncram:mem_rtl_0|altsyncram_dke1:auto_generated|ram_block1a0~portb_address_reg0 ; top:top_inst|cpu:dut_cpu|out_reg[2]                                                                                ; top:top_inst|clk_div:dut_clk_div|out ; top:top_inst|clk_div:dut_clk_div|out ; 1.000        ; -0.278     ; 6.850      ;
; -6.133 ; top:top_inst|memory:dut_memory|altsyncram:mem_rtl_0|altsyncram_dke1:auto_generated|ram_block1a0~portb_address_reg0 ; top:top_inst|cpu:dut_cpu|out_reg[4]                                                                                ; top:top_inst|clk_div:dut_clk_div|out ; top:top_inst|clk_div:dut_clk_div|out ; 1.000        ; -0.278     ; 6.850      ;
; -6.081 ; top:top_inst|cpu:dut_cpu|register:SecondOPregister|out_reg[1]                                                      ; top:top_inst|memory:dut_memory|altsyncram:mem_rtl_0|altsyncram_dke1:auto_generated|ram_block1a0~porta_datain_reg0  ; top:top_inst|clk_div:dut_clk_div|out ; top:top_inst|clk_div:dut_clk_div|out ; 1.000        ; 0.220      ; 7.321      ;
; -6.078 ; top:top_inst|cpu:dut_cpu|register:IRHIGHregister|out_reg[3]                                                        ; top:top_inst|memory:dut_memory|altsyncram:mem_rtl_0|altsyncram_dke1:auto_generated|ram_block1a0~portb_address_reg0 ; top:top_inst|clk_div:dut_clk_div|out ; top:top_inst|clk_div:dut_clk_div|out ; 1.000        ; 0.167      ; 7.265      ;
; -6.075 ; top:top_inst|cpu:dut_cpu|register:SecondOPregister|out_reg[8]                                                      ; top:top_inst|memory:dut_memory|altsyncram:mem_rtl_0|altsyncram_dke1:auto_generated|ram_block1a0~porta_datain_reg0  ; top:top_inst|clk_div:dut_clk_div|out ; top:top_inst|clk_div:dut_clk_div|out ; 1.000        ; 0.220      ; 7.315      ;
; -6.072 ; top:top_inst|cpu:dut_cpu|register:SecondOPregister|out_reg[5]                                                      ; top:top_inst|memory:dut_memory|altsyncram:mem_rtl_0|altsyncram_dke1:auto_generated|ram_block1a0~porta_datain_reg0  ; top:top_inst|clk_div:dut_clk_div|out ; top:top_inst|clk_div:dut_clk_div|out ; 1.000        ; 0.220      ; 7.312      ;
; -6.070 ; top:top_inst|cpu:dut_cpu|register:SecondOPregister|out_reg[0]                                                      ; top:top_inst|memory:dut_memory|altsyncram:mem_rtl_0|altsyncram_dke1:auto_generated|ram_block1a0~porta_datain_reg0  ; top:top_inst|clk_div:dut_clk_div|out ; top:top_inst|clk_div:dut_clk_div|out ; 1.000        ; 0.220      ; 7.310      ;
; -6.068 ; top:top_inst|cpu:dut_cpu|register:SecondOPregister|out_reg[4]                                                      ; top:top_inst|memory:dut_memory|altsyncram:mem_rtl_0|altsyncram_dke1:auto_generated|ram_block1a0~porta_datain_reg0  ; top:top_inst|clk_div:dut_clk_div|out ; top:top_inst|clk_div:dut_clk_div|out ; 1.000        ; 0.220      ; 7.308      ;
; -6.061 ; top:top_inst|cpu:dut_cpu|register:SecondOPregister|out_reg[6]                                                      ; top:top_inst|memory:dut_memory|altsyncram:mem_rtl_0|altsyncram_dke1:auto_generated|ram_block1a0~porta_datain_reg0  ; top:top_inst|clk_div:dut_clk_div|out ; top:top_inst|clk_div:dut_clk_div|out ; 1.000        ; 0.220      ; 7.301      ;
; -6.061 ; top:top_inst|cpu:dut_cpu|register:SecondOPregister|out_reg[14]                                                     ; top:top_inst|memory:dut_memory|altsyncram:mem_rtl_0|altsyncram_dke1:auto_generated|ram_block1a0~porta_datain_reg0  ; top:top_inst|clk_div:dut_clk_div|out ; top:top_inst|clk_div:dut_clk_div|out ; 1.000        ; 0.220      ; 7.301      ;
; -6.059 ; top:top_inst|cpu:dut_cpu|register:SecondOPregister|out_reg[13]                                                     ; top:top_inst|memory:dut_memory|altsyncram:mem_rtl_0|altsyncram_dke1:auto_generated|ram_block1a0~porta_datain_reg0  ; top:top_inst|clk_div:dut_clk_div|out ; top:top_inst|clk_div:dut_clk_div|out ; 1.000        ; 0.220      ; 7.299      ;
; -6.057 ; top:top_inst|cpu:dut_cpu|register:SecondOPregister|out_reg[10]                                                     ; top:top_inst|memory:dut_memory|altsyncram:mem_rtl_0|altsyncram_dke1:auto_generated|ram_block1a0~porta_datain_reg0  ; top:top_inst|clk_div:dut_clk_div|out ; top:top_inst|clk_div:dut_clk_div|out ; 1.000        ; 0.220      ; 7.297      ;
; -6.054 ; top:top_inst|cpu:dut_cpu|register:SecondOPregister|out_reg[11]                                                     ; top:top_inst|memory:dut_memory|altsyncram:mem_rtl_0|altsyncram_dke1:auto_generated|ram_block1a0~porta_datain_reg0  ; top:top_inst|clk_div:dut_clk_div|out ; top:top_inst|clk_div:dut_clk_div|out ; 1.000        ; 0.220      ; 7.294      ;
; -6.051 ; top:top_inst|cpu:dut_cpu|register:SecondOPregister|out_reg[7]                                                      ; top:top_inst|memory:dut_memory|altsyncram:mem_rtl_0|altsyncram_dke1:auto_generated|ram_block1a0~porta_datain_reg0  ; top:top_inst|clk_div:dut_clk_div|out ; top:top_inst|clk_div:dut_clk_div|out ; 1.000        ; 0.220      ; 7.291      ;
; -6.050 ; top:top_inst|cpu:dut_cpu|register:SecondOPregister|out_reg[3]                                                      ; top:top_inst|memory:dut_memory|altsyncram:mem_rtl_0|altsyncram_dke1:auto_generated|ram_block1a0~porta_datain_reg0  ; top:top_inst|clk_div:dut_clk_div|out ; top:top_inst|clk_div:dut_clk_div|out ; 1.000        ; 0.220      ; 7.290      ;
; -6.046 ; top:top_inst|cpu:dut_cpu|register:SecondOPregister|out_reg[12]                                                     ; top:top_inst|memory:dut_memory|altsyncram:mem_rtl_0|altsyncram_dke1:auto_generated|ram_block1a0~porta_datain_reg0  ; top:top_inst|clk_div:dut_clk_div|out ; top:top_inst|clk_div:dut_clk_div|out ; 1.000        ; 0.220      ; 7.286      ;
; -6.043 ; top:top_inst|cpu:dut_cpu|register:SecondOPregister|out_reg[2]                                                      ; top:top_inst|memory:dut_memory|altsyncram:mem_rtl_0|altsyncram_dke1:auto_generated|ram_block1a0~porta_datain_reg0  ; top:top_inst|clk_div:dut_clk_div|out ; top:top_inst|clk_div:dut_clk_div|out ; 1.000        ; 0.220      ; 7.283      ;
; -6.042 ; top:top_inst|cpu:dut_cpu|register:SecondOPregister|out_reg[15]                                                     ; top:top_inst|memory:dut_memory|altsyncram:mem_rtl_0|altsyncram_dke1:auto_generated|ram_block1a0~porta_datain_reg0  ; top:top_inst|clk_div:dut_clk_div|out ; top:top_inst|clk_div:dut_clk_div|out ; 1.000        ; 0.220      ; 7.282      ;
; -6.038 ; top:top_inst|cpu:dut_cpu|register:SecondOPregister|out_reg[9]                                                      ; top:top_inst|memory:dut_memory|altsyncram:mem_rtl_0|altsyncram_dke1:auto_generated|ram_block1a0~porta_datain_reg0  ; top:top_inst|clk_div:dut_clk_div|out ; top:top_inst|clk_div:dut_clk_div|out ; 1.000        ; 0.220      ; 7.278      ;
; -6.026 ; top:top_inst|cpu:dut_cpu|register:IRHIGHregister|out_reg[3]                                                        ; top:top_inst|memory:dut_memory|altsyncram:mem_rtl_0|altsyncram_dke1:auto_generated|ram_block1a0~porta_address_reg0 ; top:top_inst|clk_div:dut_clk_div|out ; top:top_inst|clk_div:dut_clk_div|out ; 1.000        ; 0.218      ; 7.264      ;
; -6.021 ; top:top_inst|cpu:dut_cpu|register:IRHIGHregister|out_reg[7]                                                        ; top:top_inst|memory:dut_memory|altsyncram:mem_rtl_0|altsyncram_dke1:auto_generated|ram_block1a0~portb_address_reg0 ; top:top_inst|clk_div:dut_clk_div|out ; top:top_inst|clk_div:dut_clk_div|out ; 1.000        ; 0.167      ; 7.208      ;
; -6.005 ; top:top_inst|cpu:dut_cpu|register:IRHIGHregister|out_reg[11]                                                       ; top:top_inst|memory:dut_memory|altsyncram:mem_rtl_0|altsyncram_dke1:auto_generated|ram_block1a0~portb_address_reg0 ; top:top_inst|clk_div:dut_clk_div|out ; top:top_inst|clk_div:dut_clk_div|out ; 1.000        ; 0.172      ; 7.197      ;
; -5.969 ; top:top_inst|cpu:dut_cpu|register:IRHIGHregister|out_reg[7]                                                        ; top:top_inst|memory:dut_memory|altsyncram:mem_rtl_0|altsyncram_dke1:auto_generated|ram_block1a0~porta_address_reg0 ; top:top_inst|clk_div:dut_clk_div|out ; top:top_inst|clk_div:dut_clk_div|out ; 1.000        ; 0.218      ; 7.207      ;
; -5.965 ; top:top_inst|memory:dut_memory|altsyncram:mem_rtl_0|altsyncram_dke1:auto_generated|ram_block1a0~portb_address_reg0 ; top:top_inst|cpu:dut_cpu|out_reg[3]                                                                                ; top:top_inst|clk_div:dut_clk_div|out ; top:top_inst|clk_div:dut_clk_div|out ; 1.000        ; -0.279     ; 6.681      ;
; -5.953 ; top:top_inst|cpu:dut_cpu|register:IRHIGHregister|out_reg[11]                                                       ; top:top_inst|memory:dut_memory|altsyncram:mem_rtl_0|altsyncram_dke1:auto_generated|ram_block1a0~porta_address_reg0 ; top:top_inst|clk_div:dut_clk_div|out ; top:top_inst|clk_div:dut_clk_div|out ; 1.000        ; 0.223      ; 7.196      ;
; -5.936 ; top:top_inst|cpu:dut_cpu|register:IRHIGHregister|out_reg[15]                                                       ; top:top_inst|memory:dut_memory|altsyncram:mem_rtl_0|altsyncram_dke1:auto_generated|ram_block1a0~portb_address_reg0 ; top:top_inst|clk_div:dut_clk_div|out ; top:top_inst|clk_div:dut_clk_div|out ; 1.000        ; 0.167      ; 7.123      ;
; -5.884 ; top:top_inst|cpu:dut_cpu|register:IRHIGHregister|out_reg[15]                                                       ; top:top_inst|memory:dut_memory|altsyncram:mem_rtl_0|altsyncram_dke1:auto_generated|ram_block1a0~porta_address_reg0 ; top:top_inst|clk_div:dut_clk_div|out ; top:top_inst|clk_div:dut_clk_div|out ; 1.000        ; 0.218      ; 7.122      ;
; -5.878 ; top:top_inst|cpu:dut_cpu|register:IRHIGHregister|out_reg[13]                                                       ; top:top_inst|memory:dut_memory|altsyncram:mem_rtl_0|altsyncram_dke1:auto_generated|ram_block1a0~portb_address_reg0 ; top:top_inst|clk_div:dut_clk_div|out ; top:top_inst|clk_div:dut_clk_div|out ; 1.000        ; 0.172      ; 7.070      ;
; -5.852 ; top:top_inst|cpu:dut_cpu|cnt_step_reg[0]                                                                           ; top:top_inst|memory:dut_memory|altsyncram:mem_rtl_0|altsyncram_dke1:auto_generated|ram_block1a0~portb_address_reg0 ; top:top_inst|clk_div:dut_clk_div|out ; top:top_inst|clk_div:dut_clk_div|out ; 1.000        ; 0.167      ; 7.039      ;
; -5.837 ; top:top_inst|cpu:dut_cpu|cnt_step_reg[2]                                                                           ; top:top_inst|memory:dut_memory|altsyncram:mem_rtl_0|altsyncram_dke1:auto_generated|ram_block1a0~portb_address_reg0 ; top:top_inst|clk_div:dut_clk_div|out ; top:top_inst|clk_div:dut_clk_div|out ; 1.000        ; 0.173      ; 7.030      ;
; -5.826 ; top:top_inst|cpu:dut_cpu|register:IRHIGHregister|out_reg[13]                                                       ; top:top_inst|memory:dut_memory|altsyncram:mem_rtl_0|altsyncram_dke1:auto_generated|ram_block1a0~porta_address_reg0 ; top:top_inst|clk_div:dut_clk_div|out ; top:top_inst|clk_div:dut_clk_div|out ; 1.000        ; 0.223      ; 7.069      ;
; -5.800 ; top:top_inst|cpu:dut_cpu|cnt_step_reg[0]                                                                           ; top:top_inst|memory:dut_memory|altsyncram:mem_rtl_0|altsyncram_dke1:auto_generated|ram_block1a0~porta_address_reg0 ; top:top_inst|clk_div:dut_clk_div|out ; top:top_inst|clk_div:dut_clk_div|out ; 1.000        ; 0.218      ; 7.038      ;
; -5.796 ; top:top_inst|cpu:dut_cpu|register:IRHIGHregister|out_reg[3]                                                        ; top:top_inst|memory:dut_memory|altsyncram:mem_rtl_0|altsyncram_dke1:auto_generated|ram_block1a0~porta_datain_reg0  ; top:top_inst|clk_div:dut_clk_div|out ; top:top_inst|clk_div:dut_clk_div|out ; 1.000        ; 0.222      ; 7.038      ;
; -5.785 ; top:top_inst|cpu:dut_cpu|cnt_step_reg[2]                                                                           ; top:top_inst|memory:dut_memory|altsyncram:mem_rtl_0|altsyncram_dke1:auto_generated|ram_block1a0~porta_address_reg0 ; top:top_inst|clk_div:dut_clk_div|out ; top:top_inst|clk_div:dut_clk_div|out ; 1.000        ; 0.224      ; 7.029      ;
; -5.759 ; top:top_inst|cpu:dut_cpu|register:IRHIGHregister|out_reg[12]                                                       ; top:top_inst|memory:dut_memory|altsyncram:mem_rtl_0|altsyncram_dke1:auto_generated|ram_block1a0~portb_address_reg0 ; top:top_inst|clk_div:dut_clk_div|out ; top:top_inst|clk_div:dut_clk_div|out ; 1.000        ; 0.172      ; 6.951      ;
; -5.759 ; top:top_inst|cpu:dut_cpu|cnt_step_reg[1]                                                                           ; top:top_inst|memory:dut_memory|altsyncram:mem_rtl_0|altsyncram_dke1:auto_generated|ram_block1a0~portb_address_reg0 ; top:top_inst|clk_div:dut_clk_div|out ; top:top_inst|clk_div:dut_clk_div|out ; 1.000        ; 0.173      ; 6.952      ;
; -5.755 ; top:top_inst|cpu:dut_cpu|cnt_step_reg[1]                                                                           ; top:top_inst|memory:dut_memory|altsyncram:mem_rtl_0|altsyncram_dke1:auto_generated|ram_block1a0~porta_datain_reg0  ; top:top_inst|clk_div:dut_clk_div|out ; top:top_inst|clk_div:dut_clk_div|out ; 1.000        ; 0.228      ; 7.003      ;
; -5.728 ; top:top_inst|memory:dut_memory|altsyncram:mem_rtl_0|altsyncram_dke1:auto_generated|ram_block1a0~portb_address_reg0 ; top:top_inst|memory:dut_memory|altsyncram:mem_rtl_0|altsyncram_dke1:auto_generated|ram_block1a0~porta_datain_reg0  ; top:top_inst|clk_div:dut_clk_div|out ; top:top_inst|clk_div:dut_clk_div|out ; 1.000        ; 0.004      ; 6.752      ;
; -5.707 ; top:top_inst|cpu:dut_cpu|register:IRHIGHregister|out_reg[12]                                                       ; top:top_inst|memory:dut_memory|altsyncram:mem_rtl_0|altsyncram_dke1:auto_generated|ram_block1a0~porta_address_reg0 ; top:top_inst|clk_div:dut_clk_div|out ; top:top_inst|clk_div:dut_clk_div|out ; 1.000        ; 0.223      ; 6.950      ;
; -5.707 ; top:top_inst|cpu:dut_cpu|cnt_step_reg[1]                                                                           ; top:top_inst|memory:dut_memory|altsyncram:mem_rtl_0|altsyncram_dke1:auto_generated|ram_block1a0~porta_address_reg0 ; top:top_inst|clk_div:dut_clk_div|out ; top:top_inst|clk_div:dut_clk_div|out ; 1.000        ; 0.224      ; 6.951      ;
; -5.656 ; top:top_inst|cpu:dut_cpu|cnt_step_reg[2]                                                                           ; top:top_inst|memory:dut_memory|altsyncram:mem_rtl_0|altsyncram_dke1:auto_generated|ram_block1a0~porta_datain_reg0  ; top:top_inst|clk_div:dut_clk_div|out ; top:top_inst|clk_div:dut_clk_div|out ; 1.000        ; 0.228      ; 6.904      ;
; -5.635 ; top:top_inst|cpu:dut_cpu|register:IRHIGHregister|out_reg[1]                                                        ; top:top_inst|memory:dut_memory|altsyncram:mem_rtl_0|altsyncram_dke1:auto_generated|ram_block1a0~portb_address_reg0 ; top:top_inst|clk_div:dut_clk_div|out ; top:top_inst|clk_div:dut_clk_div|out ; 1.000        ; 0.173      ; 6.828      ;
; -5.630 ; top:top_inst|cpu:dut_cpu|register:IRHIGHregister|out_reg[14]                                                       ; top:top_inst|memory:dut_memory|altsyncram:mem_rtl_0|altsyncram_dke1:auto_generated|ram_block1a0~portb_address_reg0 ; top:top_inst|clk_div:dut_clk_div|out ; top:top_inst|clk_div:dut_clk_div|out ; 1.000        ; 0.173      ; 6.823      ;
; -5.623 ; top:top_inst|cpu:dut_cpu|register:IRHIGHregister|out_reg[2]                                                        ; top:top_inst|memory:dut_memory|altsyncram:mem_rtl_0|altsyncram_dke1:auto_generated|ram_block1a0~portb_address_reg0 ; top:top_inst|clk_div:dut_clk_div|out ; top:top_inst|clk_div:dut_clk_div|out ; 1.000        ; 0.173      ; 6.816      ;
; -5.583 ; top:top_inst|cpu:dut_cpu|register:IRHIGHregister|out_reg[1]                                                        ; top:top_inst|memory:dut_memory|altsyncram:mem_rtl_0|altsyncram_dke1:auto_generated|ram_block1a0~porta_address_reg0 ; top:top_inst|clk_div:dut_clk_div|out ; top:top_inst|clk_div:dut_clk_div|out ; 1.000        ; 0.224      ; 6.827      ;
; -5.578 ; top:top_inst|cpu:dut_cpu|register:IRHIGHregister|out_reg[14]                                                       ; top:top_inst|memory:dut_memory|altsyncram:mem_rtl_0|altsyncram_dke1:auto_generated|ram_block1a0~porta_address_reg0 ; top:top_inst|clk_div:dut_clk_div|out ; top:top_inst|clk_div:dut_clk_div|out ; 1.000        ; 0.224      ; 6.822      ;
; -5.571 ; top:top_inst|cpu:dut_cpu|register:IRHIGHregister|out_reg[2]                                                        ; top:top_inst|memory:dut_memory|altsyncram:mem_rtl_0|altsyncram_dke1:auto_generated|ram_block1a0~porta_address_reg0 ; top:top_inst|clk_div:dut_clk_div|out ; top:top_inst|clk_div:dut_clk_div|out ; 1.000        ; 0.224      ; 6.815      ;
; -5.566 ; top:top_inst|cpu:dut_cpu|cnt_step_reg[0]                                                                           ; top:top_inst|memory:dut_memory|altsyncram:mem_rtl_0|altsyncram_dke1:auto_generated|ram_block1a0~porta_datain_reg0  ; top:top_inst|clk_div:dut_clk_div|out ; top:top_inst|clk_div:dut_clk_div|out ; 1.000        ; 0.222      ; 6.808      ;
; -5.554 ; top:top_inst|memory:dut_memory|altsyncram:mem_rtl_0|altsyncram_dke1:auto_generated|ram_block1a0~portb_address_reg0 ; top:top_inst|memory:dut_memory|altsyncram:mem_rtl_0|altsyncram_dke1:auto_generated|ram_block1a0~portb_address_reg0 ; top:top_inst|clk_div:dut_clk_div|out ; top:top_inst|clk_div:dut_clk_div|out ; 1.000        ; -0.051     ; 6.523      ;
; -5.539 ; top:top_inst|cpu:dut_cpu|cnt_step_reg[2]                                                                           ; top:top_inst|cpu:dut_cpu|out_reg[0]                                                                                ; top:top_inst|clk_div:dut_clk_div|out ; top:top_inst|clk_div:dut_clk_div|out ; 1.000        ; -0.054     ; 6.480      ;
; -5.539 ; top:top_inst|cpu:dut_cpu|cnt_step_reg[2]                                                                           ; top:top_inst|cpu:dut_cpu|out_reg[1]                                                                                ; top:top_inst|clk_div:dut_clk_div|out ; top:top_inst|clk_div:dut_clk_div|out ; 1.000        ; -0.054     ; 6.480      ;
; -5.539 ; top:top_inst|cpu:dut_cpu|cnt_step_reg[2]                                                                           ; top:top_inst|cpu:dut_cpu|out_reg[2]                                                                                ; top:top_inst|clk_div:dut_clk_div|out ; top:top_inst|clk_div:dut_clk_div|out ; 1.000        ; -0.054     ; 6.480      ;
; -5.539 ; top:top_inst|cpu:dut_cpu|cnt_step_reg[2]                                                                           ; top:top_inst|cpu:dut_cpu|out_reg[4]                                                                                ; top:top_inst|clk_div:dut_clk_div|out ; top:top_inst|clk_div:dut_clk_div|out ; 1.000        ; -0.054     ; 6.480      ;
; -5.520 ; top:top_inst|cpu:dut_cpu|register:IRHIGHregister|out_reg[7]                                                        ; top:top_inst|memory:dut_memory|altsyncram:mem_rtl_0|altsyncram_dke1:auto_generated|ram_block1a0~porta_datain_reg0  ; top:top_inst|clk_div:dut_clk_div|out ; top:top_inst|clk_div:dut_clk_div|out ; 1.000        ; 0.222      ; 6.762      ;
; -5.507 ; top:top_inst|cpu:dut_cpu|register:IRHIGHregister|out_reg[15]                                                       ; top:top_inst|memory:dut_memory|altsyncram:mem_rtl_0|altsyncram_dke1:auto_generated|ram_block1a0~porta_datain_reg0  ; top:top_inst|clk_div:dut_clk_div|out ; top:top_inst|clk_div:dut_clk_div|out ; 1.000        ; 0.222      ; 6.749      ;
; -5.502 ; top:top_inst|memory:dut_memory|altsyncram:mem_rtl_0|altsyncram_dke1:auto_generated|ram_block1a0~portb_address_reg0 ; top:top_inst|memory:dut_memory|altsyncram:mem_rtl_0|altsyncram_dke1:auto_generated|ram_block1a0~porta_address_reg0 ; top:top_inst|clk_div:dut_clk_div|out ; top:top_inst|clk_div:dut_clk_div|out ; 1.000        ; 0.000      ; 6.522      ;
; -5.502 ; top:top_inst|cpu:dut_cpu|cnt_step_reg[0]                                                                           ; top:top_inst|cpu:dut_cpu|out_reg[0]                                                                                ; top:top_inst|clk_div:dut_clk_div|out ; top:top_inst|clk_div:dut_clk_div|out ; 1.000        ; -0.060     ; 6.437      ;
; -5.502 ; top:top_inst|cpu:dut_cpu|cnt_step_reg[0]                                                                           ; top:top_inst|cpu:dut_cpu|out_reg[1]                                                                                ; top:top_inst|clk_div:dut_clk_div|out ; top:top_inst|clk_div:dut_clk_div|out ; 1.000        ; -0.060     ; 6.437      ;
; -5.502 ; top:top_inst|cpu:dut_cpu|cnt_step_reg[0]                                                                           ; top:top_inst|cpu:dut_cpu|out_reg[2]                                                                                ; top:top_inst|clk_div:dut_clk_div|out ; top:top_inst|clk_div:dut_clk_div|out ; 1.000        ; -0.060     ; 6.437      ;
; -5.502 ; top:top_inst|cpu:dut_cpu|cnt_step_reg[0]                                                                           ; top:top_inst|cpu:dut_cpu|out_reg[4]                                                                                ; top:top_inst|clk_div:dut_clk_div|out ; top:top_inst|clk_div:dut_clk_div|out ; 1.000        ; -0.060     ; 6.437      ;
; -5.494 ; top:top_inst|cpu:dut_cpu|cnt_step_reg[1]                                                                           ; top:top_inst|cpu:dut_cpu|out_reg[0]                                                                                ; top:top_inst|clk_div:dut_clk_div|out ; top:top_inst|clk_div:dut_clk_div|out ; 1.000        ; -0.054     ; 6.435      ;
; -5.494 ; top:top_inst|cpu:dut_cpu|cnt_step_reg[1]                                                                           ; top:top_inst|cpu:dut_cpu|out_reg[1]                                                                                ; top:top_inst|clk_div:dut_clk_div|out ; top:top_inst|clk_div:dut_clk_div|out ; 1.000        ; -0.054     ; 6.435      ;
; -5.494 ; top:top_inst|cpu:dut_cpu|cnt_step_reg[1]                                                                           ; top:top_inst|cpu:dut_cpu|out_reg[2]                                                                                ; top:top_inst|clk_div:dut_clk_div|out ; top:top_inst|clk_div:dut_clk_div|out ; 1.000        ; -0.054     ; 6.435      ;
; -5.494 ; top:top_inst|cpu:dut_cpu|cnt_step_reg[1]                                                                           ; top:top_inst|cpu:dut_cpu|out_reg[4]                                                                                ; top:top_inst|clk_div:dut_clk_div|out ; top:top_inst|clk_div:dut_clk_div|out ; 1.000        ; -0.054     ; 6.435      ;
; -5.488 ; top:top_inst|cpu:dut_cpu|register:IRHIGHregister|out_reg[0]                                                        ; top:top_inst|memory:dut_memory|altsyncram:mem_rtl_0|altsyncram_dke1:auto_generated|ram_block1a0~portb_address_reg0 ; top:top_inst|clk_div:dut_clk_div|out ; top:top_inst|clk_div:dut_clk_div|out ; 1.000        ; 0.173      ; 6.681      ;
; -5.474 ; top:top_inst|cpu:dut_cpu|register:FirstOPregister|out_reg[0]                                                       ; top:top_inst|memory:dut_memory|altsyncram:mem_rtl_0|altsyncram_dke1:auto_generated|ram_block1a0~porta_datain_reg0  ; top:top_inst|clk_div:dut_clk_div|out ; top:top_inst|clk_div:dut_clk_div|out ; 1.000        ; 0.305      ; 6.799      ;
; -5.474 ; top:top_inst|cpu:dut_cpu|register:FirstOPregister|out_reg[1]                                                       ; top:top_inst|memory:dut_memory|altsyncram:mem_rtl_0|altsyncram_dke1:auto_generated|ram_block1a0~porta_datain_reg0  ; top:top_inst|clk_div:dut_clk_div|out ; top:top_inst|clk_div:dut_clk_div|out ; 1.000        ; 0.305      ; 6.799      ;
; -5.474 ; top:top_inst|cpu:dut_cpu|register:FirstOPregister|out_reg[2]                                                       ; top:top_inst|memory:dut_memory|altsyncram:mem_rtl_0|altsyncram_dke1:auto_generated|ram_block1a0~porta_datain_reg0  ; top:top_inst|clk_div:dut_clk_div|out ; top:top_inst|clk_div:dut_clk_div|out ; 1.000        ; 0.305      ; 6.799      ;
; -5.474 ; top:top_inst|cpu:dut_cpu|register:FirstOPregister|out_reg[3]                                                       ; top:top_inst|memory:dut_memory|altsyncram:mem_rtl_0|altsyncram_dke1:auto_generated|ram_block1a0~porta_datain_reg0  ; top:top_inst|clk_div:dut_clk_div|out ; top:top_inst|clk_div:dut_clk_div|out ; 1.000        ; 0.305      ; 6.799      ;
; -5.474 ; top:top_inst|cpu:dut_cpu|register:FirstOPregister|out_reg[4]                                                       ; top:top_inst|memory:dut_memory|altsyncram:mem_rtl_0|altsyncram_dke1:auto_generated|ram_block1a0~porta_datain_reg0  ; top:top_inst|clk_div:dut_clk_div|out ; top:top_inst|clk_div:dut_clk_div|out ; 1.000        ; 0.305      ; 6.799      ;
; -5.474 ; top:top_inst|cpu:dut_cpu|register:FirstOPregister|out_reg[5]                                                       ; top:top_inst|memory:dut_memory|altsyncram:mem_rtl_0|altsyncram_dke1:auto_generated|ram_block1a0~porta_datain_reg0  ; top:top_inst|clk_div:dut_clk_div|out ; top:top_inst|clk_div:dut_clk_div|out ; 1.000        ; 0.305      ; 6.799      ;
; -5.474 ; top:top_inst|cpu:dut_cpu|register:FirstOPregister|out_reg[6]                                                       ; top:top_inst|memory:dut_memory|altsyncram:mem_rtl_0|altsyncram_dke1:auto_generated|ram_block1a0~porta_datain_reg0  ; top:top_inst|clk_div:dut_clk_div|out ; top:top_inst|clk_div:dut_clk_div|out ; 1.000        ; 0.305      ; 6.799      ;
; -5.474 ; top:top_inst|cpu:dut_cpu|register:FirstOPregister|out_reg[7]                                                       ; top:top_inst|memory:dut_memory|altsyncram:mem_rtl_0|altsyncram_dke1:auto_generated|ram_block1a0~porta_datain_reg0  ; top:top_inst|clk_div:dut_clk_div|out ; top:top_inst|clk_div:dut_clk_div|out ; 1.000        ; 0.305      ; 6.799      ;
; -5.474 ; top:top_inst|cpu:dut_cpu|register:FirstOPregister|out_reg[8]                                                       ; top:top_inst|memory:dut_memory|altsyncram:mem_rtl_0|altsyncram_dke1:auto_generated|ram_block1a0~porta_datain_reg0  ; top:top_inst|clk_div:dut_clk_div|out ; top:top_inst|clk_div:dut_clk_div|out ; 1.000        ; 0.305      ; 6.799      ;
; -5.474 ; top:top_inst|cpu:dut_cpu|register:FirstOPregister|out_reg[9]                                                       ; top:top_inst|memory:dut_memory|altsyncram:mem_rtl_0|altsyncram_dke1:auto_generated|ram_block1a0~porta_datain_reg0  ; top:top_inst|clk_div:dut_clk_div|out ; top:top_inst|clk_div:dut_clk_div|out ; 1.000        ; 0.305      ; 6.799      ;
; -5.474 ; top:top_inst|cpu:dut_cpu|register:FirstOPregister|out_reg[10]                                                      ; top:top_inst|memory:dut_memory|altsyncram:mem_rtl_0|altsyncram_dke1:auto_generated|ram_block1a0~porta_datain_reg0  ; top:top_inst|clk_div:dut_clk_div|out ; top:top_inst|clk_div:dut_clk_div|out ; 1.000        ; 0.305      ; 6.799      ;
; -5.474 ; top:top_inst|cpu:dut_cpu|register:FirstOPregister|out_reg[11]                                                      ; top:top_inst|memory:dut_memory|altsyncram:mem_rtl_0|altsyncram_dke1:auto_generated|ram_block1a0~porta_datain_reg0  ; top:top_inst|clk_div:dut_clk_div|out ; top:top_inst|clk_div:dut_clk_div|out ; 1.000        ; 0.305      ; 6.799      ;
; -5.474 ; top:top_inst|cpu:dut_cpu|register:FirstOPregister|out_reg[12]                                                      ; top:top_inst|memory:dut_memory|altsyncram:mem_rtl_0|altsyncram_dke1:auto_generated|ram_block1a0~porta_datain_reg0  ; top:top_inst|clk_div:dut_clk_div|out ; top:top_inst|clk_div:dut_clk_div|out ; 1.000        ; 0.305      ; 6.799      ;
; -5.474 ; top:top_inst|cpu:dut_cpu|register:FirstOPregister|out_reg[13]                                                      ; top:top_inst|memory:dut_memory|altsyncram:mem_rtl_0|altsyncram_dke1:auto_generated|ram_block1a0~porta_datain_reg0  ; top:top_inst|clk_div:dut_clk_div|out ; top:top_inst|clk_div:dut_clk_div|out ; 1.000        ; 0.305      ; 6.799      ;
; -5.474 ; top:top_inst|cpu:dut_cpu|register:FirstOPregister|out_reg[14]                                                      ; top:top_inst|memory:dut_memory|altsyncram:mem_rtl_0|altsyncram_dke1:auto_generated|ram_block1a0~porta_datain_reg0  ; top:top_inst|clk_div:dut_clk_div|out ; top:top_inst|clk_div:dut_clk_div|out ; 1.000        ; 0.305      ; 6.799      ;
; -5.474 ; top:top_inst|cpu:dut_cpu|register:FirstOPregister|out_reg[15]                                                      ; top:top_inst|memory:dut_memory|altsyncram:mem_rtl_0|altsyncram_dke1:auto_generated|ram_block1a0~porta_datain_reg0  ; top:top_inst|clk_div:dut_clk_div|out ; top:top_inst|clk_div:dut_clk_div|out ; 1.000        ; 0.305      ; 6.799      ;
; -5.446 ; top:top_inst|cpu:dut_cpu|register:SecondOPregister|out_reg[1]                                                      ; top:top_inst|memory:dut_memory|mem_rtl_0_bypass[14]                                                                ; top:top_inst|clk_div:dut_clk_div|out ; top:top_inst|clk_div:dut_clk_div|out ; 1.000        ; -0.054     ; 6.387      ;
; -5.440 ; top:top_inst|cpu:dut_cpu|register:SecondOPregister|out_reg[8]                                                      ; top:top_inst|memory:dut_memory|mem_rtl_0_bypass[14]                                                                ; top:top_inst|clk_div:dut_clk_div|out ; top:top_inst|clk_div:dut_clk_div|out ; 1.000        ; -0.054     ; 6.381      ;
; -5.437 ; top:top_inst|cpu:dut_cpu|register:SecondOPregister|out_reg[1]                                                      ; top:top_inst|memory:dut_memory|mem_rtl_0_bypass[15]                                                                ; top:top_inst|clk_div:dut_clk_div|out ; top:top_inst|clk_div:dut_clk_div|out ; 1.000        ; -0.054     ; 6.378      ;
; -5.437 ; top:top_inst|cpu:dut_cpu|register:SecondOPregister|out_reg[5]                                                      ; top:top_inst|memory:dut_memory|mem_rtl_0_bypass[14]                                                                ; top:top_inst|clk_div:dut_clk_div|out ; top:top_inst|clk_div:dut_clk_div|out ; 1.000        ; -0.054     ; 6.378      ;
; -5.436 ; top:top_inst|cpu:dut_cpu|register:IRHIGHregister|out_reg[0]                                                        ; top:top_inst|memory:dut_memory|altsyncram:mem_rtl_0|altsyncram_dke1:auto_generated|ram_block1a0~porta_address_reg0 ; top:top_inst|clk_div:dut_clk_div|out ; top:top_inst|clk_div:dut_clk_div|out ; 1.000        ; 0.224      ; 6.680      ;
; -5.435 ; top:top_inst|cpu:dut_cpu|register:SecondOPregister|out_reg[0]                                                      ; top:top_inst|memory:dut_memory|mem_rtl_0_bypass[14]                                                                ; top:top_inst|clk_div:dut_clk_div|out ; top:top_inst|clk_div:dut_clk_div|out ; 1.000        ; -0.054     ; 6.376      ;
; -5.433 ; top:top_inst|cpu:dut_cpu|register:SecondOPregister|out_reg[4]                                                      ; top:top_inst|memory:dut_memory|mem_rtl_0_bypass[14]                                                                ; top:top_inst|clk_div:dut_clk_div|out ; top:top_inst|clk_div:dut_clk_div|out ; 1.000        ; -0.054     ; 6.374      ;
; -5.431 ; top:top_inst|cpu:dut_cpu|register:SecondOPregister|out_reg[8]                                                      ; top:top_inst|memory:dut_memory|mem_rtl_0_bypass[15]                                                                ; top:top_inst|clk_div:dut_clk_div|out ; top:top_inst|clk_div:dut_clk_div|out ; 1.000        ; -0.054     ; 6.372      ;
; -5.428 ; top:top_inst|cpu:dut_cpu|register:SecondOPregister|out_reg[5]                                                      ; top:top_inst|memory:dut_memory|mem_rtl_0_bypass[15]                                                                ; top:top_inst|clk_div:dut_clk_div|out ; top:top_inst|clk_div:dut_clk_div|out ; 1.000        ; -0.054     ; 6.369      ;
; -5.426 ; top:top_inst|cpu:dut_cpu|register:SecondOPregister|out_reg[6]                                                      ; top:top_inst|memory:dut_memory|mem_rtl_0_bypass[14]                                                                ; top:top_inst|clk_div:dut_clk_div|out ; top:top_inst|clk_div:dut_clk_div|out ; 1.000        ; -0.054     ; 6.367      ;
; -5.426 ; top:top_inst|cpu:dut_cpu|register:SecondOPregister|out_reg[14]                                                     ; top:top_inst|memory:dut_memory|mem_rtl_0_bypass[14]                                                                ; top:top_inst|clk_div:dut_clk_div|out ; top:top_inst|clk_div:dut_clk_div|out ; 1.000        ; -0.054     ; 6.367      ;
; -5.426 ; top:top_inst|cpu:dut_cpu|register:SecondOPregister|out_reg[0]                                                      ; top:top_inst|memory:dut_memory|mem_rtl_0_bypass[15]                                                                ; top:top_inst|clk_div:dut_clk_div|out ; top:top_inst|clk_div:dut_clk_div|out ; 1.000        ; -0.054     ; 6.367      ;
; -5.424 ; top:top_inst|cpu:dut_cpu|register:SecondOPregister|out_reg[13]                                                     ; top:top_inst|memory:dut_memory|mem_rtl_0_bypass[14]                                                                ; top:top_inst|clk_div:dut_clk_div|out ; top:top_inst|clk_div:dut_clk_div|out ; 1.000        ; -0.054     ; 6.365      ;
; -5.424 ; top:top_inst|cpu:dut_cpu|register:SecondOPregister|out_reg[4]                                                      ; top:top_inst|memory:dut_memory|mem_rtl_0_bypass[15]                                                                ; top:top_inst|clk_div:dut_clk_div|out ; top:top_inst|clk_div:dut_clk_div|out ; 1.000        ; -0.054     ; 6.365      ;
; -5.422 ; top:top_inst|cpu:dut_cpu|register:SecondOPregister|out_reg[10]                                                     ; top:top_inst|memory:dut_memory|mem_rtl_0_bypass[14]                                                                ; top:top_inst|clk_div:dut_clk_div|out ; top:top_inst|clk_div:dut_clk_div|out ; 1.000        ; -0.054     ; 6.363      ;
; -5.419 ; top:top_inst|cpu:dut_cpu|register:SecondOPregister|out_reg[11]                                                     ; top:top_inst|memory:dut_memory|mem_rtl_0_bypass[14]                                                                ; top:top_inst|clk_div:dut_clk_div|out ; top:top_inst|clk_div:dut_clk_div|out ; 1.000        ; -0.054     ; 6.360      ;
; -5.417 ; top:top_inst|cpu:dut_cpu|register:SecondOPregister|out_reg[6]                                                      ; top:top_inst|memory:dut_memory|mem_rtl_0_bypass[15]                                                                ; top:top_inst|clk_div:dut_clk_div|out ; top:top_inst|clk_div:dut_clk_div|out ; 1.000        ; -0.054     ; 6.358      ;
+--------+--------------------------------------------------------------------------------------------------------------------+--------------------------------------------------------------------------------------------------------------------+--------------------------------------+--------------------------------------+--------------+------------+------------+


+----------------------------------------------------------------------------------------------------------------------------------------------------------------------------+
; Slow 1200mV 0C Model Setup: 'CLOCK_50'                                                                                                                                     ;
+--------+----------------------------------------------+----------------------------------------------+--------------+-------------+--------------+------------+------------+
; Slack  ; From Node                                    ; To Node                                      ; Launch Clock ; Latch Clock ; Relationship ; Clock Skew ; Data Delay ;
+--------+----------------------------------------------+----------------------------------------------+--------------+-------------+--------------+------------+------------+
; -2.490 ; top:top_inst|clk_div:dut_clk_div|counter[2]  ; top:top_inst|clk_div:dut_clk_div|counter[14] ; CLOCK_50     ; CLOCK_50    ; 1.000        ; -0.056     ; 3.429      ;
; -2.490 ; top:top_inst|clk_div:dut_clk_div|counter[2]  ; top:top_inst|clk_div:dut_clk_div|counter[20] ; CLOCK_50     ; CLOCK_50    ; 1.000        ; -0.056     ; 3.429      ;
; -2.490 ; top:top_inst|clk_div:dut_clk_div|counter[2]  ; top:top_inst|clk_div:dut_clk_div|counter[22] ; CLOCK_50     ; CLOCK_50    ; 1.000        ; -0.056     ; 3.429      ;
; -2.441 ; top:top_inst|clk_div:dut_clk_div|counter[14] ; top:top_inst|clk_div:dut_clk_div|counter[14] ; CLOCK_50     ; CLOCK_50    ; 1.000        ; -0.054     ; 3.382      ;
; -2.441 ; top:top_inst|clk_div:dut_clk_div|counter[14] ; top:top_inst|clk_div:dut_clk_div|counter[20] ; CLOCK_50     ; CLOCK_50    ; 1.000        ; -0.054     ; 3.382      ;
; -2.441 ; top:top_inst|clk_div:dut_clk_div|counter[14] ; top:top_inst|clk_div:dut_clk_div|counter[22] ; CLOCK_50     ; CLOCK_50    ; 1.000        ; -0.054     ; 3.382      ;
; -2.392 ; top:top_inst|clk_div:dut_clk_div|counter[13] ; top:top_inst|clk_div:dut_clk_div|counter[14] ; CLOCK_50     ; CLOCK_50    ; 1.000        ; -0.056     ; 3.331      ;
; -2.392 ; top:top_inst|clk_div:dut_clk_div|counter[13] ; top:top_inst|clk_div:dut_clk_div|counter[20] ; CLOCK_50     ; CLOCK_50    ; 1.000        ; -0.056     ; 3.331      ;
; -2.392 ; top:top_inst|clk_div:dut_clk_div|counter[13] ; top:top_inst|clk_div:dut_clk_div|counter[22] ; CLOCK_50     ; CLOCK_50    ; 1.000        ; -0.056     ; 3.331      ;
; -2.388 ; top:top_inst|clk_div:dut_clk_div|counter[6]  ; top:top_inst|clk_div:dut_clk_div|counter[14] ; CLOCK_50     ; CLOCK_50    ; 1.000        ; -0.056     ; 3.327      ;
; -2.388 ; top:top_inst|clk_div:dut_clk_div|counter[6]  ; top:top_inst|clk_div:dut_clk_div|counter[20] ; CLOCK_50     ; CLOCK_50    ; 1.000        ; -0.056     ; 3.327      ;
; -2.388 ; top:top_inst|clk_div:dut_clk_div|counter[6]  ; top:top_inst|clk_div:dut_clk_div|counter[22] ; CLOCK_50     ; CLOCK_50    ; 1.000        ; -0.056     ; 3.327      ;
; -2.306 ; top:top_inst|clk_div:dut_clk_div|counter[16] ; top:top_inst|clk_div:dut_clk_div|counter[14] ; CLOCK_50     ; CLOCK_50    ; 1.000        ; -0.382     ; 2.919      ;
; -2.306 ; top:top_inst|clk_div:dut_clk_div|counter[16] ; top:top_inst|clk_div:dut_clk_div|counter[20] ; CLOCK_50     ; CLOCK_50    ; 1.000        ; -0.382     ; 2.919      ;
; -2.306 ; top:top_inst|clk_div:dut_clk_div|counter[16] ; top:top_inst|clk_div:dut_clk_div|counter[22] ; CLOCK_50     ; CLOCK_50    ; 1.000        ; -0.382     ; 2.919      ;
; -2.303 ; top:top_inst|clk_div:dut_clk_div|counter[21] ; top:top_inst|clk_div:dut_clk_div|counter[14] ; CLOCK_50     ; CLOCK_50    ; 1.000        ; -0.382     ; 2.916      ;
; -2.303 ; top:top_inst|clk_div:dut_clk_div|counter[21] ; top:top_inst|clk_div:dut_clk_div|counter[20] ; CLOCK_50     ; CLOCK_50    ; 1.000        ; -0.382     ; 2.916      ;
; -2.303 ; top:top_inst|clk_div:dut_clk_div|counter[21] ; top:top_inst|clk_div:dut_clk_div|counter[22] ; CLOCK_50     ; CLOCK_50    ; 1.000        ; -0.382     ; 2.916      ;
; -2.257 ; top:top_inst|clk_div:dut_clk_div|counter[9]  ; top:top_inst|clk_div:dut_clk_div|counter[14] ; CLOCK_50     ; CLOCK_50    ; 1.000        ; -0.056     ; 3.196      ;
; -2.257 ; top:top_inst|clk_div:dut_clk_div|counter[9]  ; top:top_inst|clk_div:dut_clk_div|counter[20] ; CLOCK_50     ; CLOCK_50    ; 1.000        ; -0.056     ; 3.196      ;
; -2.257 ; top:top_inst|clk_div:dut_clk_div|counter[9]  ; top:top_inst|clk_div:dut_clk_div|counter[22] ; CLOCK_50     ; CLOCK_50    ; 1.000        ; -0.056     ; 3.196      ;
; -2.249 ; top:top_inst|clk_div:dut_clk_div|counter[2]  ; top:top_inst|clk_div:dut_clk_div|counter[1]  ; CLOCK_50     ; CLOCK_50    ; 1.000        ; -0.055     ; 3.189      ;
; -2.249 ; top:top_inst|clk_div:dut_clk_div|counter[2]  ; top:top_inst|clk_div:dut_clk_div|counter[0]  ; CLOCK_50     ; CLOCK_50    ; 1.000        ; -0.055     ; 3.189      ;
; -2.249 ; top:top_inst|clk_div:dut_clk_div|counter[2]  ; top:top_inst|clk_div:dut_clk_div|counter[6]  ; CLOCK_50     ; CLOCK_50    ; 1.000        ; -0.055     ; 3.189      ;
; -2.249 ; top:top_inst|clk_div:dut_clk_div|counter[2]  ; top:top_inst|clk_div:dut_clk_div|counter[2]  ; CLOCK_50     ; CLOCK_50    ; 1.000        ; -0.055     ; 3.189      ;
; -2.249 ; top:top_inst|clk_div:dut_clk_div|counter[2]  ; top:top_inst|clk_div:dut_clk_div|counter[5]  ; CLOCK_50     ; CLOCK_50    ; 1.000        ; -0.055     ; 3.189      ;
; -2.249 ; top:top_inst|clk_div:dut_clk_div|counter[2]  ; top:top_inst|clk_div:dut_clk_div|counter[8]  ; CLOCK_50     ; CLOCK_50    ; 1.000        ; -0.055     ; 3.189      ;
; -2.249 ; top:top_inst|clk_div:dut_clk_div|counter[2]  ; top:top_inst|clk_div:dut_clk_div|counter[7]  ; CLOCK_50     ; CLOCK_50    ; 1.000        ; -0.055     ; 3.189      ;
; -2.249 ; top:top_inst|clk_div:dut_clk_div|counter[2]  ; top:top_inst|clk_div:dut_clk_div|counter[10] ; CLOCK_50     ; CLOCK_50    ; 1.000        ; -0.055     ; 3.189      ;
; -2.249 ; top:top_inst|clk_div:dut_clk_div|counter[2]  ; top:top_inst|clk_div:dut_clk_div|counter[9]  ; CLOCK_50     ; CLOCK_50    ; 1.000        ; -0.055     ; 3.189      ;
; -2.249 ; top:top_inst|clk_div:dut_clk_div|counter[2]  ; top:top_inst|clk_div:dut_clk_div|counter[12] ; CLOCK_50     ; CLOCK_50    ; 1.000        ; -0.055     ; 3.189      ;
; -2.249 ; top:top_inst|clk_div:dut_clk_div|counter[2]  ; top:top_inst|clk_div:dut_clk_div|counter[11] ; CLOCK_50     ; CLOCK_50    ; 1.000        ; -0.055     ; 3.189      ;
; -2.249 ; top:top_inst|clk_div:dut_clk_div|counter[2]  ; top:top_inst|clk_div:dut_clk_div|counter[13] ; CLOCK_50     ; CLOCK_50    ; 1.000        ; -0.055     ; 3.189      ;
; -2.245 ; top:top_inst|clk_div:dut_clk_div|counter[7]  ; top:top_inst|clk_div:dut_clk_div|counter[14] ; CLOCK_50     ; CLOCK_50    ; 1.000        ; -0.056     ; 3.184      ;
; -2.245 ; top:top_inst|clk_div:dut_clk_div|counter[7]  ; top:top_inst|clk_div:dut_clk_div|counter[20] ; CLOCK_50     ; CLOCK_50    ; 1.000        ; -0.056     ; 3.184      ;
; -2.245 ; top:top_inst|clk_div:dut_clk_div|counter[7]  ; top:top_inst|clk_div:dut_clk_div|counter[22] ; CLOCK_50     ; CLOCK_50    ; 1.000        ; -0.056     ; 3.184      ;
; -2.243 ; top:top_inst|clk_div:dut_clk_div|counter[0]  ; top:top_inst|clk_div:dut_clk_div|counter[14] ; CLOCK_50     ; CLOCK_50    ; 1.000        ; -0.056     ; 3.182      ;
; -2.243 ; top:top_inst|clk_div:dut_clk_div|counter[0]  ; top:top_inst|clk_div:dut_clk_div|counter[20] ; CLOCK_50     ; CLOCK_50    ; 1.000        ; -0.056     ; 3.182      ;
; -2.243 ; top:top_inst|clk_div:dut_clk_div|counter[0]  ; top:top_inst|clk_div:dut_clk_div|counter[22] ; CLOCK_50     ; CLOCK_50    ; 1.000        ; -0.056     ; 3.182      ;
; -2.237 ; top:top_inst|clk_div:dut_clk_div|counter[10] ; top:top_inst|clk_div:dut_clk_div|counter[14] ; CLOCK_50     ; CLOCK_50    ; 1.000        ; -0.056     ; 3.176      ;
; -2.237 ; top:top_inst|clk_div:dut_clk_div|counter[10] ; top:top_inst|clk_div:dut_clk_div|counter[20] ; CLOCK_50     ; CLOCK_50    ; 1.000        ; -0.056     ; 3.176      ;
; -2.237 ; top:top_inst|clk_div:dut_clk_div|counter[10] ; top:top_inst|clk_div:dut_clk_div|counter[22] ; CLOCK_50     ; CLOCK_50    ; 1.000        ; -0.056     ; 3.176      ;
; -2.216 ; top:top_inst|clk_div:dut_clk_div|counter[15] ; top:top_inst|clk_div:dut_clk_div|counter[14] ; CLOCK_50     ; CLOCK_50    ; 1.000        ; -0.056     ; 3.155      ;
; -2.216 ; top:top_inst|clk_div:dut_clk_div|counter[15] ; top:top_inst|clk_div:dut_clk_div|counter[20] ; CLOCK_50     ; CLOCK_50    ; 1.000        ; -0.056     ; 3.155      ;
; -2.216 ; top:top_inst|clk_div:dut_clk_div|counter[15] ; top:top_inst|clk_div:dut_clk_div|counter[22] ; CLOCK_50     ; CLOCK_50    ; 1.000        ; -0.056     ; 3.155      ;
; -2.209 ; top:top_inst|clk_div:dut_clk_div|counter[19] ; top:top_inst|clk_div:dut_clk_div|counter[14] ; CLOCK_50     ; CLOCK_50    ; 1.000        ; -0.382     ; 2.822      ;
; -2.209 ; top:top_inst|clk_div:dut_clk_div|counter[19] ; top:top_inst|clk_div:dut_clk_div|counter[20] ; CLOCK_50     ; CLOCK_50    ; 1.000        ; -0.382     ; 2.822      ;
; -2.209 ; top:top_inst|clk_div:dut_clk_div|counter[19] ; top:top_inst|clk_div:dut_clk_div|counter[22] ; CLOCK_50     ; CLOCK_50    ; 1.000        ; -0.382     ; 2.822      ;
; -2.180 ; top:top_inst|clk_div:dut_clk_div|counter[17] ; top:top_inst|clk_div:dut_clk_div|counter[14] ; CLOCK_50     ; CLOCK_50    ; 1.000        ; -0.382     ; 2.793      ;
; -2.180 ; top:top_inst|clk_div:dut_clk_div|counter[17] ; top:top_inst|clk_div:dut_clk_div|counter[20] ; CLOCK_50     ; CLOCK_50    ; 1.000        ; -0.382     ; 2.793      ;
; -2.180 ; top:top_inst|clk_div:dut_clk_div|counter[17] ; top:top_inst|clk_div:dut_clk_div|counter[22] ; CLOCK_50     ; CLOCK_50    ; 1.000        ; -0.382     ; 2.793      ;
; -2.177 ; top:top_inst|clk_div:dut_clk_div|counter[14] ; top:top_inst|clk_div:dut_clk_div|counter[1]  ; CLOCK_50     ; CLOCK_50    ; 1.000        ; -0.053     ; 3.119      ;
; -2.177 ; top:top_inst|clk_div:dut_clk_div|counter[14] ; top:top_inst|clk_div:dut_clk_div|counter[0]  ; CLOCK_50     ; CLOCK_50    ; 1.000        ; -0.053     ; 3.119      ;
; -2.177 ; top:top_inst|clk_div:dut_clk_div|counter[14] ; top:top_inst|clk_div:dut_clk_div|counter[6]  ; CLOCK_50     ; CLOCK_50    ; 1.000        ; -0.053     ; 3.119      ;
; -2.177 ; top:top_inst|clk_div:dut_clk_div|counter[14] ; top:top_inst|clk_div:dut_clk_div|counter[2]  ; CLOCK_50     ; CLOCK_50    ; 1.000        ; -0.053     ; 3.119      ;
; -2.177 ; top:top_inst|clk_div:dut_clk_div|counter[14] ; top:top_inst|clk_div:dut_clk_div|counter[5]  ; CLOCK_50     ; CLOCK_50    ; 1.000        ; -0.053     ; 3.119      ;
; -2.177 ; top:top_inst|clk_div:dut_clk_div|counter[14] ; top:top_inst|clk_div:dut_clk_div|counter[8]  ; CLOCK_50     ; CLOCK_50    ; 1.000        ; -0.053     ; 3.119      ;
; -2.177 ; top:top_inst|clk_div:dut_clk_div|counter[14] ; top:top_inst|clk_div:dut_clk_div|counter[7]  ; CLOCK_50     ; CLOCK_50    ; 1.000        ; -0.053     ; 3.119      ;
; -2.177 ; top:top_inst|clk_div:dut_clk_div|counter[14] ; top:top_inst|clk_div:dut_clk_div|counter[10] ; CLOCK_50     ; CLOCK_50    ; 1.000        ; -0.053     ; 3.119      ;
; -2.177 ; top:top_inst|clk_div:dut_clk_div|counter[14] ; top:top_inst|clk_div:dut_clk_div|counter[9]  ; CLOCK_50     ; CLOCK_50    ; 1.000        ; -0.053     ; 3.119      ;
; -2.177 ; top:top_inst|clk_div:dut_clk_div|counter[14] ; top:top_inst|clk_div:dut_clk_div|counter[12] ; CLOCK_50     ; CLOCK_50    ; 1.000        ; -0.053     ; 3.119      ;
; -2.177 ; top:top_inst|clk_div:dut_clk_div|counter[14] ; top:top_inst|clk_div:dut_clk_div|counter[11] ; CLOCK_50     ; CLOCK_50    ; 1.000        ; -0.053     ; 3.119      ;
; -2.177 ; top:top_inst|clk_div:dut_clk_div|counter[14] ; top:top_inst|clk_div:dut_clk_div|counter[13] ; CLOCK_50     ; CLOCK_50    ; 1.000        ; -0.053     ; 3.119      ;
; -2.175 ; top:top_inst|clk_div:dut_clk_div|counter[2]  ; top:top_inst|clk_div:dut_clk_div|counter[23] ; CLOCK_50     ; CLOCK_50    ; 1.000        ; 0.259      ; 3.429      ;
; -2.175 ; top:top_inst|clk_div:dut_clk_div|counter[2]  ; top:top_inst|clk_div:dut_clk_div|counter[18] ; CLOCK_50     ; CLOCK_50    ; 1.000        ; 0.259      ; 3.429      ;
; -2.175 ; top:top_inst|clk_div:dut_clk_div|counter[2]  ; top:top_inst|clk_div:dut_clk_div|counter[16] ; CLOCK_50     ; CLOCK_50    ; 1.000        ; 0.259      ; 3.429      ;
; -2.175 ; top:top_inst|clk_div:dut_clk_div|counter[2]  ; top:top_inst|clk_div:dut_clk_div|counter[17] ; CLOCK_50     ; CLOCK_50    ; 1.000        ; 0.259      ; 3.429      ;
; -2.175 ; top:top_inst|clk_div:dut_clk_div|counter[2]  ; top:top_inst|clk_div:dut_clk_div|counter[19] ; CLOCK_50     ; CLOCK_50    ; 1.000        ; 0.259      ; 3.429      ;
; -2.175 ; top:top_inst|clk_div:dut_clk_div|counter[2]  ; top:top_inst|clk_div:dut_clk_div|counter[21] ; CLOCK_50     ; CLOCK_50    ; 1.000        ; 0.259      ; 3.429      ;
; -2.175 ; top:top_inst|clk_div:dut_clk_div|counter[2]  ; top:top_inst|clk_div:dut_clk_div|counter[24] ; CLOCK_50     ; CLOCK_50    ; 1.000        ; 0.259      ; 3.429      ;
; -2.175 ; top:top_inst|clk_div:dut_clk_div|counter[2]  ; top:top_inst|clk_div:dut_clk_div|counter[27] ; CLOCK_50     ; CLOCK_50    ; 1.000        ; 0.259      ; 3.429      ;
; -2.175 ; top:top_inst|clk_div:dut_clk_div|counter[2]  ; top:top_inst|clk_div:dut_clk_div|counter[25] ; CLOCK_50     ; CLOCK_50    ; 1.000        ; 0.259      ; 3.429      ;
; -2.175 ; top:top_inst|clk_div:dut_clk_div|counter[2]  ; top:top_inst|clk_div:dut_clk_div|counter[26] ; CLOCK_50     ; CLOCK_50    ; 1.000        ; 0.259      ; 3.429      ;
; -2.155 ; top:top_inst|clk_div:dut_clk_div|counter[1]  ; top:top_inst|clk_div:dut_clk_div|counter[14] ; CLOCK_50     ; CLOCK_50    ; 1.000        ; -0.056     ; 3.094      ;
; -2.155 ; top:top_inst|clk_div:dut_clk_div|counter[1]  ; top:top_inst|clk_div:dut_clk_div|counter[20] ; CLOCK_50     ; CLOCK_50    ; 1.000        ; -0.056     ; 3.094      ;
; -2.155 ; top:top_inst|clk_div:dut_clk_div|counter[1]  ; top:top_inst|clk_div:dut_clk_div|counter[22] ; CLOCK_50     ; CLOCK_50    ; 1.000        ; -0.056     ; 3.094      ;
; -2.149 ; top:top_inst|clk_div:dut_clk_div|counter[2]  ; top:top_inst|clk_div:dut_clk_div|counter[3]  ; CLOCK_50     ; CLOCK_50    ; 1.000        ; -0.055     ; 3.089      ;
; -2.149 ; top:top_inst|clk_div:dut_clk_div|counter[2]  ; top:top_inst|clk_div:dut_clk_div|counter[4]  ; CLOCK_50     ; CLOCK_50    ; 1.000        ; -0.055     ; 3.089      ;
; -2.149 ; top:top_inst|clk_div:dut_clk_div|counter[2]  ; top:top_inst|clk_div:dut_clk_div|counter[15] ; CLOCK_50     ; CLOCK_50    ; 1.000        ; -0.055     ; 3.089      ;
; -2.149 ; top:top_inst|clk_div:dut_clk_div|counter[12] ; top:top_inst|clk_div:dut_clk_div|counter[14] ; CLOCK_50     ; CLOCK_50    ; 1.000        ; -0.056     ; 3.088      ;
; -2.149 ; top:top_inst|clk_div:dut_clk_div|counter[12] ; top:top_inst|clk_div:dut_clk_div|counter[20] ; CLOCK_50     ; CLOCK_50    ; 1.000        ; -0.056     ; 3.088      ;
; -2.149 ; top:top_inst|clk_div:dut_clk_div|counter[12] ; top:top_inst|clk_div:dut_clk_div|counter[22] ; CLOCK_50     ; CLOCK_50    ; 1.000        ; -0.056     ; 3.088      ;
; -2.147 ; top:top_inst|clk_div:dut_clk_div|counter[6]  ; top:top_inst|clk_div:dut_clk_div|counter[1]  ; CLOCK_50     ; CLOCK_50    ; 1.000        ; -0.055     ; 3.087      ;
; -2.147 ; top:top_inst|clk_div:dut_clk_div|counter[6]  ; top:top_inst|clk_div:dut_clk_div|counter[0]  ; CLOCK_50     ; CLOCK_50    ; 1.000        ; -0.055     ; 3.087      ;
; -2.147 ; top:top_inst|clk_div:dut_clk_div|counter[6]  ; top:top_inst|clk_div:dut_clk_div|counter[6]  ; CLOCK_50     ; CLOCK_50    ; 1.000        ; -0.055     ; 3.087      ;
; -2.147 ; top:top_inst|clk_div:dut_clk_div|counter[6]  ; top:top_inst|clk_div:dut_clk_div|counter[2]  ; CLOCK_50     ; CLOCK_50    ; 1.000        ; -0.055     ; 3.087      ;
; -2.147 ; top:top_inst|clk_div:dut_clk_div|counter[6]  ; top:top_inst|clk_div:dut_clk_div|counter[5]  ; CLOCK_50     ; CLOCK_50    ; 1.000        ; -0.055     ; 3.087      ;
; -2.147 ; top:top_inst|clk_div:dut_clk_div|counter[6]  ; top:top_inst|clk_div:dut_clk_div|counter[8]  ; CLOCK_50     ; CLOCK_50    ; 1.000        ; -0.055     ; 3.087      ;
; -2.147 ; top:top_inst|clk_div:dut_clk_div|counter[6]  ; top:top_inst|clk_div:dut_clk_div|counter[7]  ; CLOCK_50     ; CLOCK_50    ; 1.000        ; -0.055     ; 3.087      ;
; -2.147 ; top:top_inst|clk_div:dut_clk_div|counter[6]  ; top:top_inst|clk_div:dut_clk_div|counter[10] ; CLOCK_50     ; CLOCK_50    ; 1.000        ; -0.055     ; 3.087      ;
; -2.147 ; top:top_inst|clk_div:dut_clk_div|counter[6]  ; top:top_inst|clk_div:dut_clk_div|counter[9]  ; CLOCK_50     ; CLOCK_50    ; 1.000        ; -0.055     ; 3.087      ;
; -2.147 ; top:top_inst|clk_div:dut_clk_div|counter[6]  ; top:top_inst|clk_div:dut_clk_div|counter[12] ; CLOCK_50     ; CLOCK_50    ; 1.000        ; -0.055     ; 3.087      ;
; -2.147 ; top:top_inst|clk_div:dut_clk_div|counter[6]  ; top:top_inst|clk_div:dut_clk_div|counter[11] ; CLOCK_50     ; CLOCK_50    ; 1.000        ; -0.055     ; 3.087      ;
; -2.147 ; top:top_inst|clk_div:dut_clk_div|counter[6]  ; top:top_inst|clk_div:dut_clk_div|counter[13] ; CLOCK_50     ; CLOCK_50    ; 1.000        ; -0.055     ; 3.087      ;
; -2.128 ; top:top_inst|clk_div:dut_clk_div|counter[13] ; top:top_inst|clk_div:dut_clk_div|counter[1]  ; CLOCK_50     ; CLOCK_50    ; 1.000        ; -0.055     ; 3.068      ;
; -2.128 ; top:top_inst|clk_div:dut_clk_div|counter[13] ; top:top_inst|clk_div:dut_clk_div|counter[0]  ; CLOCK_50     ; CLOCK_50    ; 1.000        ; -0.055     ; 3.068      ;
; -2.128 ; top:top_inst|clk_div:dut_clk_div|counter[13] ; top:top_inst|clk_div:dut_clk_div|counter[6]  ; CLOCK_50     ; CLOCK_50    ; 1.000        ; -0.055     ; 3.068      ;
; -2.128 ; top:top_inst|clk_div:dut_clk_div|counter[13] ; top:top_inst|clk_div:dut_clk_div|counter[2]  ; CLOCK_50     ; CLOCK_50    ; 1.000        ; -0.055     ; 3.068      ;
; -2.128 ; top:top_inst|clk_div:dut_clk_div|counter[13] ; top:top_inst|clk_div:dut_clk_div|counter[5]  ; CLOCK_50     ; CLOCK_50    ; 1.000        ; -0.055     ; 3.068      ;
; -2.128 ; top:top_inst|clk_div:dut_clk_div|counter[13] ; top:top_inst|clk_div:dut_clk_div|counter[8]  ; CLOCK_50     ; CLOCK_50    ; 1.000        ; -0.055     ; 3.068      ;
+--------+----------------------------------------------+----------------------------------------------+--------------+-------------+--------------+------------+------------+


+-----------------------------------------------------------------------------------------------------------------------------------------------------------------------------------------------------------------------------------------------------------------------------------------------------------------+
; Slow 1200mV 0C Model Hold: 'top:top_inst|clk_div:dut_clk_div|out'                                                                                                                                                                                                                                               ;
+-------+--------------------------------------------------------------+-------------------------------------------------------------------------------------------------------------------+--------------------------------------+--------------------------------------+--------------+------------+------------+
; Slack ; From Node                                                    ; To Node                                                                                                           ; Launch Clock                         ; Latch Clock                          ; Relationship ; Clock Skew ; Data Delay ;
+-------+--------------------------------------------------------------+-------------------------------------------------------------------------------------------------------------------+--------------------------------------+--------------------------------------+--------------+------------+------------+
; 0.312 ; top:top_inst|cpu:dut_cpu|state_reg.executing_instruction1    ; top:top_inst|cpu:dut_cpu|state_reg.executing_instruction1                                                         ; top:top_inst|clk_div:dut_clk_div|out ; top:top_inst|clk_div:dut_clk_div|out ; 0.000        ; 0.055      ; 0.511      ;
; 0.313 ; top:top_inst|cpu:dut_cpu|cnt_step_reg[2]                     ; top:top_inst|cpu:dut_cpu|cnt_step_reg[2]                                                                          ; top:top_inst|clk_div:dut_clk_div|out ; top:top_inst|clk_div:dut_clk_div|out ; 0.000        ; 0.054      ; 0.511      ;
; 0.313 ; top:top_inst|cpu:dut_cpu|cnt_step_reg[1]                     ; top:top_inst|cpu:dut_cpu|cnt_step_reg[1]                                                                          ; top:top_inst|clk_div:dut_clk_div|out ; top:top_inst|clk_div:dut_clk_div|out ; 0.000        ; 0.054      ; 0.511      ;
; 0.313 ; top:top_inst|cpu:dut_cpu|state_reg.executing_MOV             ; top:top_inst|cpu:dut_cpu|state_reg.executing_MOV                                                                  ; top:top_inst|clk_div:dut_clk_div|out ; top:top_inst|clk_div:dut_clk_div|out ; 0.000        ; 0.054      ; 0.511      ;
; 0.313 ; top:top_inst|cpu:dut_cpu|register:SPregister|out_reg[5]      ; top:top_inst|cpu:dut_cpu|register:SPregister|out_reg[5]                                                           ; top:top_inst|clk_div:dut_clk_div|out ; top:top_inst|clk_div:dut_clk_div|out ; 0.000        ; 0.054      ; 0.511      ;
; 0.313 ; top:top_inst|cpu:dut_cpu|state_reg.stop_state                ; top:top_inst|cpu:dut_cpu|state_reg.stop_state                                                                     ; top:top_inst|clk_div:dut_clk_div|out ; top:top_inst|clk_div:dut_clk_div|out ; 0.000        ; 0.054      ; 0.511      ;
; 0.348 ; top:top_inst|cpu:dut_cpu|register:PCregister|out_reg[5]      ; top:top_inst|cpu:dut_cpu|register:PCregister|out_reg[5]                                                           ; top:top_inst|clk_div:dut_clk_div|out ; top:top_inst|clk_div:dut_clk_div|out ; 0.000        ; 0.054      ; 0.546      ;
; 0.431 ; top:top_inst|memory:dut_memory|mem_rtl_0_bypass[9]           ; top:top_inst|cpu:dut_cpu|register:IRLOWregister|out_reg[8]                                                        ; top:top_inst|clk_div:dut_clk_div|out ; top:top_inst|clk_div:dut_clk_div|out ; 0.000        ; 0.054      ; 0.629      ;
; 0.436 ; top:top_inst|cpu:dut_cpu|register:IRLOWregister|out_reg[10]  ; top:top_inst|memory:dut_memory|mem_rtl_0_bypass[11]                                                               ; top:top_inst|clk_div:dut_clk_div|out ; top:top_inst|clk_div:dut_clk_div|out ; 0.000        ; 0.054      ; 0.634      ;
; 0.495 ; top:top_inst|memory:dut_memory|mem_rtl_0_bypass[11]          ; top:top_inst|cpu:dut_cpu|register:IRLOWregister|out_reg[10]                                                       ; top:top_inst|clk_div:dut_clk_div|out ; top:top_inst|clk_div:dut_clk_div|out ; 0.000        ; 0.054      ; 0.693      ;
; 0.495 ; top:top_inst|memory:dut_memory|mem_rtl_0_bypass[14]          ; top:top_inst|cpu:dut_cpu|register:IRLOWregister|out_reg[13]                                                       ; top:top_inst|clk_div:dut_clk_div|out ; top:top_inst|clk_div:dut_clk_div|out ; 0.000        ; 0.054      ; 0.693      ;
; 0.497 ; top:top_inst|memory:dut_memory|mem_rtl_0_bypass[16]          ; top:top_inst|cpu:dut_cpu|register:IRLOWregister|out_reg[15]                                                       ; top:top_inst|clk_div:dut_clk_div|out ; top:top_inst|clk_div:dut_clk_div|out ; 0.000        ; 0.054      ; 0.695      ;
; 0.498 ; top:top_inst|memory:dut_memory|mem_rtl_0_bypass[7]           ; top:top_inst|cpu:dut_cpu|register:IRLOWregister|out_reg[6]                                                        ; top:top_inst|clk_div:dut_clk_div|out ; top:top_inst|clk_div:dut_clk_div|out ; 0.000        ; 0.054      ; 0.696      ;
; 0.498 ; top:top_inst|memory:dut_memory|mem_rtl_0_bypass[15]          ; top:top_inst|cpu:dut_cpu|register:IRLOWregister|out_reg[14]                                                       ; top:top_inst|clk_div:dut_clk_div|out ; top:top_inst|clk_div:dut_clk_div|out ; 0.000        ; 0.054      ; 0.696      ;
; 0.514 ; top:top_inst|cpu:dut_cpu|register:PCregister|out_reg[4]      ; top:top_inst|cpu:dut_cpu|register:PCregister|out_reg[4]                                                           ; top:top_inst|clk_div:dut_clk_div|out ; top:top_inst|clk_div:dut_clk_div|out ; 0.000        ; 0.054      ; 0.712      ;
; 0.516 ; top:top_inst|cpu:dut_cpu|register:PCregister|out_reg[3]      ; top:top_inst|cpu:dut_cpu|register:PCregister|out_reg[3]                                                           ; top:top_inst|clk_div:dut_clk_div|out ; top:top_inst|clk_div:dut_clk_div|out ; 0.000        ; 0.054      ; 0.714      ;
; 0.516 ; top:top_inst|cpu:dut_cpu|register:PCregister|out_reg[1]      ; top:top_inst|cpu:dut_cpu|register:PCregister|out_reg[1]                                                           ; top:top_inst|clk_div:dut_clk_div|out ; top:top_inst|clk_div:dut_clk_div|out ; 0.000        ; 0.054      ; 0.714      ;
; 0.518 ; top:top_inst|cpu:dut_cpu|register:PCregister|out_reg[2]      ; top:top_inst|cpu:dut_cpu|register:PCregister|out_reg[2]                                                           ; top:top_inst|clk_div:dut_clk_div|out ; top:top_inst|clk_div:dut_clk_div|out ; 0.000        ; 0.054      ; 0.716      ;
; 0.528 ; top:top_inst|cpu:dut_cpu|register:IRLOWregister|out_reg[6]   ; top:top_inst|memory:dut_memory|mem_rtl_0_bypass[7]                                                                ; top:top_inst|clk_div:dut_clk_div|out ; top:top_inst|clk_div:dut_clk_div|out ; 0.000        ; 0.054      ; 0.726      ;
; 0.529 ; top:top_inst|cpu:dut_cpu|register:IRLOWregister|out_reg[15]  ; top:top_inst|memory:dut_memory|mem_rtl_0_bypass[16]                                                               ; top:top_inst|clk_div:dut_clk_div|out ; top:top_inst|clk_div:dut_clk_div|out ; 0.000        ; 0.054      ; 0.727      ;
; 0.530 ; top:top_inst|cpu:dut_cpu|register:IRLOWregister|out_reg[14]  ; top:top_inst|memory:dut_memory|mem_rtl_0_bypass[15]                                                               ; top:top_inst|clk_div:dut_clk_div|out ; top:top_inst|clk_div:dut_clk_div|out ; 0.000        ; 0.054      ; 0.728      ;
; 0.530 ; top:top_inst|cpu:dut_cpu|register:IRLOWregister|out_reg[13]  ; top:top_inst|memory:dut_memory|mem_rtl_0_bypass[14]                                                               ; top:top_inst|clk_div:dut_clk_div|out ; top:top_inst|clk_div:dut_clk_div|out ; 0.000        ; 0.054      ; 0.728      ;
; 0.533 ; top:top_inst|cpu:dut_cpu|register:IRLOWregister|out_reg[8]   ; top:top_inst|memory:dut_memory|mem_rtl_0_bypass[9]                                                                ; top:top_inst|clk_div:dut_clk_div|out ; top:top_inst|clk_div:dut_clk_div|out ; 0.000        ; 0.054      ; 0.731      ;
; 0.534 ; top:top_inst|cpu:dut_cpu|register:PCregister|out_reg[0]      ; top:top_inst|cpu:dut_cpu|register:PCregister|out_reg[0]                                                           ; top:top_inst|clk_div:dut_clk_div|out ; top:top_inst|clk_div:dut_clk_div|out ; 0.000        ; 0.054      ; 0.732      ;
; 0.584 ; top:top_inst|cpu:dut_cpu|register:IRLOWregister|out_reg[1]   ; top:top_inst|memory:dut_memory|mem_rtl_0_bypass[2]                                                                ; top:top_inst|clk_div:dut_clk_div|out ; top:top_inst|clk_div:dut_clk_div|out ; 0.000        ; 0.054      ; 0.782      ;
; 0.599 ; top:top_inst|cpu:dut_cpu|register:IRLOWregister|out_reg[0]   ; top:top_inst|memory:dut_memory|mem_rtl_0_bypass[1]                                                                ; top:top_inst|clk_div:dut_clk_div|out ; top:top_inst|clk_div:dut_clk_div|out ; 0.000        ; 0.054      ; 0.797      ;
; 0.630 ; top:top_inst|memory:dut_memory|mem_rtl_0_bypass[10]          ; top:top_inst|cpu:dut_cpu|register:IRLOWregister|out_reg[9]                                                        ; top:top_inst|clk_div:dut_clk_div|out ; top:top_inst|clk_div:dut_clk_div|out ; 0.000        ; -0.235     ; 0.539      ;
; 0.642 ; top:top_inst|cpu:dut_cpu|register:IRLOWregister|out_reg[0]   ; top:top_inst|memory:dut_memory|altsyncram:mem_rtl_0|altsyncram_dke1:auto_generated|ram_block1a0~porta_datain_reg0 ; top:top_inst|clk_div:dut_clk_div|out ; top:top_inst|clk_div:dut_clk_div|out ; 0.000        ; 0.361      ; 1.172      ;
; 0.720 ; top:top_inst|cpu:dut_cpu|register:IRLOWregister|out_reg[3]   ; top:top_inst|memory:dut_memory|mem_rtl_0_bypass[4]                                                                ; top:top_inst|clk_div:dut_clk_div|out ; top:top_inst|clk_div:dut_clk_div|out ; 0.000        ; 0.395      ; 1.259      ;
; 0.729 ; top:top_inst|cpu:dut_cpu|register:IRLOWregister|out_reg[15]  ; top:top_inst|memory:dut_memory|altsyncram:mem_rtl_0|altsyncram_dke1:auto_generated|ram_block1a0~porta_datain_reg0 ; top:top_inst|clk_div:dut_clk_div|out ; top:top_inst|clk_div:dut_clk_div|out ; 0.000        ; 0.360      ; 1.258      ;
; 0.732 ; top:top_inst|cpu:dut_cpu|register:IRLOWregister|out_reg[13]  ; top:top_inst|memory:dut_memory|altsyncram:mem_rtl_0|altsyncram_dke1:auto_generated|ram_block1a0~porta_datain_reg0 ; top:top_inst|clk_div:dut_clk_div|out ; top:top_inst|clk_div:dut_clk_div|out ; 0.000        ; 0.360      ; 1.261      ;
; 0.750 ; top:top_inst|cpu:dut_cpu|register:IRLOWregister|out_reg[14]  ; top:top_inst|memory:dut_memory|altsyncram:mem_rtl_0|altsyncram_dke1:auto_generated|ram_block1a0~porta_datain_reg0 ; top:top_inst|clk_div:dut_clk_div|out ; top:top_inst|clk_div:dut_clk_div|out ; 0.000        ; 0.360      ; 1.279      ;
; 0.755 ; top:top_inst|cpu:dut_cpu|register:IRLOWregister|out_reg[8]   ; top:top_inst|memory:dut_memory|altsyncram:mem_rtl_0|altsyncram_dke1:auto_generated|ram_block1a0~porta_datain_reg0 ; top:top_inst|clk_div:dut_clk_div|out ; top:top_inst|clk_div:dut_clk_div|out ; 0.000        ; 0.360      ; 1.284      ;
; 0.761 ; top:top_inst|cpu:dut_cpu|register:PCregister|out_reg[3]      ; top:top_inst|cpu:dut_cpu|register:PCregister|out_reg[4]                                                           ; top:top_inst|clk_div:dut_clk_div|out ; top:top_inst|clk_div:dut_clk_div|out ; 0.000        ; 0.054      ; 0.959      ;
; 0.761 ; top:top_inst|cpu:dut_cpu|register:PCregister|out_reg[1]      ; top:top_inst|cpu:dut_cpu|register:PCregister|out_reg[2]                                                           ; top:top_inst|clk_div:dut_clk_div|out ; top:top_inst|clk_div:dut_clk_div|out ; 0.000        ; 0.054      ; 0.959      ;
; 0.762 ; top:top_inst|cpu:dut_cpu|register:Aregister|out_reg[5]       ; top:top_inst|memory:dut_memory|mem_rtl_0_bypass[6]                                                                ; top:top_inst|clk_div:dut_clk_div|out ; top:top_inst|clk_div:dut_clk_div|out ; 0.000        ; 0.054      ; 0.960      ;
; 0.763 ; top:top_inst|cpu:dut_cpu|register:PCregister|out_reg[4]      ; top:top_inst|cpu:dut_cpu|register:PCregister|out_reg[5]                                                           ; top:top_inst|clk_div:dut_clk_div|out ; top:top_inst|clk_div:dut_clk_div|out ; 0.000        ; 0.054      ; 0.961      ;
; 0.767 ; top:top_inst|cpu:dut_cpu|register:PCregister|out_reg[2]      ; top:top_inst|cpu:dut_cpu|register:PCregister|out_reg[3]                                                           ; top:top_inst|clk_div:dut_clk_div|out ; top:top_inst|clk_div:dut_clk_div|out ; 0.000        ; 0.054      ; 0.965      ;
; 0.767 ; top:top_inst|cpu:dut_cpu|register:PCregister|out_reg[0]      ; top:top_inst|cpu:dut_cpu|register:PCregister|out_reg[1]                                                           ; top:top_inst|clk_div:dut_clk_div|out ; top:top_inst|clk_div:dut_clk_div|out ; 0.000        ; 0.054      ; 0.965      ;
; 0.768 ; top:top_inst|cpu:dut_cpu|register:Aregister|out_reg[12]      ; top:top_inst|memory:dut_memory|mem_rtl_0_bypass[13]                                                               ; top:top_inst|clk_div:dut_clk_div|out ; top:top_inst|clk_div:dut_clk_div|out ; 0.000        ; 0.054      ; 0.966      ;
; 0.769 ; top:top_inst|cpu:dut_cpu|state_reg.executing_instruction1    ; top:top_inst|cpu:dut_cpu|state_reg.loading_IR_high                                                                ; top:top_inst|clk_div:dut_clk_div|out ; top:top_inst|clk_div:dut_clk_div|out ; 0.000        ; 0.060      ; 0.973      ;
; 0.774 ; top:top_inst|cpu:dut_cpu|register:PCregister|out_reg[2]      ; top:top_inst|cpu:dut_cpu|register:PCregister|out_reg[4]                                                           ; top:top_inst|clk_div:dut_clk_div|out ; top:top_inst|clk_div:dut_clk_div|out ; 0.000        ; 0.054      ; 0.972      ;
; 0.774 ; top:top_inst|cpu:dut_cpu|register:PCregister|out_reg[0]      ; top:top_inst|cpu:dut_cpu|register:PCregister|out_reg[2]                                                           ; top:top_inst|clk_div:dut_clk_div|out ; top:top_inst|clk_div:dut_clk_div|out ; 0.000        ; 0.054      ; 0.972      ;
; 0.783 ; top:top_inst|memory:dut_memory|mem_rtl_0_bypass[8]           ; top:top_inst|cpu:dut_cpu|register:IRLOWregister|out_reg[7]                                                        ; top:top_inst|clk_div:dut_clk_div|out ; top:top_inst|clk_div:dut_clk_div|out ; 0.000        ; -0.235     ; 0.692      ;
; 0.784 ; top:top_inst|cpu:dut_cpu|register:Aregister|out_reg[7]       ; top:top_inst|memory:dut_memory|mem_rtl_0_bypass[8]                                                                ; top:top_inst|clk_div:dut_clk_div|out ; top:top_inst|clk_div:dut_clk_div|out ; 0.000        ; 0.355      ; 1.283      ;
; 0.847 ; top:top_inst|cpu:dut_cpu|register:IRLOWregister|out_reg[1]   ; top:top_inst|memory:dut_memory|altsyncram:mem_rtl_0|altsyncram_dke1:auto_generated|ram_block1a0~porta_datain_reg0 ; top:top_inst|clk_div:dut_clk_div|out ; top:top_inst|clk_div:dut_clk_div|out ; 0.000        ; 0.339      ; 1.355      ;
; 0.850 ; top:top_inst|cpu:dut_cpu|register:PCregister|out_reg[3]      ; top:top_inst|cpu:dut_cpu|register:PCregister|out_reg[5]                                                           ; top:top_inst|clk_div:dut_clk_div|out ; top:top_inst|clk_div:dut_clk_div|out ; 0.000        ; 0.054      ; 1.048      ;
; 0.850 ; top:top_inst|cpu:dut_cpu|register:PCregister|out_reg[1]      ; top:top_inst|cpu:dut_cpu|register:PCregister|out_reg[3]                                                           ; top:top_inst|clk_div:dut_clk_div|out ; top:top_inst|clk_div:dut_clk_div|out ; 0.000        ; 0.054      ; 1.048      ;
; 0.857 ; top:top_inst|cpu:dut_cpu|register:PCregister|out_reg[1]      ; top:top_inst|cpu:dut_cpu|register:PCregister|out_reg[4]                                                           ; top:top_inst|clk_div:dut_clk_div|out ; top:top_inst|clk_div:dut_clk_div|out ; 0.000        ; 0.054      ; 1.055      ;
; 0.863 ; top:top_inst|cpu:dut_cpu|register:PCregister|out_reg[2]      ; top:top_inst|cpu:dut_cpu|register:PCregister|out_reg[5]                                                           ; top:top_inst|clk_div:dut_clk_div|out ; top:top_inst|clk_div:dut_clk_div|out ; 0.000        ; 0.054      ; 1.061      ;
; 0.863 ; top:top_inst|cpu:dut_cpu|register:PCregister|out_reg[0]      ; top:top_inst|cpu:dut_cpu|register:PCregister|out_reg[3]                                                           ; top:top_inst|clk_div:dut_clk_div|out ; top:top_inst|clk_div:dut_clk_div|out ; 0.000        ; 0.054      ; 1.061      ;
; 0.867 ; top:top_inst|cpu:dut_cpu|register:IRLOWregister|out_reg[6]   ; top:top_inst|memory:dut_memory|altsyncram:mem_rtl_0|altsyncram_dke1:auto_generated|ram_block1a0~porta_datain_reg0 ; top:top_inst|clk_div:dut_clk_div|out ; top:top_inst|clk_div:dut_clk_div|out ; 0.000        ; 0.361      ; 1.397      ;
; 0.870 ; top:top_inst|cpu:dut_cpu|register:PCregister|out_reg[0]      ; top:top_inst|cpu:dut_cpu|register:PCregister|out_reg[4]                                                           ; top:top_inst|clk_div:dut_clk_div|out ; top:top_inst|clk_div:dut_clk_div|out ; 0.000        ; 0.054      ; 1.068      ;
; 0.876 ; top:top_inst|cpu:dut_cpu|register:IRLOWregister|out_reg[7]   ; top:top_inst|memory:dut_memory|mem_rtl_0_bypass[8]                                                                ; top:top_inst|clk_div:dut_clk_div|out ; top:top_inst|clk_div:dut_clk_div|out ; 0.000        ; 0.354      ; 1.374      ;
; 0.884 ; top:top_inst|memory:dut_memory|mem_rtl_0_bypass[0]           ; top:top_inst|cpu:dut_cpu|register:IRLOWregister|out_reg[9]                                                        ; top:top_inst|clk_div:dut_clk_div|out ; top:top_inst|clk_div:dut_clk_div|out ; 0.000        ; 0.053      ; 1.081      ;
; 0.895 ; top:top_inst|cpu:dut_cpu|state_reg.loading_IR_high           ; top:top_inst|cpu:dut_cpu|state_reg.executing_instruction1                                                         ; top:top_inst|clk_div:dut_clk_div|out ; top:top_inst|clk_div:dut_clk_div|out ; 0.000        ; 0.075      ; 1.114      ;
; 0.903 ; top:top_inst|memory:dut_memory|mem_rtl_0_bypass[2]           ; top:top_inst|cpu:dut_cpu|register:FirstOPregister|out_reg[1]~_Duplicate_1                                         ; top:top_inst|clk_div:dut_clk_div|out ; top:top_inst|clk_div:dut_clk_div|out ; 0.000        ; 0.051      ; 1.098      ;
; 0.905 ; top:top_inst|memory:dut_memory|mem_rtl_0_bypass[13]          ; top:top_inst|cpu:dut_cpu|register:IRLOWregister|out_reg[12]                                                       ; top:top_inst|clk_div:dut_clk_div|out ; top:top_inst|clk_div:dut_clk_div|out ; 0.000        ; 0.056      ; 1.105      ;
; 0.906 ; top:top_inst|cpu:dut_cpu|state_reg.reading_instruction       ; top:top_inst|cpu:dut_cpu|state_reg.reading_instruction                                                            ; top:top_inst|clk_div:dut_clk_div|out ; top:top_inst|clk_div:dut_clk_div|out ; 0.000        ; 0.054      ; 1.104      ;
; 0.907 ; top:top_inst|memory:dut_memory|mem_rtl_0_bypass[3]           ; top:top_inst|cpu:dut_cpu|register:FirstOPregister|out_reg[2]~_Duplicate_1                                         ; top:top_inst|clk_div:dut_clk_div|out ; top:top_inst|clk_div:dut_clk_div|out ; 0.000        ; 0.051      ; 1.102      ;
; 0.913 ; top:top_inst|memory:dut_memory|mem_rtl_0_bypass[0]           ; top:top_inst|cpu:dut_cpu|register:IRLOWregister|out_reg[4]                                                        ; top:top_inst|clk_div:dut_clk_div|out ; top:top_inst|clk_div:dut_clk_div|out ; 0.000        ; 0.050      ; 1.107      ;
; 0.929 ; top:top_inst|cpu:dut_cpu|register:Aregister|out_reg[4]       ; top:top_inst|memory:dut_memory|mem_rtl_0_bypass[5]                                                                ; top:top_inst|clk_div:dut_clk_div|out ; top:top_inst|clk_div:dut_clk_div|out ; 0.000        ; 0.054      ; 1.127      ;
; 0.942 ; top:top_inst|cpu:dut_cpu|register:IRLOWregister|out_reg[11]  ; top:top_inst|memory:dut_memory|mem_rtl_0_bypass[12]                                                               ; top:top_inst|clk_div:dut_clk_div|out ; top:top_inst|clk_div:dut_clk_div|out ; 0.000        ; 0.049      ; 1.135      ;
; 0.946 ; top:top_inst|cpu:dut_cpu|register:PCregister|out_reg[1]      ; top:top_inst|cpu:dut_cpu|register:PCregister|out_reg[5]                                                           ; top:top_inst|clk_div:dut_clk_div|out ; top:top_inst|clk_div:dut_clk_div|out ; 0.000        ; 0.054      ; 1.144      ;
; 0.959 ; top:top_inst|cpu:dut_cpu|register:PCregister|out_reg[0]      ; top:top_inst|cpu:dut_cpu|register:PCregister|out_reg[5]                                                           ; top:top_inst|clk_div:dut_clk_div|out ; top:top_inst|clk_div:dut_clk_div|out ; 0.000        ; 0.054      ; 1.157      ;
; 0.993 ; top:top_inst|cpu:dut_cpu|state_reg.executing_instruction1    ; top:top_inst|cpu:dut_cpu|register:Aregister|out_reg[3]                                                            ; top:top_inst|clk_div:dut_clk_div|out ; top:top_inst|clk_div:dut_clk_div|out ; 0.000        ; 0.060      ; 1.197      ;
; 0.993 ; top:top_inst|cpu:dut_cpu|state_reg.executing_instruction1    ; top:top_inst|cpu:dut_cpu|register:Aregister|out_reg[9]                                                            ; top:top_inst|clk_div:dut_clk_div|out ; top:top_inst|clk_div:dut_clk_div|out ; 0.000        ; 0.060      ; 1.197      ;
; 0.996 ; top:top_inst|memory:dut_memory|mem_rtl_0_bypass[0]           ; top:top_inst|cpu:dut_cpu|register:IRLOWregister|out_reg[14]                                                       ; top:top_inst|clk_div:dut_clk_div|out ; top:top_inst|clk_div:dut_clk_div|out ; 0.000        ; 0.058      ; 1.198      ;
; 0.998 ; top:top_inst|memory:dut_memory|mem_rtl_0_bypass[0]           ; top:top_inst|cpu:dut_cpu|register:IRLOWregister|out_reg[15]                                                       ; top:top_inst|clk_div:dut_clk_div|out ; top:top_inst|clk_div:dut_clk_div|out ; 0.000        ; 0.058      ; 1.200      ;
; 1.013 ; top:top_inst|cpu:dut_cpu|register:IRLOWregister|out_reg[5]   ; top:top_inst|memory:dut_memory|mem_rtl_0_bypass[6]                                                                ; top:top_inst|clk_div:dut_clk_div|out ; top:top_inst|clk_div:dut_clk_div|out ; 0.000        ; -0.265     ; 0.892      ;
; 1.033 ; top:top_inst|memory:dut_memory|mem_rtl_0_bypass[0]           ; top:top_inst|cpu:dut_cpu|register:IRLOWregister|out_reg[7]                                                        ; top:top_inst|clk_div:dut_clk_div|out ; top:top_inst|clk_div:dut_clk_div|out ; 0.000        ; 0.057      ; 1.234      ;
; 1.040 ; top:top_inst|cpu:dut_cpu|register:Aregister|out_reg[8]       ; top:top_inst|memory:dut_memory|mem_rtl_0_bypass[9]                                                                ; top:top_inst|clk_div:dut_clk_div|out ; top:top_inst|clk_div:dut_clk_div|out ; 0.000        ; 0.055      ; 1.239      ;
; 1.059 ; top:top_inst|cpu:dut_cpu|register:IRLOWregister|out_reg[12]  ; top:top_inst|memory:dut_memory|mem_rtl_0_bypass[13]                                                               ; top:top_inst|clk_div:dut_clk_div|out ; top:top_inst|clk_div:dut_clk_div|out ; 0.000        ; 0.052      ; 1.255      ;
; 1.061 ; top:top_inst|cpu:dut_cpu|register:Aregister|out_reg[14]      ; top:top_inst|memory:dut_memory|mem_rtl_0_bypass[15]                                                               ; top:top_inst|clk_div:dut_clk_div|out ; top:top_inst|clk_div:dut_clk_div|out ; 0.000        ; 0.055      ; 1.260      ;
; 1.063 ; top:top_inst|cpu:dut_cpu|register:Aregister|out_reg[6]       ; top:top_inst|memory:dut_memory|mem_rtl_0_bypass[7]                                                                ; top:top_inst|clk_div:dut_clk_div|out ; top:top_inst|clk_div:dut_clk_div|out ; 0.000        ; 0.056      ; 1.263      ;
; 1.066 ; top:top_inst|cpu:dut_cpu|register:Aregister|out_reg[9]       ; top:top_inst|memory:dut_memory|mem_rtl_0_bypass[10]                                                               ; top:top_inst|clk_div:dut_clk_div|out ; top:top_inst|clk_div:dut_clk_div|out ; 0.000        ; 0.374      ; 1.584      ;
; 1.072 ; top:top_inst|memory:dut_memory|mem_rtl_0_bypass[0]           ; top:top_inst|cpu:dut_cpu|register:FirstOPregister|out_reg[0]~_Duplicate_1                                         ; top:top_inst|clk_div:dut_clk_div|out ; top:top_inst|clk_div:dut_clk_div|out ; 0.000        ; 0.050      ; 1.266      ;
; 1.072 ; top:top_inst|memory:dut_memory|mem_rtl_0_bypass[0]           ; top:top_inst|cpu:dut_cpu|register:FirstOPregister|out_reg[2]~_Duplicate_1                                         ; top:top_inst|clk_div:dut_clk_div|out ; top:top_inst|clk_div:dut_clk_div|out ; 0.000        ; 0.050      ; 1.266      ;
; 1.073 ; top:top_inst|memory:dut_memory|mem_rtl_0_bypass[0]           ; top:top_inst|cpu:dut_cpu|register:FirstOPregister|out_reg[1]~_Duplicate_1                                         ; top:top_inst|clk_div:dut_clk_div|out ; top:top_inst|clk_div:dut_clk_div|out ; 0.000        ; 0.050      ; 1.267      ;
; 1.078 ; top:top_inst|cpu:dut_cpu|register:IRLOWregister|out_reg[10]  ; top:top_inst|memory:dut_memory|altsyncram:mem_rtl_0|altsyncram_dke1:auto_generated|ram_block1a0~porta_datain_reg0 ; top:top_inst|clk_div:dut_clk_div|out ; top:top_inst|clk_div:dut_clk_div|out ; 0.000        ; 0.359      ; 1.606      ;
; 1.079 ; top:top_inst|memory:dut_memory|mem_rtl_0_bypass[9]           ; top:top_inst|cpu:dut_cpu|register:Aregister|out_reg[8]                                                            ; top:top_inst|clk_div:dut_clk_div|out ; top:top_inst|clk_div:dut_clk_div|out ; 0.000        ; 0.053      ; 1.276      ;
; 1.081 ; top:top_inst|cpu:dut_cpu|register:IRLOWregister|out_reg[2]   ; top:top_inst|memory:dut_memory|mem_rtl_0_bypass[3]                                                                ; top:top_inst|clk_div:dut_clk_div|out ; top:top_inst|clk_div:dut_clk_div|out ; 0.000        ; 0.075      ; 1.300      ;
; 1.088 ; top:top_inst|cpu:dut_cpu|register:IRHIGHregister|out_reg[15] ; top:top_inst|cpu:dut_cpu|register:Aregister|out_reg[3]                                                            ; top:top_inst|clk_div:dut_clk_div|out ; top:top_inst|clk_div:dut_clk_div|out ; 0.000        ; 0.058      ; 1.290      ;
; 1.109 ; top:top_inst|cpu:dut_cpu|state_reg.executing_instruction1    ; top:top_inst|cpu:dut_cpu|state_reg.stop_state                                                                     ; top:top_inst|clk_div:dut_clk_div|out ; top:top_inst|clk_div:dut_clk_div|out ; 0.000        ; 0.059      ; 1.312      ;
; 1.112 ; top:top_inst|cpu:dut_cpu|register:Aregister|out_reg[12]      ; top:top_inst|memory:dut_memory|altsyncram:mem_rtl_0|altsyncram_dke1:auto_generated|ram_block1a0~porta_datain_reg0 ; top:top_inst|clk_div:dut_clk_div|out ; top:top_inst|clk_div:dut_clk_div|out ; 0.000        ; 0.361      ; 1.642      ;
; 1.115 ; top:top_inst|cpu:dut_cpu|register:Aregister|out_reg[15]      ; top:top_inst|memory:dut_memory|mem_rtl_0_bypass[16]                                                               ; top:top_inst|clk_div:dut_clk_div|out ; top:top_inst|clk_div:dut_clk_div|out ; 0.000        ; 0.055      ; 1.314      ;
; 1.145 ; top:top_inst|cpu:dut_cpu|register:IRHIGHregister|out_reg[14] ; top:top_inst|cpu:dut_cpu|cnt_step_reg[2]                                                                          ; top:top_inst|clk_div:dut_clk_div|out ; top:top_inst|clk_div:dut_clk_div|out ; 0.000        ; 0.054      ; 1.343      ;
; 1.145 ; top:top_inst|memory:dut_memory|mem_rtl_0_bypass[7]           ; top:top_inst|cpu:dut_cpu|register:SecondOPregister|out_reg[6]                                                     ; top:top_inst|clk_div:dut_clk_div|out ; top:top_inst|clk_div:dut_clk_div|out ; 0.000        ; 0.055      ; 1.344      ;
; 1.147 ; top:top_inst|cpu:dut_cpu|register:IRHIGHregister|out_reg[14] ; top:top_inst|cpu:dut_cpu|cnt_step_reg[1]                                                                          ; top:top_inst|clk_div:dut_clk_div|out ; top:top_inst|clk_div:dut_clk_div|out ; 0.000        ; 0.054      ; 1.345      ;
; 1.172 ; top:top_inst|cpu:dut_cpu|register:Aregister|out_reg[4]       ; top:top_inst|memory:dut_memory|altsyncram:mem_rtl_0|altsyncram_dke1:auto_generated|ram_block1a0~porta_datain_reg0 ; top:top_inst|clk_div:dut_clk_div|out ; top:top_inst|clk_div:dut_clk_div|out ; 0.000        ; 0.338      ; 1.679      ;
; 1.191 ; top:top_inst|cpu:dut_cpu|register:IRHIGHregister|out_reg[14] ; top:top_inst|cpu:dut_cpu|register:Aregister|out_reg[0]                                                            ; top:top_inst|clk_div:dut_clk_div|out ; top:top_inst|clk_div:dut_clk_div|out ; 0.000        ; 0.051      ; 1.386      ;
; 1.197 ; top:top_inst|memory:dut_memory|mem_rtl_0_bypass[0]           ; top:top_inst|cpu:dut_cpu|register:IRLOWregister|out_reg[8]                                                        ; top:top_inst|clk_div:dut_clk_div|out ; top:top_inst|clk_div:dut_clk_div|out ; 0.000        ; 0.058      ; 1.399      ;
; 1.197 ; top:top_inst|memory:dut_memory|mem_rtl_0_bypass[0]           ; top:top_inst|cpu:dut_cpu|register:IRLOWregister|out_reg[13]                                                       ; top:top_inst|clk_div:dut_clk_div|out ; top:top_inst|clk_div:dut_clk_div|out ; 0.000        ; 0.058      ; 1.399      ;
; 1.198 ; top:top_inst|memory:dut_memory|mem_rtl_0_bypass[0]           ; top:top_inst|cpu:dut_cpu|register:IRLOWregister|out_reg[11]                                                       ; top:top_inst|clk_div:dut_clk_div|out ; top:top_inst|clk_div:dut_clk_div|out ; 0.000        ; 0.058      ; 1.400      ;
; 1.216 ; top:top_inst|memory:dut_memory|mem_rtl_0_bypass[6]           ; top:top_inst|cpu:dut_cpu|register:IRLOWregister|out_reg[5]                                                        ; top:top_inst|clk_div:dut_clk_div|out ; top:top_inst|clk_div:dut_clk_div|out ; 0.000        ; 0.413      ; 1.773      ;
; 1.217 ; top:top_inst|cpu:dut_cpu|register:IRLOWregister|out_reg[4]   ; top:top_inst|memory:dut_memory|mem_rtl_0_bypass[5]                                                                ; top:top_inst|clk_div:dut_clk_div|out ; top:top_inst|clk_div:dut_clk_div|out ; 0.000        ; 0.058      ; 1.419      ;
; 1.224 ; top:top_inst|cpu:dut_cpu|state_reg.loading_IR_high           ; top:top_inst|cpu:dut_cpu|register:IRHIGHregister|out_reg[9]                                                       ; top:top_inst|clk_div:dut_clk_div|out ; top:top_inst|clk_div:dut_clk_div|out ; 0.000        ; 0.054      ; 1.422      ;
; 1.229 ; top:top_inst|cpu:dut_cpu|register:IRHIGHregister|out_reg[11] ; top:top_inst|cpu:dut_cpu|state_reg.executing_MOV                                                                  ; top:top_inst|clk_div:dut_clk_div|out ; top:top_inst|clk_div:dut_clk_div|out ; 0.000        ; 0.057      ; 1.430      ;
; 1.239 ; top:top_inst|memory:dut_memory|mem_rtl_0_bypass[12]          ; top:top_inst|cpu:dut_cpu|register:IRLOWregister|out_reg[11]                                                       ; top:top_inst|clk_div:dut_clk_div|out ; top:top_inst|clk_div:dut_clk_div|out ; 0.000        ; 0.059      ; 1.442      ;
; 1.240 ; top:top_inst|cpu:dut_cpu|state_reg.executing_instruction1    ; top:top_inst|memory:dut_memory|mem_rtl_0_bypass[4]                                                                ; top:top_inst|clk_div:dut_clk_div|out ; top:top_inst|clk_div:dut_clk_div|out ; 0.000        ; 0.374      ; 1.758      ;
+-------+--------------------------------------------------------------+-------------------------------------------------------------------------------------------------------------------+--------------------------------------+--------------------------------------+--------------+------------+------------+


+---------------------------------------------------------------------------------------------------------------------------------------------------------------------------+
; Slow 1200mV 0C Model Hold: 'CLOCK_50'                                                                                                                                     ;
+-------+----------------------------------------------+----------------------------------------------+--------------+-------------+--------------+------------+------------+
; Slack ; From Node                                    ; To Node                                      ; Launch Clock ; Latch Clock ; Relationship ; Clock Skew ; Data Delay ;
+-------+----------------------------------------------+----------------------------------------------+--------------+-------------+--------------+------------+------------+
; 0.424 ; top:top_inst|clk_div:dut_clk_div|counter[20] ; top:top_inst|clk_div:dut_clk_div|counter[21] ; CLOCK_50     ; CLOCK_50    ; 0.000        ; 0.382      ; 0.950      ;
; 0.427 ; top:top_inst|clk_div:dut_clk_div|counter[22] ; top:top_inst|clk_div:dut_clk_div|counter[23] ; CLOCK_50     ; CLOCK_50    ; 0.000        ; 0.382      ; 0.953      ;
; 0.434 ; top:top_inst|clk_div:dut_clk_div|counter[22] ; top:top_inst|clk_div:dut_clk_div|counter[24] ; CLOCK_50     ; CLOCK_50    ; 0.000        ; 0.382      ; 0.960      ;
; 0.443 ; top:top_inst|clk_div:dut_clk_div|counter[14] ; top:top_inst|clk_div:dut_clk_div|counter[16] ; CLOCK_50     ; CLOCK_50    ; 0.000        ; 0.382      ; 0.969      ;
; 0.489 ; top:top_inst|clk_div:dut_clk_div|counter[19] ; top:top_inst|clk_div:dut_clk_div|counter[19] ; CLOCK_50     ; CLOCK_50    ; 0.000        ; 0.067      ; 0.700      ;
; 0.491 ; top:top_inst|clk_div:dut_clk_div|counter[21] ; top:top_inst|clk_div:dut_clk_div|counter[21] ; CLOCK_50     ; CLOCK_50    ; 0.000        ; 0.067      ; 0.702      ;
; 0.499 ; top:top_inst|clk_div:dut_clk_div|counter[1]  ; top:top_inst|clk_div:dut_clk_div|counter[1]  ; CLOCK_50     ; CLOCK_50    ; 0.000        ; 0.055      ; 0.698      ;
; 0.499 ; top:top_inst|clk_div:dut_clk_div|counter[17] ; top:top_inst|clk_div:dut_clk_div|counter[17] ; CLOCK_50     ; CLOCK_50    ; 0.000        ; 0.067      ; 0.710      ;
; 0.500 ; top:top_inst|clk_div:dut_clk_div|counter[27] ; top:top_inst|clk_div:dut_clk_div|counter[27] ; CLOCK_50     ; CLOCK_50    ; 0.000        ; 0.067      ; 0.711      ;
; 0.500 ; top:top_inst|clk_div:dut_clk_div|counter[25] ; top:top_inst|clk_div:dut_clk_div|counter[25] ; CLOCK_50     ; CLOCK_50    ; 0.000        ; 0.067      ; 0.711      ;
; 0.502 ; top:top_inst|clk_div:dut_clk_div|counter[7]  ; top:top_inst|clk_div:dut_clk_div|counter[7]  ; CLOCK_50     ; CLOCK_50    ; 0.000        ; 0.055      ; 0.701      ;
; 0.503 ; top:top_inst|clk_div:dut_clk_div|counter[20] ; top:top_inst|clk_div:dut_clk_div|counter[20] ; CLOCK_50     ; CLOCK_50    ; 0.000        ; 0.054      ; 0.701      ;
; 0.503 ; top:top_inst|clk_div:dut_clk_div|counter[23] ; top:top_inst|clk_div:dut_clk_div|counter[23] ; CLOCK_50     ; CLOCK_50    ; 0.000        ; 0.067      ; 0.714      ;
; 0.503 ; top:top_inst|clk_div:dut_clk_div|counter[16] ; top:top_inst|clk_div:dut_clk_div|counter[16] ; CLOCK_50     ; CLOCK_50    ; 0.000        ; 0.067      ; 0.714      ;
; 0.504 ; top:top_inst|clk_div:dut_clk_div|counter[18] ; top:top_inst|clk_div:dut_clk_div|counter[18] ; CLOCK_50     ; CLOCK_50    ; 0.000        ; 0.067      ; 0.715      ;
; 0.504 ; top:top_inst|clk_div:dut_clk_div|counter[26] ; top:top_inst|clk_div:dut_clk_div|counter[26] ; CLOCK_50     ; CLOCK_50    ; 0.000        ; 0.067      ; 0.715      ;
; 0.505 ; top:top_inst|clk_div:dut_clk_div|counter[24] ; top:top_inst|clk_div:dut_clk_div|counter[24] ; CLOCK_50     ; CLOCK_50    ; 0.000        ; 0.067      ; 0.716      ;
; 0.506 ; top:top_inst|clk_div:dut_clk_div|counter[22] ; top:top_inst|clk_div:dut_clk_div|counter[22] ; CLOCK_50     ; CLOCK_50    ; 0.000        ; 0.054      ; 0.704      ;
; 0.510 ; top:top_inst|clk_div:dut_clk_div|counter[13] ; top:top_inst|clk_div:dut_clk_div|counter[13] ; CLOCK_50     ; CLOCK_50    ; 0.000        ; 0.055      ; 0.709      ;
; 0.514 ; top:top_inst|clk_div:dut_clk_div|counter[5]  ; top:top_inst|clk_div:dut_clk_div|counter[5]  ; CLOCK_50     ; CLOCK_50    ; 0.000        ; 0.055      ; 0.713      ;
; 0.515 ; top:top_inst|clk_div:dut_clk_div|counter[2]  ; top:top_inst|clk_div:dut_clk_div|counter[2]  ; CLOCK_50     ; CLOCK_50    ; 0.000        ; 0.055      ; 0.714      ;
; 0.515 ; top:top_inst|clk_div:dut_clk_div|counter[12] ; top:top_inst|clk_div:dut_clk_div|counter[12] ; CLOCK_50     ; CLOCK_50    ; 0.000        ; 0.055      ; 0.714      ;
; 0.515 ; top:top_inst|clk_div:dut_clk_div|counter[14] ; top:top_inst|clk_div:dut_clk_div|counter[14] ; CLOCK_50     ; CLOCK_50    ; 0.000        ; 0.054      ; 0.713      ;
; 0.519 ; top:top_inst|clk_div:dut_clk_div|counter[0]  ; top:top_inst|clk_div:dut_clk_div|counter[0]  ; CLOCK_50     ; CLOCK_50    ; 0.000        ; 0.055      ; 0.718      ;
; 0.520 ; top:top_inst|clk_div:dut_clk_div|counter[20] ; top:top_inst|clk_div:dut_clk_div|counter[23] ; CLOCK_50     ; CLOCK_50    ; 0.000        ; 0.382      ; 1.046      ;
; 0.522 ; top:top_inst|clk_div:dut_clk_div|counter[6]  ; top:top_inst|clk_div:dut_clk_div|counter[6]  ; CLOCK_50     ; CLOCK_50    ; 0.000        ; 0.055      ; 0.721      ;
; 0.523 ; top:top_inst|clk_div:dut_clk_div|counter[22] ; top:top_inst|clk_div:dut_clk_div|counter[25] ; CLOCK_50     ; CLOCK_50    ; 0.000        ; 0.382      ; 1.049      ;
; 0.524 ; top:top_inst|clk_div:dut_clk_div|counter[13] ; top:top_inst|clk_div:dut_clk_div|counter[16] ; CLOCK_50     ; CLOCK_50    ; 0.000        ; 0.381      ; 1.049      ;
; 0.527 ; top:top_inst|clk_div:dut_clk_div|counter[11] ; top:top_inst|clk_div:dut_clk_div|counter[11] ; CLOCK_50     ; CLOCK_50    ; 0.000        ; 0.055      ; 0.726      ;
; 0.527 ; top:top_inst|clk_div:dut_clk_div|counter[20] ; top:top_inst|clk_div:dut_clk_div|counter[24] ; CLOCK_50     ; CLOCK_50    ; 0.000        ; 0.382      ; 1.053      ;
; 0.530 ; top:top_inst|clk_div:dut_clk_div|counter[22] ; top:top_inst|clk_div:dut_clk_div|counter[26] ; CLOCK_50     ; CLOCK_50    ; 0.000        ; 0.382      ; 1.056      ;
; 0.532 ; top:top_inst|clk_div:dut_clk_div|counter[14] ; top:top_inst|clk_div:dut_clk_div|counter[17] ; CLOCK_50     ; CLOCK_50    ; 0.000        ; 0.382      ; 1.058      ;
; 0.539 ; top:top_inst|clk_div:dut_clk_div|counter[14] ; top:top_inst|clk_div:dut_clk_div|counter[18] ; CLOCK_50     ; CLOCK_50    ; 0.000        ; 0.382      ; 1.065      ;
; 0.541 ; top:top_inst|clk_div:dut_clk_div|counter[12] ; top:top_inst|clk_div:dut_clk_div|counter[16] ; CLOCK_50     ; CLOCK_50    ; 0.000        ; 0.381      ; 1.066      ;
; 0.613 ; top:top_inst|clk_div:dut_clk_div|counter[13] ; top:top_inst|clk_div:dut_clk_div|counter[17] ; CLOCK_50     ; CLOCK_50    ; 0.000        ; 0.381      ; 1.138      ;
; 0.616 ; top:top_inst|clk_div:dut_clk_div|counter[20] ; top:top_inst|clk_div:dut_clk_div|counter[25] ; CLOCK_50     ; CLOCK_50    ; 0.000        ; 0.382      ; 1.142      ;
; 0.619 ; top:top_inst|clk_div:dut_clk_div|counter[22] ; top:top_inst|clk_div:dut_clk_div|counter[27] ; CLOCK_50     ; CLOCK_50    ; 0.000        ; 0.382      ; 1.145      ;
; 0.620 ; top:top_inst|clk_div:dut_clk_div|counter[13] ; top:top_inst|clk_div:dut_clk_div|counter[18] ; CLOCK_50     ; CLOCK_50    ; 0.000        ; 0.381      ; 1.145      ;
; 0.623 ; top:top_inst|clk_div:dut_clk_div|counter[20] ; top:top_inst|clk_div:dut_clk_div|counter[26] ; CLOCK_50     ; CLOCK_50    ; 0.000        ; 0.382      ; 1.149      ;
; 0.628 ; top:top_inst|clk_div:dut_clk_div|counter[14] ; top:top_inst|clk_div:dut_clk_div|counter[19] ; CLOCK_50     ; CLOCK_50    ; 0.000        ; 0.382      ; 1.154      ;
; 0.630 ; top:top_inst|clk_div:dut_clk_div|counter[12] ; top:top_inst|clk_div:dut_clk_div|counter[17] ; CLOCK_50     ; CLOCK_50    ; 0.000        ; 0.381      ; 1.155      ;
; 0.635 ; top:top_inst|clk_div:dut_clk_div|counter[10] ; top:top_inst|clk_div:dut_clk_div|counter[10] ; CLOCK_50     ; CLOCK_50    ; 0.000        ; 0.055      ; 0.834      ;
; 0.637 ; top:top_inst|clk_div:dut_clk_div|counter[11] ; top:top_inst|clk_div:dut_clk_div|counter[16] ; CLOCK_50     ; CLOCK_50    ; 0.000        ; 0.381      ; 1.162      ;
; 0.637 ; top:top_inst|clk_div:dut_clk_div|counter[12] ; top:top_inst|clk_div:dut_clk_div|counter[18] ; CLOCK_50     ; CLOCK_50    ; 0.000        ; 0.381      ; 1.162      ;
; 0.638 ; top:top_inst|clk_div:dut_clk_div|counter[9]  ; top:top_inst|clk_div:dut_clk_div|counter[9]  ; CLOCK_50     ; CLOCK_50    ; 0.000        ; 0.055      ; 0.837      ;
; 0.645 ; top:top_inst|clk_div:dut_clk_div|counter[8]  ; top:top_inst|clk_div:dut_clk_div|counter[8]  ; CLOCK_50     ; CLOCK_50    ; 0.000        ; 0.055      ; 0.844      ;
; 0.709 ; top:top_inst|clk_div:dut_clk_div|counter[13] ; top:top_inst|clk_div:dut_clk_div|counter[19] ; CLOCK_50     ; CLOCK_50    ; 0.000        ; 0.381      ; 1.234      ;
; 0.712 ; top:top_inst|clk_div:dut_clk_div|counter[20] ; top:top_inst|clk_div:dut_clk_div|counter[27] ; CLOCK_50     ; CLOCK_50    ; 0.000        ; 0.382      ; 1.238      ;
; 0.724 ; top:top_inst|clk_div:dut_clk_div|counter[14] ; top:top_inst|clk_div:dut_clk_div|counter[21] ; CLOCK_50     ; CLOCK_50    ; 0.000        ; 0.382      ; 1.250      ;
; 0.726 ; top:top_inst|clk_div:dut_clk_div|counter[11] ; top:top_inst|clk_div:dut_clk_div|counter[17] ; CLOCK_50     ; CLOCK_50    ; 0.000        ; 0.381      ; 1.251      ;
; 0.726 ; top:top_inst|clk_div:dut_clk_div|counter[12] ; top:top_inst|clk_div:dut_clk_div|counter[19] ; CLOCK_50     ; CLOCK_50    ; 0.000        ; 0.381      ; 1.251      ;
; 0.733 ; top:top_inst|clk_div:dut_clk_div|counter[11] ; top:top_inst|clk_div:dut_clk_div|counter[18] ; CLOCK_50     ; CLOCK_50    ; 0.000        ; 0.381      ; 1.258      ;
; 0.743 ; top:top_inst|clk_div:dut_clk_div|counter[1]  ; top:top_inst|clk_div:dut_clk_div|counter[2]  ; CLOCK_50     ; CLOCK_50    ; 0.000        ; 0.055      ; 0.942      ;
; 0.743 ; top:top_inst|clk_div:dut_clk_div|counter[17] ; top:top_inst|clk_div:dut_clk_div|counter[18] ; CLOCK_50     ; CLOCK_50    ; 0.000        ; 0.067      ; 0.954      ;
; 0.744 ; top:top_inst|clk_div:dut_clk_div|counter[25] ; top:top_inst|clk_div:dut_clk_div|counter[26] ; CLOCK_50     ; CLOCK_50    ; 0.000        ; 0.067      ; 0.955      ;
; 0.747 ; top:top_inst|clk_div:dut_clk_div|counter[7]  ; top:top_inst|clk_div:dut_clk_div|counter[8]  ; CLOCK_50     ; CLOCK_50    ; 0.000        ; 0.055      ; 0.946      ;
; 0.748 ; top:top_inst|clk_div:dut_clk_div|counter[23] ; top:top_inst|clk_div:dut_clk_div|counter[24] ; CLOCK_50     ; CLOCK_50    ; 0.000        ; 0.067      ; 0.959      ;
; 0.752 ; top:top_inst|clk_div:dut_clk_div|counter[0]  ; top:top_inst|clk_div:dut_clk_div|counter[1]  ; CLOCK_50     ; CLOCK_50    ; 0.000        ; 0.055      ; 0.951      ;
; 0.752 ; top:top_inst|clk_div:dut_clk_div|counter[16] ; top:top_inst|clk_div:dut_clk_div|counter[17] ; CLOCK_50     ; CLOCK_50    ; 0.000        ; 0.067      ; 0.963      ;
; 0.753 ; top:top_inst|clk_div:dut_clk_div|counter[26] ; top:top_inst|clk_div:dut_clk_div|counter[27] ; CLOCK_50     ; CLOCK_50    ; 0.000        ; 0.067      ; 0.964      ;
; 0.753 ; top:top_inst|clk_div:dut_clk_div|counter[18] ; top:top_inst|clk_div:dut_clk_div|counter[19] ; CLOCK_50     ; CLOCK_50    ; 0.000        ; 0.067      ; 0.964      ;
; 0.754 ; top:top_inst|clk_div:dut_clk_div|counter[24] ; top:top_inst|clk_div:dut_clk_div|counter[25] ; CLOCK_50     ; CLOCK_50    ; 0.000        ; 0.067      ; 0.965      ;
; 0.756 ; top:top_inst|clk_div:dut_clk_div|counter[13] ; top:top_inst|clk_div:dut_clk_div|counter[14] ; CLOCK_50     ; CLOCK_50    ; 0.000        ; 0.053      ; 0.953      ;
; 0.757 ; top:top_inst|clk_div:dut_clk_div|counter[10] ; top:top_inst|clk_div:dut_clk_div|counter[16] ; CLOCK_50     ; CLOCK_50    ; 0.000        ; 0.381      ; 1.282      ;
; 0.759 ; top:top_inst|clk_div:dut_clk_div|counter[20] ; top:top_inst|clk_div:dut_clk_div|counter[22] ; CLOCK_50     ; CLOCK_50    ; 0.000        ; 0.054      ; 0.957      ;
; 0.759 ; top:top_inst|clk_div:dut_clk_div|counter[5]  ; top:top_inst|clk_div:dut_clk_div|counter[6]  ; CLOCK_50     ; CLOCK_50    ; 0.000        ; 0.055      ; 0.958      ;
; 0.759 ; top:top_inst|clk_div:dut_clk_div|counter[16] ; top:top_inst|clk_div:dut_clk_div|counter[18] ; CLOCK_50     ; CLOCK_50    ; 0.000        ; 0.067      ; 0.970      ;
; 0.759 ; top:top_inst|clk_div:dut_clk_div|counter[0]  ; top:top_inst|clk_div:dut_clk_div|counter[2]  ; CLOCK_50     ; CLOCK_50    ; 0.000        ; 0.055      ; 0.958      ;
; 0.761 ; top:top_inst|clk_div:dut_clk_div|counter[24] ; top:top_inst|clk_div:dut_clk_div|counter[26] ; CLOCK_50     ; CLOCK_50    ; 0.000        ; 0.067      ; 0.972      ;
; 0.764 ; top:top_inst|clk_div:dut_clk_div|counter[12] ; top:top_inst|clk_div:dut_clk_div|counter[13] ; CLOCK_50     ; CLOCK_50    ; 0.000        ; 0.055      ; 0.963      ;
; 0.771 ; top:top_inst|clk_div:dut_clk_div|counter[11] ; top:top_inst|clk_div:dut_clk_div|counter[12] ; CLOCK_50     ; CLOCK_50    ; 0.000        ; 0.055      ; 0.970      ;
; 0.771 ; top:top_inst|clk_div:dut_clk_div|counter[6]  ; top:top_inst|clk_div:dut_clk_div|counter[7]  ; CLOCK_50     ; CLOCK_50    ; 0.000        ; 0.055      ; 0.970      ;
; 0.773 ; top:top_inst|clk_div:dut_clk_div|counter[12] ; top:top_inst|clk_div:dut_clk_div|counter[14] ; CLOCK_50     ; CLOCK_50    ; 0.000        ; 0.053      ; 0.970      ;
; 0.778 ; top:top_inst|clk_div:dut_clk_div|counter[6]  ; top:top_inst|clk_div:dut_clk_div|counter[8]  ; CLOCK_50     ; CLOCK_50    ; 0.000        ; 0.055      ; 0.977      ;
; 0.783 ; top:top_inst|clk_div:dut_clk_div|counter[15] ; top:top_inst|clk_div:dut_clk_div|counter[16] ; CLOCK_50     ; CLOCK_50    ; 0.000        ; 0.381      ; 1.308      ;
; 0.805 ; top:top_inst|clk_div:dut_clk_div|counter[13] ; top:top_inst|clk_div:dut_clk_div|counter[21] ; CLOCK_50     ; CLOCK_50    ; 0.000        ; 0.381      ; 1.330      ;
; 0.805 ; top:top_inst|clk_div:dut_clk_div|counter[7]  ; top:top_inst|clk_div:dut_clk_div|counter[16] ; CLOCK_50     ; CLOCK_50    ; 0.000        ; 0.381      ; 1.330      ;
; 0.820 ; top:top_inst|clk_div:dut_clk_div|counter[14] ; top:top_inst|clk_div:dut_clk_div|counter[23] ; CLOCK_50     ; CLOCK_50    ; 0.000        ; 0.382      ; 1.346      ;
; 0.822 ; top:top_inst|clk_div:dut_clk_div|counter[19] ; top:top_inst|clk_div:dut_clk_div|counter[21] ; CLOCK_50     ; CLOCK_50    ; 0.000        ; 0.067      ; 1.033      ;
; 0.822 ; top:top_inst|clk_div:dut_clk_div|counter[11] ; top:top_inst|clk_div:dut_clk_div|counter[19] ; CLOCK_50     ; CLOCK_50    ; 0.000        ; 0.381      ; 1.347      ;
; 0.822 ; top:top_inst|clk_div:dut_clk_div|counter[12] ; top:top_inst|clk_div:dut_clk_div|counter[21] ; CLOCK_50     ; CLOCK_50    ; 0.000        ; 0.381      ; 1.347      ;
; 0.825 ; top:top_inst|clk_div:dut_clk_div|counter[21] ; top:top_inst|clk_div:dut_clk_div|counter[23] ; CLOCK_50     ; CLOCK_50    ; 0.000        ; 0.067      ; 1.036      ;
; 0.827 ; top:top_inst|clk_div:dut_clk_div|counter[14] ; top:top_inst|clk_div:dut_clk_div|counter[24] ; CLOCK_50     ; CLOCK_50    ; 0.000        ; 0.382      ; 1.353      ;
; 0.832 ; top:top_inst|clk_div:dut_clk_div|counter[21] ; top:top_inst|clk_div:dut_clk_div|counter[24] ; CLOCK_50     ; CLOCK_50    ; 0.000        ; 0.067      ; 1.043      ;
; 0.832 ; top:top_inst|clk_div:dut_clk_div|counter[17] ; top:top_inst|clk_div:dut_clk_div|counter[19] ; CLOCK_50     ; CLOCK_50    ; 0.000        ; 0.067      ; 1.043      ;
; 0.833 ; top:top_inst|clk_div:dut_clk_div|counter[25] ; top:top_inst|clk_div:dut_clk_div|counter[27] ; CLOCK_50     ; CLOCK_50    ; 0.000        ; 0.067      ; 1.044      ;
; 0.836 ; top:top_inst|clk_div:dut_clk_div|counter[7]  ; top:top_inst|clk_div:dut_clk_div|counter[9]  ; CLOCK_50     ; CLOCK_50    ; 0.000        ; 0.055      ; 1.035      ;
; 0.836 ; top:top_inst|clk_div:dut_clk_div|counter[6]  ; top:top_inst|clk_div:dut_clk_div|counter[16] ; CLOCK_50     ; CLOCK_50    ; 0.000        ; 0.381      ; 1.361      ;
; 0.837 ; top:top_inst|clk_div:dut_clk_div|counter[23] ; top:top_inst|clk_div:dut_clk_div|counter[25] ; CLOCK_50     ; CLOCK_50    ; 0.000        ; 0.067      ; 1.048      ;
; 0.843 ; top:top_inst|clk_div:dut_clk_div|counter[7]  ; top:top_inst|clk_div:dut_clk_div|counter[10] ; CLOCK_50     ; CLOCK_50    ; 0.000        ; 0.055      ; 1.042      ;
; 0.844 ; top:top_inst|clk_div:dut_clk_div|counter[23] ; top:top_inst|clk_div:dut_clk_div|counter[26] ; CLOCK_50     ; CLOCK_50    ; 0.000        ; 0.067      ; 1.055      ;
; 0.845 ; top:top_inst|clk_div:dut_clk_div|counter[9]  ; top:top_inst|clk_div:dut_clk_div|counter[16] ; CLOCK_50     ; CLOCK_50    ; 0.000        ; 0.381      ; 1.370      ;
; 0.846 ; top:top_inst|clk_div:dut_clk_div|counter[10] ; top:top_inst|clk_div:dut_clk_div|counter[17] ; CLOCK_50     ; CLOCK_50    ; 0.000        ; 0.381      ; 1.371      ;
; 0.848 ; top:top_inst|clk_div:dut_clk_div|counter[16] ; top:top_inst|clk_div:dut_clk_div|counter[19] ; CLOCK_50     ; CLOCK_50    ; 0.000        ; 0.067      ; 1.059      ;
; 0.848 ; top:top_inst|clk_div:dut_clk_div|counter[5]  ; top:top_inst|clk_div:dut_clk_div|counter[7]  ; CLOCK_50     ; CLOCK_50    ; 0.000        ; 0.055      ; 1.047      ;
; 0.849 ; top:top_inst|clk_div:dut_clk_div|counter[18] ; top:top_inst|clk_div:dut_clk_div|counter[21] ; CLOCK_50     ; CLOCK_50    ; 0.000        ; 0.067      ; 1.060      ;
; 0.850 ; top:top_inst|clk_div:dut_clk_div|counter[24] ; top:top_inst|clk_div:dut_clk_div|counter[27] ; CLOCK_50     ; CLOCK_50    ; 0.000        ; 0.067      ; 1.061      ;
; 0.853 ; top:top_inst|clk_div:dut_clk_div|counter[10] ; top:top_inst|clk_div:dut_clk_div|counter[18] ; CLOCK_50     ; CLOCK_50    ; 0.000        ; 0.381      ; 1.378      ;
; 0.855 ; top:top_inst|clk_div:dut_clk_div|counter[5]  ; top:top_inst|clk_div:dut_clk_div|counter[8]  ; CLOCK_50     ; CLOCK_50    ; 0.000        ; 0.055      ; 1.054      ;
; 0.860 ; top:top_inst|clk_div:dut_clk_div|counter[2]  ; top:top_inst|clk_div:dut_clk_div|counter[5]  ; CLOCK_50     ; CLOCK_50    ; 0.000        ; 0.055      ; 1.059      ;
+-------+----------------------------------------------+----------------------------------------------+--------------+-------------+--------------+------------+------------+


+----------------------------------------------------------------------------------------------------------------------------------+
; Slow 1200mV 0C Model Minimum Pulse Width: 'CLOCK_50'                                                                             ;
+--------+--------------+----------------+------------------+----------+------------+----------------------------------------------+
; Slack  ; Actual Width ; Required Width ; Type             ; Clock    ; Clock Edge ; Target                                       ;
+--------+--------------+----------------+------------------+----------+------------+----------------------------------------------+
; -3.000 ; 1.000        ; 4.000          ; Port Rate        ; CLOCK_50 ; Rise       ; CLOCK_50                                     ;
; -1.000 ; 1.000        ; 2.000          ; Min Period       ; CLOCK_50 ; Rise       ; top:top_inst|clk_div:dut_clk_div|counter[0]  ;
; -1.000 ; 1.000        ; 2.000          ; Min Period       ; CLOCK_50 ; Rise       ; top:top_inst|clk_div:dut_clk_div|counter[10] ;
; -1.000 ; 1.000        ; 2.000          ; Min Period       ; CLOCK_50 ; Rise       ; top:top_inst|clk_div:dut_clk_div|counter[11] ;
; -1.000 ; 1.000        ; 2.000          ; Min Period       ; CLOCK_50 ; Rise       ; top:top_inst|clk_div:dut_clk_div|counter[12] ;
; -1.000 ; 1.000        ; 2.000          ; Min Period       ; CLOCK_50 ; Rise       ; top:top_inst|clk_div:dut_clk_div|counter[13] ;
; -1.000 ; 1.000        ; 2.000          ; Min Period       ; CLOCK_50 ; Rise       ; top:top_inst|clk_div:dut_clk_div|counter[14] ;
; -1.000 ; 1.000        ; 2.000          ; Min Period       ; CLOCK_50 ; Rise       ; top:top_inst|clk_div:dut_clk_div|counter[15] ;
; -1.000 ; 1.000        ; 2.000          ; Min Period       ; CLOCK_50 ; Rise       ; top:top_inst|clk_div:dut_clk_div|counter[16] ;
; -1.000 ; 1.000        ; 2.000          ; Min Period       ; CLOCK_50 ; Rise       ; top:top_inst|clk_div:dut_clk_div|counter[17] ;
; -1.000 ; 1.000        ; 2.000          ; Min Period       ; CLOCK_50 ; Rise       ; top:top_inst|clk_div:dut_clk_div|counter[18] ;
; -1.000 ; 1.000        ; 2.000          ; Min Period       ; CLOCK_50 ; Rise       ; top:top_inst|clk_div:dut_clk_div|counter[19] ;
; -1.000 ; 1.000        ; 2.000          ; Min Period       ; CLOCK_50 ; Rise       ; top:top_inst|clk_div:dut_clk_div|counter[1]  ;
; -1.000 ; 1.000        ; 2.000          ; Min Period       ; CLOCK_50 ; Rise       ; top:top_inst|clk_div:dut_clk_div|counter[20] ;
; -1.000 ; 1.000        ; 2.000          ; Min Period       ; CLOCK_50 ; Rise       ; top:top_inst|clk_div:dut_clk_div|counter[21] ;
; -1.000 ; 1.000        ; 2.000          ; Min Period       ; CLOCK_50 ; Rise       ; top:top_inst|clk_div:dut_clk_div|counter[22] ;
; -1.000 ; 1.000        ; 2.000          ; Min Period       ; CLOCK_50 ; Rise       ; top:top_inst|clk_div:dut_clk_div|counter[23] ;
; -1.000 ; 1.000        ; 2.000          ; Min Period       ; CLOCK_50 ; Rise       ; top:top_inst|clk_div:dut_clk_div|counter[24] ;
; -1.000 ; 1.000        ; 2.000          ; Min Period       ; CLOCK_50 ; Rise       ; top:top_inst|clk_div:dut_clk_div|counter[25] ;
; -1.000 ; 1.000        ; 2.000          ; Min Period       ; CLOCK_50 ; Rise       ; top:top_inst|clk_div:dut_clk_div|counter[26] ;
; -1.000 ; 1.000        ; 2.000          ; Min Period       ; CLOCK_50 ; Rise       ; top:top_inst|clk_div:dut_clk_div|counter[27] ;
; -1.000 ; 1.000        ; 2.000          ; Min Period       ; CLOCK_50 ; Rise       ; top:top_inst|clk_div:dut_clk_div|counter[2]  ;
; -1.000 ; 1.000        ; 2.000          ; Min Period       ; CLOCK_50 ; Rise       ; top:top_inst|clk_div:dut_clk_div|counter[3]  ;
; -1.000 ; 1.000        ; 2.000          ; Min Period       ; CLOCK_50 ; Rise       ; top:top_inst|clk_div:dut_clk_div|counter[4]  ;
; -1.000 ; 1.000        ; 2.000          ; Min Period       ; CLOCK_50 ; Rise       ; top:top_inst|clk_div:dut_clk_div|counter[5]  ;
; -1.000 ; 1.000        ; 2.000          ; Min Period       ; CLOCK_50 ; Rise       ; top:top_inst|clk_div:dut_clk_div|counter[6]  ;
; -1.000 ; 1.000        ; 2.000          ; Min Period       ; CLOCK_50 ; Rise       ; top:top_inst|clk_div:dut_clk_div|counter[7]  ;
; -1.000 ; 1.000        ; 2.000          ; Min Period       ; CLOCK_50 ; Rise       ; top:top_inst|clk_div:dut_clk_div|counter[8]  ;
; -1.000 ; 1.000        ; 2.000          ; Min Period       ; CLOCK_50 ; Rise       ; top:top_inst|clk_div:dut_clk_div|counter[9]  ;
; -1.000 ; 1.000        ; 2.000          ; Min Period       ; CLOCK_50 ; Rise       ; top:top_inst|clk_div:dut_clk_div|out         ;
; 0.081  ; 0.265        ; 0.184          ; Low Pulse Width  ; CLOCK_50 ; Rise       ; top:top_inst|clk_div:dut_clk_div|counter[16] ;
; 0.081  ; 0.265        ; 0.184          ; Low Pulse Width  ; CLOCK_50 ; Rise       ; top:top_inst|clk_div:dut_clk_div|counter[17] ;
; 0.081  ; 0.265        ; 0.184          ; Low Pulse Width  ; CLOCK_50 ; Rise       ; top:top_inst|clk_div:dut_clk_div|counter[18] ;
; 0.081  ; 0.265        ; 0.184          ; Low Pulse Width  ; CLOCK_50 ; Rise       ; top:top_inst|clk_div:dut_clk_div|counter[19] ;
; 0.081  ; 0.265        ; 0.184          ; Low Pulse Width  ; CLOCK_50 ; Rise       ; top:top_inst|clk_div:dut_clk_div|counter[21] ;
; 0.081  ; 0.265        ; 0.184          ; Low Pulse Width  ; CLOCK_50 ; Rise       ; top:top_inst|clk_div:dut_clk_div|counter[23] ;
; 0.081  ; 0.265        ; 0.184          ; Low Pulse Width  ; CLOCK_50 ; Rise       ; top:top_inst|clk_div:dut_clk_div|counter[24] ;
; 0.081  ; 0.265        ; 0.184          ; Low Pulse Width  ; CLOCK_50 ; Rise       ; top:top_inst|clk_div:dut_clk_div|counter[25] ;
; 0.081  ; 0.265        ; 0.184          ; Low Pulse Width  ; CLOCK_50 ; Rise       ; top:top_inst|clk_div:dut_clk_div|counter[26] ;
; 0.081  ; 0.265        ; 0.184          ; Low Pulse Width  ; CLOCK_50 ; Rise       ; top:top_inst|clk_div:dut_clk_div|counter[27] ;
; 0.090  ; 0.274        ; 0.184          ; Low Pulse Width  ; CLOCK_50 ; Rise       ; top:top_inst|clk_div:dut_clk_div|counter[0]  ;
; 0.090  ; 0.274        ; 0.184          ; Low Pulse Width  ; CLOCK_50 ; Rise       ; top:top_inst|clk_div:dut_clk_div|counter[10] ;
; 0.090  ; 0.274        ; 0.184          ; Low Pulse Width  ; CLOCK_50 ; Rise       ; top:top_inst|clk_div:dut_clk_div|counter[11] ;
; 0.090  ; 0.274        ; 0.184          ; Low Pulse Width  ; CLOCK_50 ; Rise       ; top:top_inst|clk_div:dut_clk_div|counter[12] ;
; 0.090  ; 0.274        ; 0.184          ; Low Pulse Width  ; CLOCK_50 ; Rise       ; top:top_inst|clk_div:dut_clk_div|counter[13] ;
; 0.090  ; 0.274        ; 0.184          ; Low Pulse Width  ; CLOCK_50 ; Rise       ; top:top_inst|clk_div:dut_clk_div|counter[15] ;
; 0.090  ; 0.274        ; 0.184          ; Low Pulse Width  ; CLOCK_50 ; Rise       ; top:top_inst|clk_div:dut_clk_div|counter[1]  ;
; 0.090  ; 0.274        ; 0.184          ; Low Pulse Width  ; CLOCK_50 ; Rise       ; top:top_inst|clk_div:dut_clk_div|counter[2]  ;
; 0.090  ; 0.274        ; 0.184          ; Low Pulse Width  ; CLOCK_50 ; Rise       ; top:top_inst|clk_div:dut_clk_div|counter[3]  ;
; 0.090  ; 0.274        ; 0.184          ; Low Pulse Width  ; CLOCK_50 ; Rise       ; top:top_inst|clk_div:dut_clk_div|counter[4]  ;
; 0.090  ; 0.274        ; 0.184          ; Low Pulse Width  ; CLOCK_50 ; Rise       ; top:top_inst|clk_div:dut_clk_div|counter[5]  ;
; 0.090  ; 0.274        ; 0.184          ; Low Pulse Width  ; CLOCK_50 ; Rise       ; top:top_inst|clk_div:dut_clk_div|counter[6]  ;
; 0.090  ; 0.274        ; 0.184          ; Low Pulse Width  ; CLOCK_50 ; Rise       ; top:top_inst|clk_div:dut_clk_div|counter[7]  ;
; 0.090  ; 0.274        ; 0.184          ; Low Pulse Width  ; CLOCK_50 ; Rise       ; top:top_inst|clk_div:dut_clk_div|counter[8]  ;
; 0.090  ; 0.274        ; 0.184          ; Low Pulse Width  ; CLOCK_50 ; Rise       ; top:top_inst|clk_div:dut_clk_div|counter[9]  ;
; 0.090  ; 0.274        ; 0.184          ; Low Pulse Width  ; CLOCK_50 ; Rise       ; top:top_inst|clk_div:dut_clk_div|out         ;
; 0.091  ; 0.275        ; 0.184          ; Low Pulse Width  ; CLOCK_50 ; Rise       ; top:top_inst|clk_div:dut_clk_div|counter[14] ;
; 0.091  ; 0.275        ; 0.184          ; Low Pulse Width  ; CLOCK_50 ; Rise       ; top:top_inst|clk_div:dut_clk_div|counter[20] ;
; 0.091  ; 0.275        ; 0.184          ; Low Pulse Width  ; CLOCK_50 ; Rise       ; top:top_inst|clk_div:dut_clk_div|counter[22] ;
; 0.241  ; 0.241        ; 0.000          ; Low Pulse Width  ; CLOCK_50 ; Rise       ; top_inst|dut_clk_div|counter[16]|clk         ;
; 0.241  ; 0.241        ; 0.000          ; Low Pulse Width  ; CLOCK_50 ; Rise       ; top_inst|dut_clk_div|counter[17]|clk         ;
; 0.241  ; 0.241        ; 0.000          ; Low Pulse Width  ; CLOCK_50 ; Rise       ; top_inst|dut_clk_div|counter[18]|clk         ;
; 0.241  ; 0.241        ; 0.000          ; Low Pulse Width  ; CLOCK_50 ; Rise       ; top_inst|dut_clk_div|counter[19]|clk         ;
; 0.241  ; 0.241        ; 0.000          ; Low Pulse Width  ; CLOCK_50 ; Rise       ; top_inst|dut_clk_div|counter[21]|clk         ;
; 0.241  ; 0.241        ; 0.000          ; Low Pulse Width  ; CLOCK_50 ; Rise       ; top_inst|dut_clk_div|counter[23]|clk         ;
; 0.241  ; 0.241        ; 0.000          ; Low Pulse Width  ; CLOCK_50 ; Rise       ; top_inst|dut_clk_div|counter[24]|clk         ;
; 0.241  ; 0.241        ; 0.000          ; Low Pulse Width  ; CLOCK_50 ; Rise       ; top_inst|dut_clk_div|counter[25]|clk         ;
; 0.241  ; 0.241        ; 0.000          ; Low Pulse Width  ; CLOCK_50 ; Rise       ; top_inst|dut_clk_div|counter[26]|clk         ;
; 0.241  ; 0.241        ; 0.000          ; Low Pulse Width  ; CLOCK_50 ; Rise       ; top_inst|dut_clk_div|counter[27]|clk         ;
; 0.245  ; 0.245        ; 0.000          ; Low Pulse Width  ; CLOCK_50 ; Rise       ; CLOCK_50~input|o                             ;
; 0.250  ; 0.250        ; 0.000          ; Low Pulse Width  ; CLOCK_50 ; Rise       ; top_inst|dut_clk_div|counter[0]|clk          ;
; 0.250  ; 0.250        ; 0.000          ; Low Pulse Width  ; CLOCK_50 ; Rise       ; top_inst|dut_clk_div|counter[10]|clk         ;
; 0.250  ; 0.250        ; 0.000          ; Low Pulse Width  ; CLOCK_50 ; Rise       ; top_inst|dut_clk_div|counter[11]|clk         ;
; 0.250  ; 0.250        ; 0.000          ; Low Pulse Width  ; CLOCK_50 ; Rise       ; top_inst|dut_clk_div|counter[12]|clk         ;
; 0.250  ; 0.250        ; 0.000          ; Low Pulse Width  ; CLOCK_50 ; Rise       ; top_inst|dut_clk_div|counter[13]|clk         ;
; 0.250  ; 0.250        ; 0.000          ; Low Pulse Width  ; CLOCK_50 ; Rise       ; top_inst|dut_clk_div|counter[15]|clk         ;
; 0.250  ; 0.250        ; 0.000          ; Low Pulse Width  ; CLOCK_50 ; Rise       ; top_inst|dut_clk_div|counter[1]|clk          ;
; 0.250  ; 0.250        ; 0.000          ; Low Pulse Width  ; CLOCK_50 ; Rise       ; top_inst|dut_clk_div|counter[2]|clk          ;
; 0.250  ; 0.250        ; 0.000          ; Low Pulse Width  ; CLOCK_50 ; Rise       ; top_inst|dut_clk_div|counter[3]|clk          ;
; 0.250  ; 0.250        ; 0.000          ; Low Pulse Width  ; CLOCK_50 ; Rise       ; top_inst|dut_clk_div|counter[4]|clk          ;
; 0.250  ; 0.250        ; 0.000          ; Low Pulse Width  ; CLOCK_50 ; Rise       ; top_inst|dut_clk_div|counter[5]|clk          ;
; 0.250  ; 0.250        ; 0.000          ; Low Pulse Width  ; CLOCK_50 ; Rise       ; top_inst|dut_clk_div|counter[6]|clk          ;
; 0.250  ; 0.250        ; 0.000          ; Low Pulse Width  ; CLOCK_50 ; Rise       ; top_inst|dut_clk_div|counter[7]|clk          ;
; 0.250  ; 0.250        ; 0.000          ; Low Pulse Width  ; CLOCK_50 ; Rise       ; top_inst|dut_clk_div|counter[8]|clk          ;
; 0.250  ; 0.250        ; 0.000          ; Low Pulse Width  ; CLOCK_50 ; Rise       ; top_inst|dut_clk_div|counter[9]|clk          ;
; 0.250  ; 0.250        ; 0.000          ; Low Pulse Width  ; CLOCK_50 ; Rise       ; top_inst|dut_clk_div|out|clk                 ;
; 0.251  ; 0.251        ; 0.000          ; Low Pulse Width  ; CLOCK_50 ; Rise       ; top_inst|dut_clk_div|counter[14]|clk         ;
; 0.251  ; 0.251        ; 0.000          ; Low Pulse Width  ; CLOCK_50 ; Rise       ; top_inst|dut_clk_div|counter[20]|clk         ;
; 0.251  ; 0.251        ; 0.000          ; Low Pulse Width  ; CLOCK_50 ; Rise       ; top_inst|dut_clk_div|counter[22]|clk         ;
; 0.254  ; 0.254        ; 0.000          ; Low Pulse Width  ; CLOCK_50 ; Rise       ; CLOCK_50~inputclkctrl|inclk[0]               ;
; 0.254  ; 0.254        ; 0.000          ; Low Pulse Width  ; CLOCK_50 ; Rise       ; CLOCK_50~inputclkctrl|outclk                 ;
; 0.500  ; 0.500        ; 0.000          ; High Pulse Width ; CLOCK_50 ; Rise       ; CLOCK_50~input|i                             ;
; 0.500  ; 0.500        ; 0.000          ; Low Pulse Width  ; CLOCK_50 ; Rise       ; CLOCK_50~input|i                             ;
; 0.509  ; 0.725        ; 0.216          ; High Pulse Width ; CLOCK_50 ; Rise       ; top:top_inst|clk_div:dut_clk_div|counter[0]  ;
; 0.509  ; 0.725        ; 0.216          ; High Pulse Width ; CLOCK_50 ; Rise       ; top:top_inst|clk_div:dut_clk_div|counter[10] ;
; 0.509  ; 0.725        ; 0.216          ; High Pulse Width ; CLOCK_50 ; Rise       ; top:top_inst|clk_div:dut_clk_div|counter[11] ;
; 0.509  ; 0.725        ; 0.216          ; High Pulse Width ; CLOCK_50 ; Rise       ; top:top_inst|clk_div:dut_clk_div|counter[12] ;
; 0.509  ; 0.725        ; 0.216          ; High Pulse Width ; CLOCK_50 ; Rise       ; top:top_inst|clk_div:dut_clk_div|counter[13] ;
; 0.509  ; 0.725        ; 0.216          ; High Pulse Width ; CLOCK_50 ; Rise       ; top:top_inst|clk_div:dut_clk_div|counter[14] ;
; 0.509  ; 0.725        ; 0.216          ; High Pulse Width ; CLOCK_50 ; Rise       ; top:top_inst|clk_div:dut_clk_div|counter[15] ;
+--------+--------------+----------------+------------------+----------+------------+----------------------------------------------+


+------------------------------------------------------------------------------------------------------------------------------------------------------------------------------------------------------------------------------+
; Slow 1200mV 0C Model Minimum Pulse Width: 'top:top_inst|clk_div:dut_clk_div|out'                                                                                                                                             ;
+--------+--------------+----------------+------------+--------------------------------------+------------+--------------------------------------------------------------------------------------------------------------------+
; Slack  ; Actual Width ; Required Width ; Type       ; Clock                                ; Clock Edge ; Target                                                                                                             ;
+--------+--------------+----------------+------------+--------------------------------------+------------+--------------------------------------------------------------------------------------------------------------------+
; -2.484 ; 1.000        ; 3.484          ; Min Period ; top:top_inst|clk_div:dut_clk_div|out ; Rise       ; top:top_inst|cpu:dut_cpu|register:FirstOPregister|out_reg[0]                                                       ;
; -2.484 ; 1.000        ; 3.484          ; Min Period ; top:top_inst|clk_div:dut_clk_div|out ; Rise       ; top:top_inst|cpu:dut_cpu|register:FirstOPregister|out_reg[10]                                                      ;
; -2.484 ; 1.000        ; 3.484          ; Min Period ; top:top_inst|clk_div:dut_clk_div|out ; Rise       ; top:top_inst|cpu:dut_cpu|register:FirstOPregister|out_reg[11]                                                      ;
; -2.484 ; 1.000        ; 3.484          ; Min Period ; top:top_inst|clk_div:dut_clk_div|out ; Rise       ; top:top_inst|cpu:dut_cpu|register:FirstOPregister|out_reg[12]                                                      ;
; -2.484 ; 1.000        ; 3.484          ; Min Period ; top:top_inst|clk_div:dut_clk_div|out ; Rise       ; top:top_inst|cpu:dut_cpu|register:FirstOPregister|out_reg[13]                                                      ;
; -2.484 ; 1.000        ; 3.484          ; Min Period ; top:top_inst|clk_div:dut_clk_div|out ; Rise       ; top:top_inst|cpu:dut_cpu|register:FirstOPregister|out_reg[14]                                                      ;
; -2.484 ; 1.000        ; 3.484          ; Min Period ; top:top_inst|clk_div:dut_clk_div|out ; Rise       ; top:top_inst|cpu:dut_cpu|register:FirstOPregister|out_reg[15]                                                      ;
; -2.484 ; 1.000        ; 3.484          ; Min Period ; top:top_inst|clk_div:dut_clk_div|out ; Rise       ; top:top_inst|cpu:dut_cpu|register:FirstOPregister|out_reg[1]                                                       ;
; -2.484 ; 1.000        ; 3.484          ; Min Period ; top:top_inst|clk_div:dut_clk_div|out ; Rise       ; top:top_inst|cpu:dut_cpu|register:FirstOPregister|out_reg[2]                                                       ;
; -2.484 ; 1.000        ; 3.484          ; Min Period ; top:top_inst|clk_div:dut_clk_div|out ; Rise       ; top:top_inst|cpu:dut_cpu|register:FirstOPregister|out_reg[3]                                                       ;
; -2.484 ; 1.000        ; 3.484          ; Min Period ; top:top_inst|clk_div:dut_clk_div|out ; Rise       ; top:top_inst|cpu:dut_cpu|register:FirstOPregister|out_reg[4]                                                       ;
; -2.484 ; 1.000        ; 3.484          ; Min Period ; top:top_inst|clk_div:dut_clk_div|out ; Rise       ; top:top_inst|cpu:dut_cpu|register:FirstOPregister|out_reg[5]                                                       ;
; -2.484 ; 1.000        ; 3.484          ; Min Period ; top:top_inst|clk_div:dut_clk_div|out ; Rise       ; top:top_inst|cpu:dut_cpu|register:FirstOPregister|out_reg[6]                                                       ;
; -2.484 ; 1.000        ; 3.484          ; Min Period ; top:top_inst|clk_div:dut_clk_div|out ; Rise       ; top:top_inst|cpu:dut_cpu|register:FirstOPregister|out_reg[7]                                                       ;
; -2.484 ; 1.000        ; 3.484          ; Min Period ; top:top_inst|clk_div:dut_clk_div|out ; Rise       ; top:top_inst|cpu:dut_cpu|register:FirstOPregister|out_reg[8]                                                       ;
; -2.484 ; 1.000        ; 3.484          ; Min Period ; top:top_inst|clk_div:dut_clk_div|out ; Rise       ; top:top_inst|cpu:dut_cpu|register:FirstOPregister|out_reg[9]                                                       ;
; -2.174 ; 1.000        ; 3.174          ; Min Period ; top:top_inst|clk_div:dut_clk_div|out ; Rise       ; top:top_inst|memory:dut_memory|altsyncram:mem_rtl_0|altsyncram_dke1:auto_generated|ram_block1a0~porta_address_reg0 ;
; -2.174 ; 1.000        ; 3.174          ; Min Period ; top:top_inst|clk_div:dut_clk_div|out ; Rise       ; top:top_inst|memory:dut_memory|altsyncram:mem_rtl_0|altsyncram_dke1:auto_generated|ram_block1a0~porta_datain_reg0  ;
; -2.174 ; 1.000        ; 3.174          ; Min Period ; top:top_inst|clk_div:dut_clk_div|out ; Rise       ; top:top_inst|memory:dut_memory|altsyncram:mem_rtl_0|altsyncram_dke1:auto_generated|ram_block1a0~porta_we_reg       ;
; -2.174 ; 1.000        ; 3.174          ; Min Period ; top:top_inst|clk_div:dut_clk_div|out ; Rise       ; top:top_inst|memory:dut_memory|altsyncram:mem_rtl_0|altsyncram_dke1:auto_generated|ram_block1a0~portb_address_reg0 ;
; -1.000 ; 1.000        ; 2.000          ; Min Period ; top:top_inst|clk_div:dut_clk_div|out ; Rise       ; top:top_inst|cpu:dut_cpu|cnt_step_reg[0]                                                                           ;
; -1.000 ; 1.000        ; 2.000          ; Min Period ; top:top_inst|clk_div:dut_clk_div|out ; Rise       ; top:top_inst|cpu:dut_cpu|cnt_step_reg[1]                                                                           ;
; -1.000 ; 1.000        ; 2.000          ; Min Period ; top:top_inst|clk_div:dut_clk_div|out ; Rise       ; top:top_inst|cpu:dut_cpu|cnt_step_reg[2]                                                                           ;
; -1.000 ; 1.000        ; 2.000          ; Min Period ; top:top_inst|clk_div:dut_clk_div|out ; Rise       ; top:top_inst|cpu:dut_cpu|out_reg[0]                                                                                ;
; -1.000 ; 1.000        ; 2.000          ; Min Period ; top:top_inst|clk_div:dut_clk_div|out ; Rise       ; top:top_inst|cpu:dut_cpu|out_reg[1]                                                                                ;
; -1.000 ; 1.000        ; 2.000          ; Min Period ; top:top_inst|clk_div:dut_clk_div|out ; Rise       ; top:top_inst|cpu:dut_cpu|out_reg[2]                                                                                ;
; -1.000 ; 1.000        ; 2.000          ; Min Period ; top:top_inst|clk_div:dut_clk_div|out ; Rise       ; top:top_inst|cpu:dut_cpu|out_reg[3]                                                                                ;
; -1.000 ; 1.000        ; 2.000          ; Min Period ; top:top_inst|clk_div:dut_clk_div|out ; Rise       ; top:top_inst|cpu:dut_cpu|out_reg[4]                                                                                ;
; -1.000 ; 1.000        ; 2.000          ; Min Period ; top:top_inst|clk_div:dut_clk_div|out ; Rise       ; top:top_inst|cpu:dut_cpu|register:Aregister|out_reg[0]                                                             ;
; -1.000 ; 1.000        ; 2.000          ; Min Period ; top:top_inst|clk_div:dut_clk_div|out ; Rise       ; top:top_inst|cpu:dut_cpu|register:Aregister|out_reg[10]                                                            ;
; -1.000 ; 1.000        ; 2.000          ; Min Period ; top:top_inst|clk_div:dut_clk_div|out ; Rise       ; top:top_inst|cpu:dut_cpu|register:Aregister|out_reg[11]                                                            ;
; -1.000 ; 1.000        ; 2.000          ; Min Period ; top:top_inst|clk_div:dut_clk_div|out ; Rise       ; top:top_inst|cpu:dut_cpu|register:Aregister|out_reg[12]                                                            ;
; -1.000 ; 1.000        ; 2.000          ; Min Period ; top:top_inst|clk_div:dut_clk_div|out ; Rise       ; top:top_inst|cpu:dut_cpu|register:Aregister|out_reg[13]                                                            ;
; -1.000 ; 1.000        ; 2.000          ; Min Period ; top:top_inst|clk_div:dut_clk_div|out ; Rise       ; top:top_inst|cpu:dut_cpu|register:Aregister|out_reg[14]                                                            ;
; -1.000 ; 1.000        ; 2.000          ; Min Period ; top:top_inst|clk_div:dut_clk_div|out ; Rise       ; top:top_inst|cpu:dut_cpu|register:Aregister|out_reg[15]                                                            ;
; -1.000 ; 1.000        ; 2.000          ; Min Period ; top:top_inst|clk_div:dut_clk_div|out ; Rise       ; top:top_inst|cpu:dut_cpu|register:Aregister|out_reg[1]                                                             ;
; -1.000 ; 1.000        ; 2.000          ; Min Period ; top:top_inst|clk_div:dut_clk_div|out ; Rise       ; top:top_inst|cpu:dut_cpu|register:Aregister|out_reg[2]                                                             ;
; -1.000 ; 1.000        ; 2.000          ; Min Period ; top:top_inst|clk_div:dut_clk_div|out ; Rise       ; top:top_inst|cpu:dut_cpu|register:Aregister|out_reg[3]                                                             ;
; -1.000 ; 1.000        ; 2.000          ; Min Period ; top:top_inst|clk_div:dut_clk_div|out ; Rise       ; top:top_inst|cpu:dut_cpu|register:Aregister|out_reg[4]                                                             ;
; -1.000 ; 1.000        ; 2.000          ; Min Period ; top:top_inst|clk_div:dut_clk_div|out ; Rise       ; top:top_inst|cpu:dut_cpu|register:Aregister|out_reg[5]                                                             ;
; -1.000 ; 1.000        ; 2.000          ; Min Period ; top:top_inst|clk_div:dut_clk_div|out ; Rise       ; top:top_inst|cpu:dut_cpu|register:Aregister|out_reg[6]                                                             ;
; -1.000 ; 1.000        ; 2.000          ; Min Period ; top:top_inst|clk_div:dut_clk_div|out ; Rise       ; top:top_inst|cpu:dut_cpu|register:Aregister|out_reg[7]                                                             ;
; -1.000 ; 1.000        ; 2.000          ; Min Period ; top:top_inst|clk_div:dut_clk_div|out ; Rise       ; top:top_inst|cpu:dut_cpu|register:Aregister|out_reg[8]                                                             ;
; -1.000 ; 1.000        ; 2.000          ; Min Period ; top:top_inst|clk_div:dut_clk_div|out ; Rise       ; top:top_inst|cpu:dut_cpu|register:Aregister|out_reg[9]                                                             ;
; -1.000 ; 1.000        ; 2.000          ; Min Period ; top:top_inst|clk_div:dut_clk_div|out ; Rise       ; top:top_inst|cpu:dut_cpu|register:FirstOPregister|out_reg[0]~_Duplicate_1                                          ;
; -1.000 ; 1.000        ; 2.000          ; Min Period ; top:top_inst|clk_div:dut_clk_div|out ; Rise       ; top:top_inst|cpu:dut_cpu|register:FirstOPregister|out_reg[10]~_Duplicate_1                                         ;
; -1.000 ; 1.000        ; 2.000          ; Min Period ; top:top_inst|clk_div:dut_clk_div|out ; Rise       ; top:top_inst|cpu:dut_cpu|register:FirstOPregister|out_reg[11]~_Duplicate_1                                         ;
; -1.000 ; 1.000        ; 2.000          ; Min Period ; top:top_inst|clk_div:dut_clk_div|out ; Rise       ; top:top_inst|cpu:dut_cpu|register:FirstOPregister|out_reg[12]~_Duplicate_1                                         ;
; -1.000 ; 1.000        ; 2.000          ; Min Period ; top:top_inst|clk_div:dut_clk_div|out ; Rise       ; top:top_inst|cpu:dut_cpu|register:FirstOPregister|out_reg[13]~_Duplicate_1                                         ;
; -1.000 ; 1.000        ; 2.000          ; Min Period ; top:top_inst|clk_div:dut_clk_div|out ; Rise       ; top:top_inst|cpu:dut_cpu|register:FirstOPregister|out_reg[14]~_Duplicate_1                                         ;
; -1.000 ; 1.000        ; 2.000          ; Min Period ; top:top_inst|clk_div:dut_clk_div|out ; Rise       ; top:top_inst|cpu:dut_cpu|register:FirstOPregister|out_reg[15]~_Duplicate_1                                         ;
; -1.000 ; 1.000        ; 2.000          ; Min Period ; top:top_inst|clk_div:dut_clk_div|out ; Rise       ; top:top_inst|cpu:dut_cpu|register:FirstOPregister|out_reg[1]~_Duplicate_1                                          ;
; -1.000 ; 1.000        ; 2.000          ; Min Period ; top:top_inst|clk_div:dut_clk_div|out ; Rise       ; top:top_inst|cpu:dut_cpu|register:FirstOPregister|out_reg[2]~_Duplicate_1                                          ;
; -1.000 ; 1.000        ; 2.000          ; Min Period ; top:top_inst|clk_div:dut_clk_div|out ; Rise       ; top:top_inst|cpu:dut_cpu|register:FirstOPregister|out_reg[3]~_Duplicate_1                                          ;
; -1.000 ; 1.000        ; 2.000          ; Min Period ; top:top_inst|clk_div:dut_clk_div|out ; Rise       ; top:top_inst|cpu:dut_cpu|register:FirstOPregister|out_reg[4]~_Duplicate_1                                          ;
; -1.000 ; 1.000        ; 2.000          ; Min Period ; top:top_inst|clk_div:dut_clk_div|out ; Rise       ; top:top_inst|cpu:dut_cpu|register:FirstOPregister|out_reg[5]~_Duplicate_1                                          ;
; -1.000 ; 1.000        ; 2.000          ; Min Period ; top:top_inst|clk_div:dut_clk_div|out ; Rise       ; top:top_inst|cpu:dut_cpu|register:FirstOPregister|out_reg[6]~_Duplicate_1                                          ;
; -1.000 ; 1.000        ; 2.000          ; Min Period ; top:top_inst|clk_div:dut_clk_div|out ; Rise       ; top:top_inst|cpu:dut_cpu|register:FirstOPregister|out_reg[7]~_Duplicate_1                                          ;
; -1.000 ; 1.000        ; 2.000          ; Min Period ; top:top_inst|clk_div:dut_clk_div|out ; Rise       ; top:top_inst|cpu:dut_cpu|register:FirstOPregister|out_reg[8]~_Duplicate_1                                          ;
; -1.000 ; 1.000        ; 2.000          ; Min Period ; top:top_inst|clk_div:dut_clk_div|out ; Rise       ; top:top_inst|cpu:dut_cpu|register:FirstOPregister|out_reg[9]~_Duplicate_1                                          ;
; -1.000 ; 1.000        ; 2.000          ; Min Period ; top:top_inst|clk_div:dut_clk_div|out ; Rise       ; top:top_inst|cpu:dut_cpu|register:IRHIGHregister|out_reg[0]                                                        ;
; -1.000 ; 1.000        ; 2.000          ; Min Period ; top:top_inst|clk_div:dut_clk_div|out ; Rise       ; top:top_inst|cpu:dut_cpu|register:IRHIGHregister|out_reg[10]                                                       ;
; -1.000 ; 1.000        ; 2.000          ; Min Period ; top:top_inst|clk_div:dut_clk_div|out ; Rise       ; top:top_inst|cpu:dut_cpu|register:IRHIGHregister|out_reg[11]                                                       ;
; -1.000 ; 1.000        ; 2.000          ; Min Period ; top:top_inst|clk_div:dut_clk_div|out ; Rise       ; top:top_inst|cpu:dut_cpu|register:IRHIGHregister|out_reg[12]                                                       ;
; -1.000 ; 1.000        ; 2.000          ; Min Period ; top:top_inst|clk_div:dut_clk_div|out ; Rise       ; top:top_inst|cpu:dut_cpu|register:IRHIGHregister|out_reg[13]                                                       ;
; -1.000 ; 1.000        ; 2.000          ; Min Period ; top:top_inst|clk_div:dut_clk_div|out ; Rise       ; top:top_inst|cpu:dut_cpu|register:IRHIGHregister|out_reg[14]                                                       ;
; -1.000 ; 1.000        ; 2.000          ; Min Period ; top:top_inst|clk_div:dut_clk_div|out ; Rise       ; top:top_inst|cpu:dut_cpu|register:IRHIGHregister|out_reg[15]                                                       ;
; -1.000 ; 1.000        ; 2.000          ; Min Period ; top:top_inst|clk_div:dut_clk_div|out ; Rise       ; top:top_inst|cpu:dut_cpu|register:IRHIGHregister|out_reg[1]                                                        ;
; -1.000 ; 1.000        ; 2.000          ; Min Period ; top:top_inst|clk_div:dut_clk_div|out ; Rise       ; top:top_inst|cpu:dut_cpu|register:IRHIGHregister|out_reg[2]                                                        ;
; -1.000 ; 1.000        ; 2.000          ; Min Period ; top:top_inst|clk_div:dut_clk_div|out ; Rise       ; top:top_inst|cpu:dut_cpu|register:IRHIGHregister|out_reg[3]                                                        ;
; -1.000 ; 1.000        ; 2.000          ; Min Period ; top:top_inst|clk_div:dut_clk_div|out ; Rise       ; top:top_inst|cpu:dut_cpu|register:IRHIGHregister|out_reg[4]                                                        ;
; -1.000 ; 1.000        ; 2.000          ; Min Period ; top:top_inst|clk_div:dut_clk_div|out ; Rise       ; top:top_inst|cpu:dut_cpu|register:IRHIGHregister|out_reg[5]                                                        ;
; -1.000 ; 1.000        ; 2.000          ; Min Period ; top:top_inst|clk_div:dut_clk_div|out ; Rise       ; top:top_inst|cpu:dut_cpu|register:IRHIGHregister|out_reg[6]                                                        ;
; -1.000 ; 1.000        ; 2.000          ; Min Period ; top:top_inst|clk_div:dut_clk_div|out ; Rise       ; top:top_inst|cpu:dut_cpu|register:IRHIGHregister|out_reg[7]                                                        ;
; -1.000 ; 1.000        ; 2.000          ; Min Period ; top:top_inst|clk_div:dut_clk_div|out ; Rise       ; top:top_inst|cpu:dut_cpu|register:IRHIGHregister|out_reg[8]                                                        ;
; -1.000 ; 1.000        ; 2.000          ; Min Period ; top:top_inst|clk_div:dut_clk_div|out ; Rise       ; top:top_inst|cpu:dut_cpu|register:IRHIGHregister|out_reg[9]                                                        ;
; -1.000 ; 1.000        ; 2.000          ; Min Period ; top:top_inst|clk_div:dut_clk_div|out ; Rise       ; top:top_inst|cpu:dut_cpu|register:IRLOWregister|out_reg[0]                                                         ;
; -1.000 ; 1.000        ; 2.000          ; Min Period ; top:top_inst|clk_div:dut_clk_div|out ; Rise       ; top:top_inst|cpu:dut_cpu|register:IRLOWregister|out_reg[10]                                                        ;
; -1.000 ; 1.000        ; 2.000          ; Min Period ; top:top_inst|clk_div:dut_clk_div|out ; Rise       ; top:top_inst|cpu:dut_cpu|register:IRLOWregister|out_reg[11]                                                        ;
; -1.000 ; 1.000        ; 2.000          ; Min Period ; top:top_inst|clk_div:dut_clk_div|out ; Rise       ; top:top_inst|cpu:dut_cpu|register:IRLOWregister|out_reg[12]                                                        ;
; -1.000 ; 1.000        ; 2.000          ; Min Period ; top:top_inst|clk_div:dut_clk_div|out ; Rise       ; top:top_inst|cpu:dut_cpu|register:IRLOWregister|out_reg[13]                                                        ;
; -1.000 ; 1.000        ; 2.000          ; Min Period ; top:top_inst|clk_div:dut_clk_div|out ; Rise       ; top:top_inst|cpu:dut_cpu|register:IRLOWregister|out_reg[14]                                                        ;
; -1.000 ; 1.000        ; 2.000          ; Min Period ; top:top_inst|clk_div:dut_clk_div|out ; Rise       ; top:top_inst|cpu:dut_cpu|register:IRLOWregister|out_reg[15]                                                        ;
; -1.000 ; 1.000        ; 2.000          ; Min Period ; top:top_inst|clk_div:dut_clk_div|out ; Rise       ; top:top_inst|cpu:dut_cpu|register:IRLOWregister|out_reg[1]                                                         ;
; -1.000 ; 1.000        ; 2.000          ; Min Period ; top:top_inst|clk_div:dut_clk_div|out ; Rise       ; top:top_inst|cpu:dut_cpu|register:IRLOWregister|out_reg[2]                                                         ;
; -1.000 ; 1.000        ; 2.000          ; Min Period ; top:top_inst|clk_div:dut_clk_div|out ; Rise       ; top:top_inst|cpu:dut_cpu|register:IRLOWregister|out_reg[3]                                                         ;
; -1.000 ; 1.000        ; 2.000          ; Min Period ; top:top_inst|clk_div:dut_clk_div|out ; Rise       ; top:top_inst|cpu:dut_cpu|register:IRLOWregister|out_reg[4]                                                         ;
; -1.000 ; 1.000        ; 2.000          ; Min Period ; top:top_inst|clk_div:dut_clk_div|out ; Rise       ; top:top_inst|cpu:dut_cpu|register:IRLOWregister|out_reg[5]                                                         ;
; -1.000 ; 1.000        ; 2.000          ; Min Period ; top:top_inst|clk_div:dut_clk_div|out ; Rise       ; top:top_inst|cpu:dut_cpu|register:IRLOWregister|out_reg[6]                                                         ;
; -1.000 ; 1.000        ; 2.000          ; Min Period ; top:top_inst|clk_div:dut_clk_div|out ; Rise       ; top:top_inst|cpu:dut_cpu|register:IRLOWregister|out_reg[7]                                                         ;
; -1.000 ; 1.000        ; 2.000          ; Min Period ; top:top_inst|clk_div:dut_clk_div|out ; Rise       ; top:top_inst|cpu:dut_cpu|register:IRLOWregister|out_reg[8]                                                         ;
; -1.000 ; 1.000        ; 2.000          ; Min Period ; top:top_inst|clk_div:dut_clk_div|out ; Rise       ; top:top_inst|cpu:dut_cpu|register:IRLOWregister|out_reg[9]                                                         ;
; -1.000 ; 1.000        ; 2.000          ; Min Period ; top:top_inst|clk_div:dut_clk_div|out ; Rise       ; top:top_inst|cpu:dut_cpu|register:PCregister|out_reg[0]                                                            ;
; -1.000 ; 1.000        ; 2.000          ; Min Period ; top:top_inst|clk_div:dut_clk_div|out ; Rise       ; top:top_inst|cpu:dut_cpu|register:PCregister|out_reg[1]                                                            ;
; -1.000 ; 1.000        ; 2.000          ; Min Period ; top:top_inst|clk_div:dut_clk_div|out ; Rise       ; top:top_inst|cpu:dut_cpu|register:PCregister|out_reg[2]                                                            ;
; -1.000 ; 1.000        ; 2.000          ; Min Period ; top:top_inst|clk_div:dut_clk_div|out ; Rise       ; top:top_inst|cpu:dut_cpu|register:PCregister|out_reg[3]                                                            ;
; -1.000 ; 1.000        ; 2.000          ; Min Period ; top:top_inst|clk_div:dut_clk_div|out ; Rise       ; top:top_inst|cpu:dut_cpu|register:PCregister|out_reg[4]                                                            ;
; -1.000 ; 1.000        ; 2.000          ; Min Period ; top:top_inst|clk_div:dut_clk_div|out ; Rise       ; top:top_inst|cpu:dut_cpu|register:PCregister|out_reg[5]                                                            ;
; -1.000 ; 1.000        ; 2.000          ; Min Period ; top:top_inst|clk_div:dut_clk_div|out ; Rise       ; top:top_inst|cpu:dut_cpu|register:SPregister|out_reg[5]                                                            ;
; -1.000 ; 1.000        ; 2.000          ; Min Period ; top:top_inst|clk_div:dut_clk_div|out ; Rise       ; top:top_inst|cpu:dut_cpu|register:SecondOPregister|out_reg[0]                                                      ;
+--------+--------------+----------------+------------+--------------------------------------+------------+--------------------------------------------------------------------------------------------------------------------+


+----------------------------------------------------------------------------------------------------------------------+
; Setup Times                                                                                                          ;
+-----------+--------------------------------------+-------+-------+------------+--------------------------------------+
; Data Port ; Clock Port                           ; Rise  ; Fall  ; Clock Edge ; Clock Reference                      ;
+-----------+--------------------------------------+-------+-------+------------+--------------------------------------+
; SW[*]     ; top:top_inst|clk_div:dut_clk_div|out ; 4.478 ; 4.903 ; Rise       ; top:top_inst|clk_div:dut_clk_div|out ;
;  SW[0]    ; top:top_inst|clk_div:dut_clk_div|out ; 4.478 ; 4.903 ; Rise       ; top:top_inst|clk_div:dut_clk_div|out ;
;  SW[1]    ; top:top_inst|clk_div:dut_clk_div|out ; 4.001 ; 4.423 ; Rise       ; top:top_inst|clk_div:dut_clk_div|out ;
;  SW[2]    ; top:top_inst|clk_div:dut_clk_div|out ; 4.061 ; 4.551 ; Rise       ; top:top_inst|clk_div:dut_clk_div|out ;
;  SW[3]    ; top:top_inst|clk_div:dut_clk_div|out ; 3.569 ; 3.998 ; Rise       ; top:top_inst|clk_div:dut_clk_div|out ;
+-----------+--------------------------------------+-------+-------+------------+--------------------------------------+


+------------------------------------------------------------------------------------------------------------------------+
; Hold Times                                                                                                             ;
+-----------+--------------------------------------+--------+--------+------------+--------------------------------------+
; Data Port ; Clock Port                           ; Rise   ; Fall   ; Clock Edge ; Clock Reference                      ;
+-----------+--------------------------------------+--------+--------+------------+--------------------------------------+
; SW[*]     ; top:top_inst|clk_div:dut_clk_div|out ; -1.588 ; -2.065 ; Rise       ; top:top_inst|clk_div:dut_clk_div|out ;
;  SW[0]    ; top:top_inst|clk_div:dut_clk_div|out ; -1.588 ; -2.065 ; Rise       ; top:top_inst|clk_div:dut_clk_div|out ;
;  SW[1]    ; top:top_inst|clk_div:dut_clk_div|out ; -1.835 ; -2.267 ; Rise       ; top:top_inst|clk_div:dut_clk_div|out ;
;  SW[2]    ; top:top_inst|clk_div:dut_clk_div|out ; -1.704 ; -2.186 ; Rise       ; top:top_inst|clk_div:dut_clk_div|out ;
;  SW[3]    ; top:top_inst|clk_div:dut_clk_div|out ; -1.965 ; -2.445 ; Rise       ; top:top_inst|clk_div:dut_clk_div|out ;
+-----------+--------------------------------------+--------+--------+------------+--------------------------------------+


+-------------------------------------------------------------------------------------------------------------------------+
; Clock to Output Times                                                                                                   ;
+------------+--------------------------------------+--------+--------+------------+--------------------------------------+
; Data Port  ; Clock Port                           ; Rise   ; Fall   ; Clock Edge ; Clock Reference                      ;
+------------+--------------------------------------+--------+--------+------------+--------------------------------------+
; HEX0_D[*]  ; top:top_inst|clk_div:dut_clk_div|out ; 13.217 ; 13.048 ; Rise       ; top:top_inst|clk_div:dut_clk_div|out ;
;  HEX0_D[0] ; top:top_inst|clk_div:dut_clk_div|out ; 13.204 ; 13.030 ; Rise       ; top:top_inst|clk_div:dut_clk_div|out ;
;  HEX0_D[1] ; top:top_inst|clk_div:dut_clk_div|out ; 13.217 ; 13.048 ; Rise       ; top:top_inst|clk_div:dut_clk_div|out ;
;  HEX0_D[2] ; top:top_inst|clk_div:dut_clk_div|out ; 12.764 ; 12.627 ; Rise       ; top:top_inst|clk_div:dut_clk_div|out ;
;  HEX0_D[3] ; top:top_inst|clk_div:dut_clk_div|out ; 12.781 ; 12.639 ; Rise       ; top:top_inst|clk_div:dut_clk_div|out ;
;  HEX0_D[4] ; top:top_inst|clk_div:dut_clk_div|out ; 12.773 ; 12.579 ; Rise       ; top:top_inst|clk_div:dut_clk_div|out ;
;  HEX0_D[5] ; top:top_inst|clk_div:dut_clk_div|out ; 12.774 ; 12.633 ; Rise       ; top:top_inst|clk_div:dut_clk_div|out ;
;  HEX0_D[6] ; top:top_inst|clk_div:dut_clk_div|out ; 12.626 ; 12.761 ; Rise       ; top:top_inst|clk_div:dut_clk_div|out ;
; HEX1_D[*]  ; top:top_inst|clk_div:dut_clk_div|out ; 12.328 ; 12.178 ; Rise       ; top:top_inst|clk_div:dut_clk_div|out ;
;  HEX1_D[0] ; top:top_inst|clk_div:dut_clk_div|out ; 12.315 ; 12.159 ; Rise       ; top:top_inst|clk_div:dut_clk_div|out ;
;  HEX1_D[1] ; top:top_inst|clk_div:dut_clk_div|out ; 12.328 ; 12.178 ; Rise       ; top:top_inst|clk_div:dut_clk_div|out ;
;  HEX1_D[2] ; top:top_inst|clk_div:dut_clk_div|out ; 12.283 ; 12.071 ; Rise       ; top:top_inst|clk_div:dut_clk_div|out ;
;  HEX1_D[3] ; top:top_inst|clk_div:dut_clk_div|out ; 12.319 ; 12.162 ; Rise       ; top:top_inst|clk_div:dut_clk_div|out ;
;  HEX1_D[4] ; top:top_inst|clk_div:dut_clk_div|out ; 12.267 ; 12.162 ; Rise       ; top:top_inst|clk_div:dut_clk_div|out ;
;  HEX1_D[5] ; top:top_inst|clk_div:dut_clk_div|out ; 12.181 ; 12.049 ; Rise       ; top:top_inst|clk_div:dut_clk_div|out ;
;  HEX1_D[6] ; top:top_inst|clk_div:dut_clk_div|out ; 11.847 ; 12.057 ; Rise       ; top:top_inst|clk_div:dut_clk_div|out ;
; HEX2_D[*]  ; top:top_inst|clk_div:dut_clk_div|out ; 6.260  ; 6.174  ; Rise       ; top:top_inst|clk_div:dut_clk_div|out ;
;  HEX2_D[4] ; top:top_inst|clk_div:dut_clk_div|out ; 6.008  ; 5.937  ; Rise       ; top:top_inst|clk_div:dut_clk_div|out ;
;  HEX2_D[5] ; top:top_inst|clk_div:dut_clk_div|out ; 6.260  ; 6.174  ; Rise       ; top:top_inst|clk_div:dut_clk_div|out ;
;  HEX2_D[6] ; top:top_inst|clk_div:dut_clk_div|out ; 5.894  ; 5.973  ; Rise       ; top:top_inst|clk_div:dut_clk_div|out ;
; HEX3_D[*]  ; top:top_inst|clk_div:dut_clk_div|out ; 5.967  ; 5.968  ; Rise       ; top:top_inst|clk_div:dut_clk_div|out ;
;  HEX3_D[1] ; top:top_inst|clk_div:dut_clk_div|out ; 5.967  ; 5.891  ; Rise       ; top:top_inst|clk_div:dut_clk_div|out ;
;  HEX3_D[6] ; top:top_inst|clk_div:dut_clk_div|out ; 5.889  ; 5.968  ; Rise       ; top:top_inst|clk_div:dut_clk_div|out ;
; LEDG[*]    ; top:top_inst|clk_div:dut_clk_div|out ; 8.237  ; 7.923  ; Rise       ; top:top_inst|clk_div:dut_clk_div|out ;
;  LEDG[0]   ; top:top_inst|clk_div:dut_clk_div|out ; 6.157  ; 6.027  ; Rise       ; top:top_inst|clk_div:dut_clk_div|out ;
;  LEDG[1]   ; top:top_inst|clk_div:dut_clk_div|out ; 6.475  ; 6.341  ; Rise       ; top:top_inst|clk_div:dut_clk_div|out ;
;  LEDG[2]   ; top:top_inst|clk_div:dut_clk_div|out ; 8.237  ; 7.923  ; Rise       ; top:top_inst|clk_div:dut_clk_div|out ;
;  LEDG[3]   ; top:top_inst|clk_div:dut_clk_div|out ; 6.134  ; 6.041  ; Rise       ; top:top_inst|clk_div:dut_clk_div|out ;
;  LEDG[4]   ; top:top_inst|clk_div:dut_clk_div|out ; 6.480  ; 6.326  ; Rise       ; top:top_inst|clk_div:dut_clk_div|out ;
+------------+--------------------------------------+--------+--------+------------+--------------------------------------+


+-----------------------------------------------------------------------------------------------------------------------+
; Minimum Clock to Output Times                                                                                         ;
+------------+--------------------------------------+-------+-------+------------+--------------------------------------+
; Data Port  ; Clock Port                           ; Rise  ; Fall  ; Clock Edge ; Clock Reference                      ;
+------------+--------------------------------------+-------+-------+------------+--------------------------------------+
; HEX0_D[*]  ; top:top_inst|clk_div:dut_clk_div|out ; 6.595 ; 6.574 ; Rise       ; top:top_inst|clk_div:dut_clk_div|out ;
;  HEX0_D[0] ; top:top_inst|clk_div:dut_clk_div|out ; 7.150 ; 7.021 ; Rise       ; top:top_inst|clk_div:dut_clk_div|out ;
;  HEX0_D[1] ; top:top_inst|clk_div:dut_clk_div|out ; 7.170 ; 6.996 ; Rise       ; top:top_inst|clk_div:dut_clk_div|out ;
;  HEX0_D[2] ; top:top_inst|clk_div:dut_clk_div|out ; 6.819 ; 6.574 ; Rise       ; top:top_inst|clk_div:dut_clk_div|out ;
;  HEX0_D[3] ; top:top_inst|clk_div:dut_clk_div|out ; 6.723 ; 6.581 ; Rise       ; top:top_inst|clk_div:dut_clk_div|out ;
;  HEX0_D[4] ; top:top_inst|clk_div:dut_clk_div|out ; 6.722 ; 6.666 ; Rise       ; top:top_inst|clk_div:dut_clk_div|out ;
;  HEX0_D[5] ; top:top_inst|clk_div:dut_clk_div|out ; 6.721 ; 6.680 ; Rise       ; top:top_inst|clk_div:dut_clk_div|out ;
;  HEX0_D[6] ; top:top_inst|clk_div:dut_clk_div|out ; 6.595 ; 6.753 ; Rise       ; top:top_inst|clk_div:dut_clk_div|out ;
; HEX1_D[*]  ; top:top_inst|clk_div:dut_clk_div|out ; 7.483 ; 7.595 ; Rise       ; top:top_inst|clk_div:dut_clk_div|out ;
;  HEX1_D[0] ; top:top_inst|clk_div:dut_clk_div|out ; 7.859 ; 7.727 ; Rise       ; top:top_inst|clk_div:dut_clk_div|out ;
;  HEX1_D[1] ; top:top_inst|clk_div:dut_clk_div|out ; 7.872 ; 7.751 ; Rise       ; top:top_inst|clk_div:dut_clk_div|out ;
;  HEX1_D[2] ; top:top_inst|clk_div:dut_clk_div|out ; 7.824 ; 7.670 ; Rise       ; top:top_inst|clk_div:dut_clk_div|out ;
;  HEX1_D[3] ; top:top_inst|clk_div:dut_clk_div|out ; 7.866 ; 7.729 ; Rise       ; top:top_inst|clk_div:dut_clk_div|out ;
;  HEX1_D[4] ; top:top_inst|clk_div:dut_clk_div|out ; 7.860 ; 7.731 ; Rise       ; top:top_inst|clk_div:dut_clk_div|out ;
;  HEX1_D[5] ; top:top_inst|clk_div:dut_clk_div|out ; 7.775 ; 7.595 ; Rise       ; top:top_inst|clk_div:dut_clk_div|out ;
;  HEX1_D[6] ; top:top_inst|clk_div:dut_clk_div|out ; 7.483 ; 7.612 ; Rise       ; top:top_inst|clk_div:dut_clk_div|out ;
; HEX2_D[*]  ; top:top_inst|clk_div:dut_clk_div|out ; 5.726 ; 5.768 ; Rise       ; top:top_inst|clk_div:dut_clk_div|out ;
;  HEX2_D[4] ; top:top_inst|clk_div:dut_clk_div|out ; 5.841 ; 5.768 ; Rise       ; top:top_inst|clk_div:dut_clk_div|out ;
;  HEX2_D[5] ; top:top_inst|clk_div:dut_clk_div|out ; 6.083 ; 5.995 ; Rise       ; top:top_inst|clk_div:dut_clk_div|out ;
;  HEX2_D[6] ; top:top_inst|clk_div:dut_clk_div|out ; 5.726 ; 5.806 ; Rise       ; top:top_inst|clk_div:dut_clk_div|out ;
; HEX3_D[*]  ; top:top_inst|clk_div:dut_clk_div|out ; 5.721 ; 5.723 ; Rise       ; top:top_inst|clk_div:dut_clk_div|out ;
;  HEX3_D[1] ; top:top_inst|clk_div:dut_clk_div|out ; 5.801 ; 5.723 ; Rise       ; top:top_inst|clk_div:dut_clk_div|out ;
;  HEX3_D[6] ; top:top_inst|clk_div:dut_clk_div|out ; 5.721 ; 5.801 ; Rise       ; top:top_inst|clk_div:dut_clk_div|out ;
; LEDG[*]    ; top:top_inst|clk_div:dut_clk_div|out ; 5.971 ; 5.864 ; Rise       ; top:top_inst|clk_div:dut_clk_div|out ;
;  LEDG[0]   ; top:top_inst|clk_div:dut_clk_div|out ; 5.994 ; 5.864 ; Rise       ; top:top_inst|clk_div:dut_clk_div|out ;
;  LEDG[1]   ; top:top_inst|clk_div:dut_clk_div|out ; 6.299 ; 6.165 ; Rise       ; top:top_inst|clk_div:dut_clk_div|out ;
;  LEDG[2]   ; top:top_inst|clk_div:dut_clk_div|out ; 8.066 ; 7.752 ; Rise       ; top:top_inst|clk_div:dut_clk_div|out ;
;  LEDG[3]   ; top:top_inst|clk_div:dut_clk_div|out ; 5.971 ; 5.876 ; Rise       ; top:top_inst|clk_div:dut_clk_div|out ;
;  LEDG[4]   ; top:top_inst|clk_div:dut_clk_div|out ; 6.305 ; 6.151 ; Rise       ; top:top_inst|clk_div:dut_clk_div|out ;
+------------+--------------------------------------+-------+-------+------------+--------------------------------------+


---------------------------------------------
; Slow 1200mV 0C Model Metastability Report ;
---------------------------------------------
No synchronizer chains to report.


+---------------------------------------------------------------+
; Fast 1200mV 0C Model Setup Summary                            ;
+--------------------------------------+--------+---------------+
; Clock                                ; Slack  ; End Point TNS ;
+--------------------------------------+--------+---------------+
; top:top_inst|clk_div:dut_clk_div|out ; -3.508 ; -307.967      ;
; CLOCK_50                             ; -1.093 ; -26.941       ;
+--------------------------------------+--------+---------------+


+--------------------------------------------------------------+
; Fast 1200mV 0C Model Hold Summary                            ;
+--------------------------------------+-------+---------------+
; Clock                                ; Slack ; End Point TNS ;
+--------------------------------------+-------+---------------+
; top:top_inst|clk_div:dut_clk_div|out ; 0.187 ; 0.000         ;
; CLOCK_50                             ; 0.260 ; 0.000         ;
+--------------------------------------+-------+---------------+


-----------------------------------------
; Fast 1200mV 0C Model Recovery Summary ;
-----------------------------------------
No paths to report.


----------------------------------------
; Fast 1200mV 0C Model Removal Summary ;
----------------------------------------
No paths to report.


+---------------------------------------------------------------+
; Fast 1200mV 0C Model Minimum Pulse Width Summary              ;
+--------------------------------------+--------+---------------+
; Clock                                ; Slack  ; End Point TNS ;
+--------------------------------------+--------+---------------+
; CLOCK_50                             ; -3.000 ; -40.987       ;
; top:top_inst|clk_div:dut_clk_div|out ; -1.000 ; -138.000      ;
+--------------------------------------+--------+---------------+


+-------------------------------------------------------------------------------------------------------------------------------------------------------------------------------------------------------------------------------------------------------------------------------------------------------------------------------------------------------------------------+
; Fast 1200mV 0C Model Setup: 'top:top_inst|clk_div:dut_clk_div|out'                                                                                                                                                                                                                                                                                                      ;
+--------+--------------------------------------------------------------------------------------------------------------------+--------------------------------------------------------------------------------------------------------------------+--------------------------------------+--------------------------------------+--------------+------------+------------+
; Slack  ; From Node                                                                                                          ; To Node                                                                                                            ; Launch Clock                         ; Latch Clock                          ; Relationship ; Clock Skew ; Data Delay ;
+--------+--------------------------------------------------------------------------------------------------------------------+--------------------------------------------------------------------------------------------------------------------+--------------------------------------+--------------------------------------+--------------+------------+------------+
; -3.508 ; top:top_inst|cpu:dut_cpu|cnt_step_reg[0]                                                                           ; top:top_inst|memory:dut_memory|altsyncram:mem_rtl_0|altsyncram_dke1:auto_generated|ram_block1a0~portb_address_reg0 ; top:top_inst|clk_div:dut_clk_div|out ; top:top_inst|clk_div:dut_clk_div|out ; 1.000        ; 0.104      ; 4.621      ;
; -3.498 ; top:top_inst|cpu:dut_cpu|register:IRHIGHregister|out_reg[15]                                                       ; top:top_inst|memory:dut_memory|altsyncram:mem_rtl_0|altsyncram_dke1:auto_generated|ram_block1a0~portb_address_reg0 ; top:top_inst|clk_div:dut_clk_div|out ; top:top_inst|clk_div:dut_clk_div|out ; 1.000        ; 0.104      ; 4.611      ;
; -3.476 ; top:top_inst|cpu:dut_cpu|cnt_step_reg[0]                                                                           ; top:top_inst|memory:dut_memory|altsyncram:mem_rtl_0|altsyncram_dke1:auto_generated|ram_block1a0~porta_address_reg0 ; top:top_inst|clk_div:dut_clk_div|out ; top:top_inst|clk_div:dut_clk_div|out ; 1.000        ; 0.136      ; 4.621      ;
; -3.466 ; top:top_inst|cpu:dut_cpu|register:IRHIGHregister|out_reg[15]                                                       ; top:top_inst|memory:dut_memory|altsyncram:mem_rtl_0|altsyncram_dke1:auto_generated|ram_block1a0~porta_address_reg0 ; top:top_inst|clk_div:dut_clk_div|out ; top:top_inst|clk_div:dut_clk_div|out ; 1.000        ; 0.136      ; 4.611      ;
; -3.461 ; top:top_inst|cpu:dut_cpu|register:IRHIGHregister|out_reg[11]                                                       ; top:top_inst|memory:dut_memory|altsyncram:mem_rtl_0|altsyncram_dke1:auto_generated|ram_block1a0~portb_address_reg0 ; top:top_inst|clk_div:dut_clk_div|out ; top:top_inst|clk_div:dut_clk_div|out ; 1.000        ; 0.108      ; 4.578      ;
; -3.457 ; top:top_inst|cpu:dut_cpu|register:IRHIGHregister|out_reg[3]                                                        ; top:top_inst|memory:dut_memory|altsyncram:mem_rtl_0|altsyncram_dke1:auto_generated|ram_block1a0~portb_address_reg0 ; top:top_inst|clk_div:dut_clk_div|out ; top:top_inst|clk_div:dut_clk_div|out ; 1.000        ; 0.104      ; 4.570      ;
; -3.451 ; top:top_inst|cpu:dut_cpu|register:IRHIGHregister|out_reg[7]                                                        ; top:top_inst|memory:dut_memory|altsyncram:mem_rtl_0|altsyncram_dke1:auto_generated|ram_block1a0~portb_address_reg0 ; top:top_inst|clk_div:dut_clk_div|out ; top:top_inst|clk_div:dut_clk_div|out ; 1.000        ; 0.104      ; 4.564      ;
; -3.439 ; top:top_inst|cpu:dut_cpu|cnt_step_reg[2]                                                                           ; top:top_inst|memory:dut_memory|altsyncram:mem_rtl_0|altsyncram_dke1:auto_generated|ram_block1a0~portb_address_reg0 ; top:top_inst|clk_div:dut_clk_div|out ; top:top_inst|clk_div:dut_clk_div|out ; 1.000        ; 0.108      ; 4.556      ;
; -3.438 ; top:top_inst|cpu:dut_cpu|register:SecondOPregister|out_reg[1]                                                      ; top:top_inst|memory:dut_memory|altsyncram:mem_rtl_0|altsyncram_dke1:auto_generated|ram_block1a0~porta_datain_reg0  ; top:top_inst|clk_div:dut_clk_div|out ; top:top_inst|clk_div:dut_clk_div|out ; 1.000        ; 0.136      ; 4.583      ;
; -3.437 ; top:top_inst|cpu:dut_cpu|register:SecondOPregister|out_reg[8]                                                      ; top:top_inst|memory:dut_memory|altsyncram:mem_rtl_0|altsyncram_dke1:auto_generated|ram_block1a0~porta_datain_reg0  ; top:top_inst|clk_div:dut_clk_div|out ; top:top_inst|clk_div:dut_clk_div|out ; 1.000        ; 0.136      ; 4.582      ;
; -3.435 ; top:top_inst|cpu:dut_cpu|register:SecondOPregister|out_reg[5]                                                      ; top:top_inst|memory:dut_memory|altsyncram:mem_rtl_0|altsyncram_dke1:auto_generated|ram_block1a0~porta_datain_reg0  ; top:top_inst|clk_div:dut_clk_div|out ; top:top_inst|clk_div:dut_clk_div|out ; 1.000        ; 0.136      ; 4.580      ;
; -3.433 ; top:top_inst|cpu:dut_cpu|register:SecondOPregister|out_reg[0]                                                      ; top:top_inst|memory:dut_memory|altsyncram:mem_rtl_0|altsyncram_dke1:auto_generated|ram_block1a0~porta_datain_reg0  ; top:top_inst|clk_div:dut_clk_div|out ; top:top_inst|clk_div:dut_clk_div|out ; 1.000        ; 0.136      ; 4.578      ;
; -3.431 ; top:top_inst|cpu:dut_cpu|register:SecondOPregister|out_reg[4]                                                      ; top:top_inst|memory:dut_memory|altsyncram:mem_rtl_0|altsyncram_dke1:auto_generated|ram_block1a0~porta_datain_reg0  ; top:top_inst|clk_div:dut_clk_div|out ; top:top_inst|clk_div:dut_clk_div|out ; 1.000        ; 0.136      ; 4.576      ;
; -3.429 ; top:top_inst|cpu:dut_cpu|register:IRHIGHregister|out_reg[11]                                                       ; top:top_inst|memory:dut_memory|altsyncram:mem_rtl_0|altsyncram_dke1:auto_generated|ram_block1a0~porta_address_reg0 ; top:top_inst|clk_div:dut_clk_div|out ; top:top_inst|clk_div:dut_clk_div|out ; 1.000        ; 0.140      ; 4.578      ;
; -3.428 ; top:top_inst|cpu:dut_cpu|cnt_step_reg[1]                                                                           ; top:top_inst|memory:dut_memory|altsyncram:mem_rtl_0|altsyncram_dke1:auto_generated|ram_block1a0~portb_address_reg0 ; top:top_inst|clk_div:dut_clk_div|out ; top:top_inst|clk_div:dut_clk_div|out ; 1.000        ; 0.108      ; 4.545      ;
; -3.428 ; top:top_inst|cpu:dut_cpu|register:SecondOPregister|out_reg[6]                                                      ; top:top_inst|memory:dut_memory|altsyncram:mem_rtl_0|altsyncram_dke1:auto_generated|ram_block1a0~porta_datain_reg0  ; top:top_inst|clk_div:dut_clk_div|out ; top:top_inst|clk_div:dut_clk_div|out ; 1.000        ; 0.136      ; 4.573      ;
; -3.428 ; top:top_inst|cpu:dut_cpu|register:SecondOPregister|out_reg[14]                                                     ; top:top_inst|memory:dut_memory|altsyncram:mem_rtl_0|altsyncram_dke1:auto_generated|ram_block1a0~porta_datain_reg0  ; top:top_inst|clk_div:dut_clk_div|out ; top:top_inst|clk_div:dut_clk_div|out ; 1.000        ; 0.136      ; 4.573      ;
; -3.425 ; top:top_inst|cpu:dut_cpu|register:IRHIGHregister|out_reg[3]                                                        ; top:top_inst|memory:dut_memory|altsyncram:mem_rtl_0|altsyncram_dke1:auto_generated|ram_block1a0~porta_address_reg0 ; top:top_inst|clk_div:dut_clk_div|out ; top:top_inst|clk_div:dut_clk_div|out ; 1.000        ; 0.136      ; 4.570      ;
; -3.425 ; top:top_inst|cpu:dut_cpu|register:SecondOPregister|out_reg[10]                                                     ; top:top_inst|memory:dut_memory|altsyncram:mem_rtl_0|altsyncram_dke1:auto_generated|ram_block1a0~porta_datain_reg0  ; top:top_inst|clk_div:dut_clk_div|out ; top:top_inst|clk_div:dut_clk_div|out ; 1.000        ; 0.136      ; 4.570      ;
; -3.424 ; top:top_inst|cpu:dut_cpu|register:SecondOPregister|out_reg[13]                                                     ; top:top_inst|memory:dut_memory|altsyncram:mem_rtl_0|altsyncram_dke1:auto_generated|ram_block1a0~porta_datain_reg0  ; top:top_inst|clk_div:dut_clk_div|out ; top:top_inst|clk_div:dut_clk_div|out ; 1.000        ; 0.136      ; 4.569      ;
; -3.421 ; top:top_inst|cpu:dut_cpu|register:SecondOPregister|out_reg[11]                                                     ; top:top_inst|memory:dut_memory|altsyncram:mem_rtl_0|altsyncram_dke1:auto_generated|ram_block1a0~porta_datain_reg0  ; top:top_inst|clk_div:dut_clk_div|out ; top:top_inst|clk_div:dut_clk_div|out ; 1.000        ; 0.136      ; 4.566      ;
; -3.419 ; top:top_inst|cpu:dut_cpu|register:IRHIGHregister|out_reg[7]                                                        ; top:top_inst|memory:dut_memory|altsyncram:mem_rtl_0|altsyncram_dke1:auto_generated|ram_block1a0~porta_address_reg0 ; top:top_inst|clk_div:dut_clk_div|out ; top:top_inst|clk_div:dut_clk_div|out ; 1.000        ; 0.136      ; 4.564      ;
; -3.418 ; top:top_inst|cpu:dut_cpu|register:SecondOPregister|out_reg[3]                                                      ; top:top_inst|memory:dut_memory|altsyncram:mem_rtl_0|altsyncram_dke1:auto_generated|ram_block1a0~porta_datain_reg0  ; top:top_inst|clk_div:dut_clk_div|out ; top:top_inst|clk_div:dut_clk_div|out ; 1.000        ; 0.136      ; 4.563      ;
; -3.418 ; top:top_inst|cpu:dut_cpu|register:SecondOPregister|out_reg[7]                                                      ; top:top_inst|memory:dut_memory|altsyncram:mem_rtl_0|altsyncram_dke1:auto_generated|ram_block1a0~porta_datain_reg0  ; top:top_inst|clk_div:dut_clk_div|out ; top:top_inst|clk_div:dut_clk_div|out ; 1.000        ; 0.136      ; 4.563      ;
; -3.416 ; top:top_inst|cpu:dut_cpu|register:SecondOPregister|out_reg[15]                                                     ; top:top_inst|memory:dut_memory|altsyncram:mem_rtl_0|altsyncram_dke1:auto_generated|ram_block1a0~porta_datain_reg0  ; top:top_inst|clk_div:dut_clk_div|out ; top:top_inst|clk_div:dut_clk_div|out ; 1.000        ; 0.136      ; 4.561      ;
; -3.415 ; top:top_inst|cpu:dut_cpu|register:SecondOPregister|out_reg[12]                                                     ; top:top_inst|memory:dut_memory|altsyncram:mem_rtl_0|altsyncram_dke1:auto_generated|ram_block1a0~porta_datain_reg0  ; top:top_inst|clk_div:dut_clk_div|out ; top:top_inst|clk_div:dut_clk_div|out ; 1.000        ; 0.136      ; 4.560      ;
; -3.413 ; top:top_inst|cpu:dut_cpu|register:SecondOPregister|out_reg[2]                                                      ; top:top_inst|memory:dut_memory|altsyncram:mem_rtl_0|altsyncram_dke1:auto_generated|ram_block1a0~porta_datain_reg0  ; top:top_inst|clk_div:dut_clk_div|out ; top:top_inst|clk_div:dut_clk_div|out ; 1.000        ; 0.136      ; 4.558      ;
; -3.413 ; top:top_inst|cpu:dut_cpu|register:SecondOPregister|out_reg[9]                                                      ; top:top_inst|memory:dut_memory|altsyncram:mem_rtl_0|altsyncram_dke1:auto_generated|ram_block1a0~porta_datain_reg0  ; top:top_inst|clk_div:dut_clk_div|out ; top:top_inst|clk_div:dut_clk_div|out ; 1.000        ; 0.136      ; 4.558      ;
; -3.407 ; top:top_inst|cpu:dut_cpu|cnt_step_reg[2]                                                                           ; top:top_inst|memory:dut_memory|altsyncram:mem_rtl_0|altsyncram_dke1:auto_generated|ram_block1a0~porta_address_reg0 ; top:top_inst|clk_div:dut_clk_div|out ; top:top_inst|clk_div:dut_clk_div|out ; 1.000        ; 0.140      ; 4.556      ;
; -3.396 ; top:top_inst|cpu:dut_cpu|cnt_step_reg[1]                                                                           ; top:top_inst|memory:dut_memory|altsyncram:mem_rtl_0|altsyncram_dke1:auto_generated|ram_block1a0~porta_address_reg0 ; top:top_inst|clk_div:dut_clk_div|out ; top:top_inst|clk_div:dut_clk_div|out ; 1.000        ; 0.140      ; 4.545      ;
; -3.391 ; top:top_inst|cpu:dut_cpu|register:IRHIGHregister|out_reg[13]                                                       ; top:top_inst|memory:dut_memory|altsyncram:mem_rtl_0|altsyncram_dke1:auto_generated|ram_block1a0~portb_address_reg0 ; top:top_inst|clk_div:dut_clk_div|out ; top:top_inst|clk_div:dut_clk_div|out ; 1.000        ; 0.108      ; 4.508      ;
; -3.365 ; top:top_inst|cpu:dut_cpu|register:IRHIGHregister|out_reg[3]                                                        ; top:top_inst|memory:dut_memory|altsyncram:mem_rtl_0|altsyncram_dke1:auto_generated|ram_block1a0~porta_datain_reg0  ; top:top_inst|clk_div:dut_clk_div|out ; top:top_inst|clk_div:dut_clk_div|out ; 1.000        ; 0.139      ; 4.513      ;
; -3.359 ; top:top_inst|cpu:dut_cpu|register:IRHIGHregister|out_reg[13]                                                       ; top:top_inst|memory:dut_memory|altsyncram:mem_rtl_0|altsyncram_dke1:auto_generated|ram_block1a0~porta_address_reg0 ; top:top_inst|clk_div:dut_clk_div|out ; top:top_inst|clk_div:dut_clk_div|out ; 1.000        ; 0.140      ; 4.508      ;
; -3.322 ; top:top_inst|cpu:dut_cpu|cnt_step_reg[1]                                                                           ; top:top_inst|memory:dut_memory|altsyncram:mem_rtl_0|altsyncram_dke1:auto_generated|ram_block1a0~porta_datain_reg0  ; top:top_inst|clk_div:dut_clk_div|out ; top:top_inst|clk_div:dut_clk_div|out ; 1.000        ; 0.143      ; 4.474      ;
; -3.266 ; top:top_inst|cpu:dut_cpu|cnt_step_reg[2]                                                                           ; top:top_inst|memory:dut_memory|altsyncram:mem_rtl_0|altsyncram_dke1:auto_generated|ram_block1a0~porta_datain_reg0  ; top:top_inst|clk_div:dut_clk_div|out ; top:top_inst|clk_div:dut_clk_div|out ; 1.000        ; 0.143      ; 4.418      ;
; -3.255 ; top:top_inst|cpu:dut_cpu|register:IRHIGHregister|out_reg[12]                                                       ; top:top_inst|memory:dut_memory|altsyncram:mem_rtl_0|altsyncram_dke1:auto_generated|ram_block1a0~portb_address_reg0 ; top:top_inst|clk_div:dut_clk_div|out ; top:top_inst|clk_div:dut_clk_div|out ; 1.000        ; 0.108      ; 4.372      ;
; -3.233 ; top:top_inst|cpu:dut_cpu|register:IRHIGHregister|out_reg[14]                                                       ; top:top_inst|memory:dut_memory|altsyncram:mem_rtl_0|altsyncram_dke1:auto_generated|ram_block1a0~portb_address_reg0 ; top:top_inst|clk_div:dut_clk_div|out ; top:top_inst|clk_div:dut_clk_div|out ; 1.000        ; 0.110      ; 4.352      ;
; -3.223 ; top:top_inst|cpu:dut_cpu|register:IRHIGHregister|out_reg[12]                                                       ; top:top_inst|memory:dut_memory|altsyncram:mem_rtl_0|altsyncram_dke1:auto_generated|ram_block1a0~porta_address_reg0 ; top:top_inst|clk_div:dut_clk_div|out ; top:top_inst|clk_div:dut_clk_div|out ; 1.000        ; 0.140      ; 4.372      ;
; -3.219 ; top:top_inst|cpu:dut_cpu|cnt_step_reg[0]                                                                           ; top:top_inst|memory:dut_memory|altsyncram:mem_rtl_0|altsyncram_dke1:auto_generated|ram_block1a0~porta_datain_reg0  ; top:top_inst|clk_div:dut_clk_div|out ; top:top_inst|clk_div:dut_clk_div|out ; 1.000        ; 0.139      ; 4.367      ;
; -3.208 ; top:top_inst|memory:dut_memory|altsyncram:mem_rtl_0|altsyncram_dke1:auto_generated|ram_block1a0~portb_address_reg0 ; top:top_inst|cpu:dut_cpu|out_reg[0]                                                                                ; top:top_inst|clk_div:dut_clk_div|out ; top:top_inst|clk_div:dut_clk_div|out ; 1.000        ; -0.182     ; 4.013      ;
; -3.208 ; top:top_inst|memory:dut_memory|altsyncram:mem_rtl_0|altsyncram_dke1:auto_generated|ram_block1a0~portb_address_reg0 ; top:top_inst|cpu:dut_cpu|out_reg[1]                                                                                ; top:top_inst|clk_div:dut_clk_div|out ; top:top_inst|clk_div:dut_clk_div|out ; 1.000        ; -0.182     ; 4.013      ;
; -3.208 ; top:top_inst|memory:dut_memory|altsyncram:mem_rtl_0|altsyncram_dke1:auto_generated|ram_block1a0~portb_address_reg0 ; top:top_inst|cpu:dut_cpu|out_reg[2]                                                                                ; top:top_inst|clk_div:dut_clk_div|out ; top:top_inst|clk_div:dut_clk_div|out ; 1.000        ; -0.182     ; 4.013      ;
; -3.208 ; top:top_inst|memory:dut_memory|altsyncram:mem_rtl_0|altsyncram_dke1:auto_generated|ram_block1a0~portb_address_reg0 ; top:top_inst|cpu:dut_cpu|out_reg[4]                                                                                ; top:top_inst|clk_div:dut_clk_div|out ; top:top_inst|clk_div:dut_clk_div|out ; 1.000        ; -0.182     ; 4.013      ;
; -3.201 ; top:top_inst|cpu:dut_cpu|register:IRHIGHregister|out_reg[14]                                                       ; top:top_inst|memory:dut_memory|altsyncram:mem_rtl_0|altsyncram_dke1:auto_generated|ram_block1a0~porta_address_reg0 ; top:top_inst|clk_div:dut_clk_div|out ; top:top_inst|clk_div:dut_clk_div|out ; 1.000        ; 0.142      ; 4.352      ;
; -3.169 ; top:top_inst|cpu:dut_cpu|cnt_step_reg[0]                                                                           ; top:top_inst|cpu:dut_cpu|out_reg[0]                                                                                ; top:top_inst|clk_div:dut_clk_div|out ; top:top_inst|clk_div:dut_clk_div|out ; 1.000        ; -0.042     ; 4.114      ;
; -3.169 ; top:top_inst|cpu:dut_cpu|cnt_step_reg[0]                                                                           ; top:top_inst|cpu:dut_cpu|out_reg[1]                                                                                ; top:top_inst|clk_div:dut_clk_div|out ; top:top_inst|clk_div:dut_clk_div|out ; 1.000        ; -0.042     ; 4.114      ;
; -3.169 ; top:top_inst|cpu:dut_cpu|cnt_step_reg[0]                                                                           ; top:top_inst|cpu:dut_cpu|out_reg[2]                                                                                ; top:top_inst|clk_div:dut_clk_div|out ; top:top_inst|clk_div:dut_clk_div|out ; 1.000        ; -0.042     ; 4.114      ;
; -3.169 ; top:top_inst|cpu:dut_cpu|cnt_step_reg[0]                                                                           ; top:top_inst|cpu:dut_cpu|out_reg[4]                                                                                ; top:top_inst|clk_div:dut_clk_div|out ; top:top_inst|clk_div:dut_clk_div|out ; 1.000        ; -0.042     ; 4.114      ;
; -3.164 ; top:top_inst|cpu:dut_cpu|register:IRHIGHregister|out_reg[7]                                                        ; top:top_inst|memory:dut_memory|altsyncram:mem_rtl_0|altsyncram_dke1:auto_generated|ram_block1a0~porta_datain_reg0  ; top:top_inst|clk_div:dut_clk_div|out ; top:top_inst|clk_div:dut_clk_div|out ; 1.000        ; 0.139      ; 4.312      ;
; -3.113 ; top:top_inst|cpu:dut_cpu|register:FirstOPregister|out_reg[0]                                                       ; top:top_inst|memory:dut_memory|altsyncram:mem_rtl_0|altsyncram_dke1:auto_generated|ram_block1a0~porta_datain_reg0  ; top:top_inst|clk_div:dut_clk_div|out ; top:top_inst|clk_div:dut_clk_div|out ; 1.000        ; 0.176      ; 4.298      ;
; -3.113 ; top:top_inst|cpu:dut_cpu|register:FirstOPregister|out_reg[1]                                                       ; top:top_inst|memory:dut_memory|altsyncram:mem_rtl_0|altsyncram_dke1:auto_generated|ram_block1a0~porta_datain_reg0  ; top:top_inst|clk_div:dut_clk_div|out ; top:top_inst|clk_div:dut_clk_div|out ; 1.000        ; 0.176      ; 4.298      ;
; -3.113 ; top:top_inst|cpu:dut_cpu|register:FirstOPregister|out_reg[2]                                                       ; top:top_inst|memory:dut_memory|altsyncram:mem_rtl_0|altsyncram_dke1:auto_generated|ram_block1a0~porta_datain_reg0  ; top:top_inst|clk_div:dut_clk_div|out ; top:top_inst|clk_div:dut_clk_div|out ; 1.000        ; 0.176      ; 4.298      ;
; -3.113 ; top:top_inst|cpu:dut_cpu|register:FirstOPregister|out_reg[3]                                                       ; top:top_inst|memory:dut_memory|altsyncram:mem_rtl_0|altsyncram_dke1:auto_generated|ram_block1a0~porta_datain_reg0  ; top:top_inst|clk_div:dut_clk_div|out ; top:top_inst|clk_div:dut_clk_div|out ; 1.000        ; 0.176      ; 4.298      ;
; -3.113 ; top:top_inst|cpu:dut_cpu|register:FirstOPregister|out_reg[4]                                                       ; top:top_inst|memory:dut_memory|altsyncram:mem_rtl_0|altsyncram_dke1:auto_generated|ram_block1a0~porta_datain_reg0  ; top:top_inst|clk_div:dut_clk_div|out ; top:top_inst|clk_div:dut_clk_div|out ; 1.000        ; 0.176      ; 4.298      ;
; -3.113 ; top:top_inst|cpu:dut_cpu|register:FirstOPregister|out_reg[5]                                                       ; top:top_inst|memory:dut_memory|altsyncram:mem_rtl_0|altsyncram_dke1:auto_generated|ram_block1a0~porta_datain_reg0  ; top:top_inst|clk_div:dut_clk_div|out ; top:top_inst|clk_div:dut_clk_div|out ; 1.000        ; 0.176      ; 4.298      ;
; -3.113 ; top:top_inst|cpu:dut_cpu|register:FirstOPregister|out_reg[6]                                                       ; top:top_inst|memory:dut_memory|altsyncram:mem_rtl_0|altsyncram_dke1:auto_generated|ram_block1a0~porta_datain_reg0  ; top:top_inst|clk_div:dut_clk_div|out ; top:top_inst|clk_div:dut_clk_div|out ; 1.000        ; 0.176      ; 4.298      ;
; -3.113 ; top:top_inst|cpu:dut_cpu|register:FirstOPregister|out_reg[7]                                                       ; top:top_inst|memory:dut_memory|altsyncram:mem_rtl_0|altsyncram_dke1:auto_generated|ram_block1a0~porta_datain_reg0  ; top:top_inst|clk_div:dut_clk_div|out ; top:top_inst|clk_div:dut_clk_div|out ; 1.000        ; 0.176      ; 4.298      ;
; -3.113 ; top:top_inst|cpu:dut_cpu|register:FirstOPregister|out_reg[8]                                                       ; top:top_inst|memory:dut_memory|altsyncram:mem_rtl_0|altsyncram_dke1:auto_generated|ram_block1a0~porta_datain_reg0  ; top:top_inst|clk_div:dut_clk_div|out ; top:top_inst|clk_div:dut_clk_div|out ; 1.000        ; 0.176      ; 4.298      ;
; -3.113 ; top:top_inst|cpu:dut_cpu|register:FirstOPregister|out_reg[9]                                                       ; top:top_inst|memory:dut_memory|altsyncram:mem_rtl_0|altsyncram_dke1:auto_generated|ram_block1a0~porta_datain_reg0  ; top:top_inst|clk_div:dut_clk_div|out ; top:top_inst|clk_div:dut_clk_div|out ; 1.000        ; 0.176      ; 4.298      ;
; -3.113 ; top:top_inst|cpu:dut_cpu|register:FirstOPregister|out_reg[10]                                                      ; top:top_inst|memory:dut_memory|altsyncram:mem_rtl_0|altsyncram_dke1:auto_generated|ram_block1a0~porta_datain_reg0  ; top:top_inst|clk_div:dut_clk_div|out ; top:top_inst|clk_div:dut_clk_div|out ; 1.000        ; 0.176      ; 4.298      ;
; -3.113 ; top:top_inst|cpu:dut_cpu|register:FirstOPregister|out_reg[11]                                                      ; top:top_inst|memory:dut_memory|altsyncram:mem_rtl_0|altsyncram_dke1:auto_generated|ram_block1a0~porta_datain_reg0  ; top:top_inst|clk_div:dut_clk_div|out ; top:top_inst|clk_div:dut_clk_div|out ; 1.000        ; 0.176      ; 4.298      ;
; -3.113 ; top:top_inst|cpu:dut_cpu|register:FirstOPregister|out_reg[12]                                                      ; top:top_inst|memory:dut_memory|altsyncram:mem_rtl_0|altsyncram_dke1:auto_generated|ram_block1a0~porta_datain_reg0  ; top:top_inst|clk_div:dut_clk_div|out ; top:top_inst|clk_div:dut_clk_div|out ; 1.000        ; 0.176      ; 4.298      ;
; -3.113 ; top:top_inst|cpu:dut_cpu|register:FirstOPregister|out_reg[13]                                                      ; top:top_inst|memory:dut_memory|altsyncram:mem_rtl_0|altsyncram_dke1:auto_generated|ram_block1a0~porta_datain_reg0  ; top:top_inst|clk_div:dut_clk_div|out ; top:top_inst|clk_div:dut_clk_div|out ; 1.000        ; 0.176      ; 4.298      ;
; -3.113 ; top:top_inst|cpu:dut_cpu|register:FirstOPregister|out_reg[14]                                                      ; top:top_inst|memory:dut_memory|altsyncram:mem_rtl_0|altsyncram_dke1:auto_generated|ram_block1a0~porta_datain_reg0  ; top:top_inst|clk_div:dut_clk_div|out ; top:top_inst|clk_div:dut_clk_div|out ; 1.000        ; 0.176      ; 4.298      ;
; -3.113 ; top:top_inst|cpu:dut_cpu|register:FirstOPregister|out_reg[15]                                                      ; top:top_inst|memory:dut_memory|altsyncram:mem_rtl_0|altsyncram_dke1:auto_generated|ram_block1a0~porta_datain_reg0  ; top:top_inst|clk_div:dut_clk_div|out ; top:top_inst|clk_div:dut_clk_div|out ; 1.000        ; 0.176      ; 4.298      ;
; -3.111 ; top:top_inst|memory:dut_memory|altsyncram:mem_rtl_0|altsyncram_dke1:auto_generated|ram_block1a0~portb_address_reg0 ; top:top_inst|cpu:dut_cpu|out_reg[3]                                                                                ; top:top_inst|clk_div:dut_clk_div|out ; top:top_inst|clk_div:dut_clk_div|out ; 1.000        ; -0.182     ; 3.916      ;
; -3.100 ; top:top_inst|cpu:dut_cpu|cnt_step_reg[2]                                                                           ; top:top_inst|cpu:dut_cpu|out_reg[0]                                                                                ; top:top_inst|clk_div:dut_clk_div|out ; top:top_inst|clk_div:dut_clk_div|out ; 1.000        ; -0.038     ; 4.049      ;
; -3.100 ; top:top_inst|cpu:dut_cpu|cnt_step_reg[2]                                                                           ; top:top_inst|cpu:dut_cpu|out_reg[1]                                                                                ; top:top_inst|clk_div:dut_clk_div|out ; top:top_inst|clk_div:dut_clk_div|out ; 1.000        ; -0.038     ; 4.049      ;
; -3.100 ; top:top_inst|cpu:dut_cpu|cnt_step_reg[2]                                                                           ; top:top_inst|cpu:dut_cpu|out_reg[2]                                                                                ; top:top_inst|clk_div:dut_clk_div|out ; top:top_inst|clk_div:dut_clk_div|out ; 1.000        ; -0.038     ; 4.049      ;
; -3.100 ; top:top_inst|cpu:dut_cpu|cnt_step_reg[2]                                                                           ; top:top_inst|cpu:dut_cpu|out_reg[4]                                                                                ; top:top_inst|clk_div:dut_clk_div|out ; top:top_inst|clk_div:dut_clk_div|out ; 1.000        ; -0.038     ; 4.049      ;
; -3.089 ; top:top_inst|cpu:dut_cpu|cnt_step_reg[1]                                                                           ; top:top_inst|cpu:dut_cpu|out_reg[0]                                                                                ; top:top_inst|clk_div:dut_clk_div|out ; top:top_inst|clk_div:dut_clk_div|out ; 1.000        ; -0.038     ; 4.038      ;
; -3.089 ; top:top_inst|cpu:dut_cpu|cnt_step_reg[1]                                                                           ; top:top_inst|cpu:dut_cpu|out_reg[1]                                                                                ; top:top_inst|clk_div:dut_clk_div|out ; top:top_inst|clk_div:dut_clk_div|out ; 1.000        ; -0.038     ; 4.038      ;
; -3.089 ; top:top_inst|cpu:dut_cpu|cnt_step_reg[1]                                                                           ; top:top_inst|cpu:dut_cpu|out_reg[2]                                                                                ; top:top_inst|clk_div:dut_clk_div|out ; top:top_inst|clk_div:dut_clk_div|out ; 1.000        ; -0.038     ; 4.038      ;
; -3.089 ; top:top_inst|cpu:dut_cpu|cnt_step_reg[1]                                                                           ; top:top_inst|cpu:dut_cpu|out_reg[4]                                                                                ; top:top_inst|clk_div:dut_clk_div|out ; top:top_inst|clk_div:dut_clk_div|out ; 1.000        ; -0.038     ; 4.038      ;
; -3.081 ; top:top_inst|cpu:dut_cpu|register:IRHIGHregister|out_reg[15]                                                       ; top:top_inst|memory:dut_memory|altsyncram:mem_rtl_0|altsyncram_dke1:auto_generated|ram_block1a0~porta_datain_reg0  ; top:top_inst|clk_div:dut_clk_div|out ; top:top_inst|clk_div:dut_clk_div|out ; 1.000        ; 0.139      ; 4.229      ;
; -3.079 ; top:top_inst|cpu:dut_cpu|register:IRHIGHregister|out_reg[1]                                                        ; top:top_inst|memory:dut_memory|altsyncram:mem_rtl_0|altsyncram_dke1:auto_generated|ram_block1a0~portb_address_reg0 ; top:top_inst|clk_div:dut_clk_div|out ; top:top_inst|clk_div:dut_clk_div|out ; 1.000        ; 0.110      ; 4.198      ;
; -3.078 ; top:top_inst|cpu:dut_cpu|register:IRHIGHregister|out_reg[2]                                                        ; top:top_inst|memory:dut_memory|altsyncram:mem_rtl_0|altsyncram_dke1:auto_generated|ram_block1a0~portb_address_reg0 ; top:top_inst|clk_div:dut_clk_div|out ; top:top_inst|clk_div:dut_clk_div|out ; 1.000        ; 0.110      ; 4.197      ;
; -3.072 ; top:top_inst|cpu:dut_cpu|cnt_step_reg[0]                                                                           ; top:top_inst|cpu:dut_cpu|out_reg[3]                                                                                ; top:top_inst|clk_div:dut_clk_div|out ; top:top_inst|clk_div:dut_clk_div|out ; 1.000        ; -0.042     ; 4.017      ;
; -3.052 ; top:top_inst|cpu:dut_cpu|register:IRHIGHregister|out_reg[3]                                                        ; top:top_inst|memory:dut_memory|mem_rtl_0_bypass[14]                                                                ; top:top_inst|clk_div:dut_clk_div|out ; top:top_inst|clk_div:dut_clk_div|out ; 1.000        ; -0.033     ; 4.006      ;
; -3.047 ; top:top_inst|cpu:dut_cpu|register:IRHIGHregister|out_reg[1]                                                        ; top:top_inst|memory:dut_memory|altsyncram:mem_rtl_0|altsyncram_dke1:auto_generated|ram_block1a0~porta_address_reg0 ; top:top_inst|clk_div:dut_clk_div|out ; top:top_inst|clk_div:dut_clk_div|out ; 1.000        ; 0.142      ; 4.198      ;
; -3.046 ; top:top_inst|memory:dut_memory|altsyncram:mem_rtl_0|altsyncram_dke1:auto_generated|ram_block1a0~portb_address_reg0 ; top:top_inst|memory:dut_memory|altsyncram:mem_rtl_0|altsyncram_dke1:auto_generated|ram_block1a0~porta_datain_reg0  ; top:top_inst|clk_div:dut_clk_div|out ; top:top_inst|clk_div:dut_clk_div|out ; 1.000        ; -0.001     ; 4.054      ;
; -3.046 ; top:top_inst|cpu:dut_cpu|register:IRHIGHregister|out_reg[2]                                                        ; top:top_inst|memory:dut_memory|altsyncram:mem_rtl_0|altsyncram_dke1:auto_generated|ram_block1a0~porta_address_reg0 ; top:top_inst|clk_div:dut_clk_div|out ; top:top_inst|clk_div:dut_clk_div|out ; 1.000        ; 0.142      ; 4.197      ;
; -3.036 ; top:top_inst|cpu:dut_cpu|register:SecondOPregister|out_reg[1]                                                      ; top:top_inst|memory:dut_memory|mem_rtl_0_bypass[4]                                                                 ; top:top_inst|clk_div:dut_clk_div|out ; top:top_inst|clk_div:dut_clk_div|out ; 1.000        ; 0.144      ; 4.167      ;
; -3.035 ; top:top_inst|cpu:dut_cpu|register:SecondOPregister|out_reg[8]                                                      ; top:top_inst|memory:dut_memory|mem_rtl_0_bypass[4]                                                                 ; top:top_inst|clk_div:dut_clk_div|out ; top:top_inst|clk_div:dut_clk_div|out ; 1.000        ; 0.144      ; 4.166      ;
; -3.033 ; top:top_inst|cpu:dut_cpu|register:SecondOPregister|out_reg[5]                                                      ; top:top_inst|memory:dut_memory|mem_rtl_0_bypass[4]                                                                 ; top:top_inst|clk_div:dut_clk_div|out ; top:top_inst|clk_div:dut_clk_div|out ; 1.000        ; 0.144      ; 4.164      ;
; -3.031 ; top:top_inst|cpu:dut_cpu|register:IRHIGHregister|out_reg[3]                                                        ; top:top_inst|memory:dut_memory|mem_rtl_0_bypass[4]                                                                 ; top:top_inst|clk_div:dut_clk_div|out ; top:top_inst|clk_div:dut_clk_div|out ; 1.000        ; 0.147      ; 4.165      ;
; -3.031 ; top:top_inst|cpu:dut_cpu|register:SecondOPregister|out_reg[0]                                                      ; top:top_inst|memory:dut_memory|mem_rtl_0_bypass[4]                                                                 ; top:top_inst|clk_div:dut_clk_div|out ; top:top_inst|clk_div:dut_clk_div|out ; 1.000        ; 0.144      ; 4.162      ;
; -3.029 ; top:top_inst|cpu:dut_cpu|register:SecondOPregister|out_reg[4]                                                      ; top:top_inst|memory:dut_memory|mem_rtl_0_bypass[4]                                                                 ; top:top_inst|clk_div:dut_clk_div|out ; top:top_inst|clk_div:dut_clk_div|out ; 1.000        ; 0.144      ; 4.160      ;
; -3.027 ; top:top_inst|cpu:dut_cpu|cnt_step_reg[1]                                                                           ; top:top_inst|memory:dut_memory|mem_rtl_0_bypass[14]                                                                ; top:top_inst|clk_div:dut_clk_div|out ; top:top_inst|clk_div:dut_clk_div|out ; 1.000        ; -0.047     ; 3.967      ;
; -3.026 ; top:top_inst|cpu:dut_cpu|register:SecondOPregister|out_reg[6]                                                      ; top:top_inst|memory:dut_memory|mem_rtl_0_bypass[4]                                                                 ; top:top_inst|clk_div:dut_clk_div|out ; top:top_inst|clk_div:dut_clk_div|out ; 1.000        ; 0.144      ; 4.157      ;
; -3.026 ; top:top_inst|cpu:dut_cpu|register:SecondOPregister|out_reg[14]                                                     ; top:top_inst|memory:dut_memory|mem_rtl_0_bypass[4]                                                                 ; top:top_inst|clk_div:dut_clk_div|out ; top:top_inst|clk_div:dut_clk_div|out ; 1.000        ; 0.144      ; 4.157      ;
; -3.023 ; top:top_inst|cpu:dut_cpu|register:SecondOPregister|out_reg[10]                                                     ; top:top_inst|memory:dut_memory|mem_rtl_0_bypass[4]                                                                 ; top:top_inst|clk_div:dut_clk_div|out ; top:top_inst|clk_div:dut_clk_div|out ; 1.000        ; 0.144      ; 4.154      ;
; -3.022 ; top:top_inst|cpu:dut_cpu|register:SecondOPregister|out_reg[13]                                                     ; top:top_inst|memory:dut_memory|mem_rtl_0_bypass[4]                                                                 ; top:top_inst|clk_div:dut_clk_div|out ; top:top_inst|clk_div:dut_clk_div|out ; 1.000        ; 0.144      ; 4.153      ;
; -3.019 ; top:top_inst|cpu:dut_cpu|register:SecondOPregister|out_reg[1]                                                      ; top:top_inst|memory:dut_memory|mem_rtl_0_bypass[1]                                                                 ; top:top_inst|clk_div:dut_clk_div|out ; top:top_inst|clk_div:dut_clk_div|out ; 1.000        ; -0.037     ; 3.969      ;
; -3.019 ; top:top_inst|cpu:dut_cpu|register:SecondOPregister|out_reg[11]                                                     ; top:top_inst|memory:dut_memory|mem_rtl_0_bypass[4]                                                                 ; top:top_inst|clk_div:dut_clk_div|out ; top:top_inst|clk_div:dut_clk_div|out ; 1.000        ; 0.144      ; 4.150      ;
; -3.018 ; top:top_inst|cpu:dut_cpu|register:SecondOPregister|out_reg[8]                                                      ; top:top_inst|memory:dut_memory|mem_rtl_0_bypass[1]                                                                 ; top:top_inst|clk_div:dut_clk_div|out ; top:top_inst|clk_div:dut_clk_div|out ; 1.000        ; -0.037     ; 3.968      ;
; -3.017 ; top:top_inst|cpu:dut_cpu|register:IRHIGHregister|out_reg[13]                                                       ; top:top_inst|memory:dut_memory|altsyncram:mem_rtl_0|altsyncram_dke1:auto_generated|ram_block1a0~porta_datain_reg0  ; top:top_inst|clk_div:dut_clk_div|out ; top:top_inst|clk_div:dut_clk_div|out ; 1.000        ; 0.143      ; 4.169      ;
; -3.016 ; top:top_inst|cpu:dut_cpu|register:SecondOPregister|out_reg[3]                                                      ; top:top_inst|memory:dut_memory|mem_rtl_0_bypass[4]                                                                 ; top:top_inst|clk_div:dut_clk_div|out ; top:top_inst|clk_div:dut_clk_div|out ; 1.000        ; 0.144      ; 4.147      ;
; -3.016 ; top:top_inst|cpu:dut_cpu|register:SecondOPregister|out_reg[7]                                                      ; top:top_inst|memory:dut_memory|mem_rtl_0_bypass[4]                                                                 ; top:top_inst|clk_div:dut_clk_div|out ; top:top_inst|clk_div:dut_clk_div|out ; 1.000        ; 0.144      ; 4.147      ;
; -3.016 ; top:top_inst|cpu:dut_cpu|register:SecondOPregister|out_reg[5]                                                      ; top:top_inst|memory:dut_memory|mem_rtl_0_bypass[1]                                                                 ; top:top_inst|clk_div:dut_clk_div|out ; top:top_inst|clk_div:dut_clk_div|out ; 1.000        ; -0.037     ; 3.966      ;
+--------+--------------------------------------------------------------------------------------------------------------------+--------------------------------------------------------------------------------------------------------------------+--------------------------------------+--------------------------------------+--------------+------------+------------+


+----------------------------------------------------------------------------------------------------------------------------------------------------------------------------+
; Fast 1200mV 0C Model Setup: 'CLOCK_50'                                                                                                                                     ;
+--------+----------------------------------------------+----------------------------------------------+--------------+-------------+--------------+------------+------------+
; Slack  ; From Node                                    ; To Node                                      ; Launch Clock ; Latch Clock ; Relationship ; Clock Skew ; Data Delay ;
+--------+----------------------------------------------+----------------------------------------------+--------------+-------------+--------------+------------+------------+
; -1.093 ; top:top_inst|clk_div:dut_clk_div|counter[2]  ; top:top_inst|clk_div:dut_clk_div|counter[14] ; CLOCK_50     ; CLOCK_50    ; 1.000        ; -0.038     ; 2.042      ;
; -1.093 ; top:top_inst|clk_div:dut_clk_div|counter[2]  ; top:top_inst|clk_div:dut_clk_div|counter[20] ; CLOCK_50     ; CLOCK_50    ; 1.000        ; -0.038     ; 2.042      ;
; -1.093 ; top:top_inst|clk_div:dut_clk_div|counter[2]  ; top:top_inst|clk_div:dut_clk_div|counter[22] ; CLOCK_50     ; CLOCK_50    ; 1.000        ; -0.038     ; 2.042      ;
; -1.054 ; top:top_inst|clk_div:dut_clk_div|counter[14] ; top:top_inst|clk_div:dut_clk_div|counter[14] ; CLOCK_50     ; CLOCK_50    ; 1.000        ; -0.035     ; 2.006      ;
; -1.054 ; top:top_inst|clk_div:dut_clk_div|counter[14] ; top:top_inst|clk_div:dut_clk_div|counter[20] ; CLOCK_50     ; CLOCK_50    ; 1.000        ; -0.035     ; 2.006      ;
; -1.054 ; top:top_inst|clk_div:dut_clk_div|counter[14] ; top:top_inst|clk_div:dut_clk_div|counter[22] ; CLOCK_50     ; CLOCK_50    ; 1.000        ; -0.035     ; 2.006      ;
; -1.044 ; top:top_inst|clk_div:dut_clk_div|counter[21] ; top:top_inst|clk_div:dut_clk_div|counter[14] ; CLOCK_50     ; CLOCK_50    ; 1.000        ; -0.233     ; 1.798      ;
; -1.044 ; top:top_inst|clk_div:dut_clk_div|counter[21] ; top:top_inst|clk_div:dut_clk_div|counter[20] ; CLOCK_50     ; CLOCK_50    ; 1.000        ; -0.233     ; 1.798      ;
; -1.044 ; top:top_inst|clk_div:dut_clk_div|counter[21] ; top:top_inst|clk_div:dut_clk_div|counter[22] ; CLOCK_50     ; CLOCK_50    ; 1.000        ; -0.233     ; 1.798      ;
; -1.035 ; top:top_inst|clk_div:dut_clk_div|counter[16] ; top:top_inst|clk_div:dut_clk_div|counter[14] ; CLOCK_50     ; CLOCK_50    ; 1.000        ; -0.233     ; 1.789      ;
; -1.035 ; top:top_inst|clk_div:dut_clk_div|counter[16] ; top:top_inst|clk_div:dut_clk_div|counter[20] ; CLOCK_50     ; CLOCK_50    ; 1.000        ; -0.233     ; 1.789      ;
; -1.035 ; top:top_inst|clk_div:dut_clk_div|counter[16] ; top:top_inst|clk_div:dut_clk_div|counter[22] ; CLOCK_50     ; CLOCK_50    ; 1.000        ; -0.233     ; 1.789      ;
; -1.034 ; top:top_inst|clk_div:dut_clk_div|counter[13] ; top:top_inst|clk_div:dut_clk_div|counter[14] ; CLOCK_50     ; CLOCK_50    ; 1.000        ; -0.038     ; 1.983      ;
; -1.034 ; top:top_inst|clk_div:dut_clk_div|counter[13] ; top:top_inst|clk_div:dut_clk_div|counter[20] ; CLOCK_50     ; CLOCK_50    ; 1.000        ; -0.038     ; 1.983      ;
; -1.034 ; top:top_inst|clk_div:dut_clk_div|counter[13] ; top:top_inst|clk_div:dut_clk_div|counter[22] ; CLOCK_50     ; CLOCK_50    ; 1.000        ; -0.038     ; 1.983      ;
; -1.029 ; top:top_inst|clk_div:dut_clk_div|counter[6]  ; top:top_inst|clk_div:dut_clk_div|counter[14] ; CLOCK_50     ; CLOCK_50    ; 1.000        ; -0.038     ; 1.978      ;
; -1.029 ; top:top_inst|clk_div:dut_clk_div|counter[6]  ; top:top_inst|clk_div:dut_clk_div|counter[20] ; CLOCK_50     ; CLOCK_50    ; 1.000        ; -0.038     ; 1.978      ;
; -1.029 ; top:top_inst|clk_div:dut_clk_div|counter[6]  ; top:top_inst|clk_div:dut_clk_div|counter[22] ; CLOCK_50     ; CLOCK_50    ; 1.000        ; -0.038     ; 1.978      ;
; -0.972 ; top:top_inst|clk_div:dut_clk_div|counter[19] ; top:top_inst|clk_div:dut_clk_div|counter[14] ; CLOCK_50     ; CLOCK_50    ; 1.000        ; -0.233     ; 1.726      ;
; -0.972 ; top:top_inst|clk_div:dut_clk_div|counter[19] ; top:top_inst|clk_div:dut_clk_div|counter[20] ; CLOCK_50     ; CLOCK_50    ; 1.000        ; -0.233     ; 1.726      ;
; -0.972 ; top:top_inst|clk_div:dut_clk_div|counter[19] ; top:top_inst|clk_div:dut_clk_div|counter[22] ; CLOCK_50     ; CLOCK_50    ; 1.000        ; -0.233     ; 1.726      ;
; -0.969 ; top:top_inst|clk_div:dut_clk_div|counter[9]  ; top:top_inst|clk_div:dut_clk_div|counter[14] ; CLOCK_50     ; CLOCK_50    ; 1.000        ; -0.038     ; 1.918      ;
; -0.969 ; top:top_inst|clk_div:dut_clk_div|counter[9]  ; top:top_inst|clk_div:dut_clk_div|counter[20] ; CLOCK_50     ; CLOCK_50    ; 1.000        ; -0.038     ; 1.918      ;
; -0.969 ; top:top_inst|clk_div:dut_clk_div|counter[9]  ; top:top_inst|clk_div:dut_clk_div|counter[22] ; CLOCK_50     ; CLOCK_50    ; 1.000        ; -0.038     ; 1.918      ;
; -0.962 ; top:top_inst|clk_div:dut_clk_div|counter[7]  ; top:top_inst|clk_div:dut_clk_div|counter[14] ; CLOCK_50     ; CLOCK_50    ; 1.000        ; -0.038     ; 1.911      ;
; -0.962 ; top:top_inst|clk_div:dut_clk_div|counter[7]  ; top:top_inst|clk_div:dut_clk_div|counter[20] ; CLOCK_50     ; CLOCK_50    ; 1.000        ; -0.038     ; 1.911      ;
; -0.962 ; top:top_inst|clk_div:dut_clk_div|counter[7]  ; top:top_inst|clk_div:dut_clk_div|counter[22] ; CLOCK_50     ; CLOCK_50    ; 1.000        ; -0.038     ; 1.911      ;
; -0.954 ; top:top_inst|clk_div:dut_clk_div|counter[17] ; top:top_inst|clk_div:dut_clk_div|counter[14] ; CLOCK_50     ; CLOCK_50    ; 1.000        ; -0.233     ; 1.708      ;
; -0.954 ; top:top_inst|clk_div:dut_clk_div|counter[17] ; top:top_inst|clk_div:dut_clk_div|counter[20] ; CLOCK_50     ; CLOCK_50    ; 1.000        ; -0.233     ; 1.708      ;
; -0.954 ; top:top_inst|clk_div:dut_clk_div|counter[17] ; top:top_inst|clk_div:dut_clk_div|counter[22] ; CLOCK_50     ; CLOCK_50    ; 1.000        ; -0.233     ; 1.708      ;
; -0.949 ; top:top_inst|clk_div:dut_clk_div|counter[10] ; top:top_inst|clk_div:dut_clk_div|counter[14] ; CLOCK_50     ; CLOCK_50    ; 1.000        ; -0.038     ; 1.898      ;
; -0.949 ; top:top_inst|clk_div:dut_clk_div|counter[10] ; top:top_inst|clk_div:dut_clk_div|counter[20] ; CLOCK_50     ; CLOCK_50    ; 1.000        ; -0.038     ; 1.898      ;
; -0.949 ; top:top_inst|clk_div:dut_clk_div|counter[10] ; top:top_inst|clk_div:dut_clk_div|counter[22] ; CLOCK_50     ; CLOCK_50    ; 1.000        ; -0.038     ; 1.898      ;
; -0.945 ; top:top_inst|clk_div:dut_clk_div|counter[0]  ; top:top_inst|clk_div:dut_clk_div|counter[14] ; CLOCK_50     ; CLOCK_50    ; 1.000        ; -0.038     ; 1.894      ;
; -0.945 ; top:top_inst|clk_div:dut_clk_div|counter[0]  ; top:top_inst|clk_div:dut_clk_div|counter[20] ; CLOCK_50     ; CLOCK_50    ; 1.000        ; -0.038     ; 1.894      ;
; -0.945 ; top:top_inst|clk_div:dut_clk_div|counter[0]  ; top:top_inst|clk_div:dut_clk_div|counter[22] ; CLOCK_50     ; CLOCK_50    ; 1.000        ; -0.038     ; 1.894      ;
; -0.943 ; top:top_inst|clk_div:dut_clk_div|counter[15] ; top:top_inst|clk_div:dut_clk_div|counter[14] ; CLOCK_50     ; CLOCK_50    ; 1.000        ; -0.038     ; 1.892      ;
; -0.943 ; top:top_inst|clk_div:dut_clk_div|counter[15] ; top:top_inst|clk_div:dut_clk_div|counter[20] ; CLOCK_50     ; CLOCK_50    ; 1.000        ; -0.038     ; 1.892      ;
; -0.943 ; top:top_inst|clk_div:dut_clk_div|counter[15] ; top:top_inst|clk_div:dut_clk_div|counter[22] ; CLOCK_50     ; CLOCK_50    ; 1.000        ; -0.038     ; 1.892      ;
; -0.938 ; top:top_inst|clk_div:dut_clk_div|counter[2]  ; top:top_inst|clk_div:dut_clk_div|counter[1]  ; CLOCK_50     ; CLOCK_50    ; 1.000        ; -0.036     ; 1.889      ;
; -0.938 ; top:top_inst|clk_div:dut_clk_div|counter[2]  ; top:top_inst|clk_div:dut_clk_div|counter[0]  ; CLOCK_50     ; CLOCK_50    ; 1.000        ; -0.036     ; 1.889      ;
; -0.938 ; top:top_inst|clk_div:dut_clk_div|counter[2]  ; top:top_inst|clk_div:dut_clk_div|counter[6]  ; CLOCK_50     ; CLOCK_50    ; 1.000        ; -0.036     ; 1.889      ;
; -0.938 ; top:top_inst|clk_div:dut_clk_div|counter[2]  ; top:top_inst|clk_div:dut_clk_div|counter[2]  ; CLOCK_50     ; CLOCK_50    ; 1.000        ; -0.036     ; 1.889      ;
; -0.938 ; top:top_inst|clk_div:dut_clk_div|counter[2]  ; top:top_inst|clk_div:dut_clk_div|counter[5]  ; CLOCK_50     ; CLOCK_50    ; 1.000        ; -0.036     ; 1.889      ;
; -0.938 ; top:top_inst|clk_div:dut_clk_div|counter[2]  ; top:top_inst|clk_div:dut_clk_div|counter[8]  ; CLOCK_50     ; CLOCK_50    ; 1.000        ; -0.036     ; 1.889      ;
; -0.938 ; top:top_inst|clk_div:dut_clk_div|counter[2]  ; top:top_inst|clk_div:dut_clk_div|counter[7]  ; CLOCK_50     ; CLOCK_50    ; 1.000        ; -0.036     ; 1.889      ;
; -0.938 ; top:top_inst|clk_div:dut_clk_div|counter[2]  ; top:top_inst|clk_div:dut_clk_div|counter[10] ; CLOCK_50     ; CLOCK_50    ; 1.000        ; -0.036     ; 1.889      ;
; -0.938 ; top:top_inst|clk_div:dut_clk_div|counter[2]  ; top:top_inst|clk_div:dut_clk_div|counter[9]  ; CLOCK_50     ; CLOCK_50    ; 1.000        ; -0.036     ; 1.889      ;
; -0.938 ; top:top_inst|clk_div:dut_clk_div|counter[2]  ; top:top_inst|clk_div:dut_clk_div|counter[12] ; CLOCK_50     ; CLOCK_50    ; 1.000        ; -0.036     ; 1.889      ;
; -0.938 ; top:top_inst|clk_div:dut_clk_div|counter[2]  ; top:top_inst|clk_div:dut_clk_div|counter[11] ; CLOCK_50     ; CLOCK_50    ; 1.000        ; -0.036     ; 1.889      ;
; -0.938 ; top:top_inst|clk_div:dut_clk_div|counter[2]  ; top:top_inst|clk_div:dut_clk_div|counter[13] ; CLOCK_50     ; CLOCK_50    ; 1.000        ; -0.036     ; 1.889      ;
; -0.912 ; top:top_inst|clk_div:dut_clk_div|counter[20] ; top:top_inst|clk_div:dut_clk_div|counter[14] ; CLOCK_50     ; CLOCK_50    ; 1.000        ; -0.035     ; 1.864      ;
; -0.912 ; top:top_inst|clk_div:dut_clk_div|counter[20] ; top:top_inst|clk_div:dut_clk_div|counter[20] ; CLOCK_50     ; CLOCK_50    ; 1.000        ; -0.035     ; 1.864      ;
; -0.912 ; top:top_inst|clk_div:dut_clk_div|counter[20] ; top:top_inst|clk_div:dut_clk_div|counter[22] ; CLOCK_50     ; CLOCK_50    ; 1.000        ; -0.035     ; 1.864      ;
; -0.907 ; top:top_inst|clk_div:dut_clk_div|counter[24] ; top:top_inst|clk_div:dut_clk_div|counter[14] ; CLOCK_50     ; CLOCK_50    ; 1.000        ; -0.233     ; 1.661      ;
; -0.907 ; top:top_inst|clk_div:dut_clk_div|counter[24] ; top:top_inst|clk_div:dut_clk_div|counter[20] ; CLOCK_50     ; CLOCK_50    ; 1.000        ; -0.233     ; 1.661      ;
; -0.907 ; top:top_inst|clk_div:dut_clk_div|counter[24] ; top:top_inst|clk_div:dut_clk_div|counter[22] ; CLOCK_50     ; CLOCK_50    ; 1.000        ; -0.233     ; 1.661      ;
; -0.906 ; top:top_inst|clk_div:dut_clk_div|counter[22] ; top:top_inst|clk_div:dut_clk_div|counter[14] ; CLOCK_50     ; CLOCK_50    ; 1.000        ; -0.035     ; 1.858      ;
; -0.906 ; top:top_inst|clk_div:dut_clk_div|counter[22] ; top:top_inst|clk_div:dut_clk_div|counter[20] ; CLOCK_50     ; CLOCK_50    ; 1.000        ; -0.035     ; 1.858      ;
; -0.906 ; top:top_inst|clk_div:dut_clk_div|counter[22] ; top:top_inst|clk_div:dut_clk_div|counter[22] ; CLOCK_50     ; CLOCK_50    ; 1.000        ; -0.035     ; 1.858      ;
; -0.903 ; top:top_inst|clk_div:dut_clk_div|counter[2]  ; top:top_inst|clk_div:dut_clk_div|counter[23] ; CLOCK_50     ; CLOCK_50    ; 1.000        ; 0.152      ; 2.042      ;
; -0.903 ; top:top_inst|clk_div:dut_clk_div|counter[2]  ; top:top_inst|clk_div:dut_clk_div|counter[18] ; CLOCK_50     ; CLOCK_50    ; 1.000        ; 0.152      ; 2.042      ;
; -0.903 ; top:top_inst|clk_div:dut_clk_div|counter[2]  ; top:top_inst|clk_div:dut_clk_div|counter[16] ; CLOCK_50     ; CLOCK_50    ; 1.000        ; 0.152      ; 2.042      ;
; -0.903 ; top:top_inst|clk_div:dut_clk_div|counter[2]  ; top:top_inst|clk_div:dut_clk_div|counter[17] ; CLOCK_50     ; CLOCK_50    ; 1.000        ; 0.152      ; 2.042      ;
; -0.903 ; top:top_inst|clk_div:dut_clk_div|counter[2]  ; top:top_inst|clk_div:dut_clk_div|counter[19] ; CLOCK_50     ; CLOCK_50    ; 1.000        ; 0.152      ; 2.042      ;
; -0.903 ; top:top_inst|clk_div:dut_clk_div|counter[2]  ; top:top_inst|clk_div:dut_clk_div|counter[21] ; CLOCK_50     ; CLOCK_50    ; 1.000        ; 0.152      ; 2.042      ;
; -0.903 ; top:top_inst|clk_div:dut_clk_div|counter[2]  ; top:top_inst|clk_div:dut_clk_div|counter[24] ; CLOCK_50     ; CLOCK_50    ; 1.000        ; 0.152      ; 2.042      ;
; -0.903 ; top:top_inst|clk_div:dut_clk_div|counter[2]  ; top:top_inst|clk_div:dut_clk_div|counter[27] ; CLOCK_50     ; CLOCK_50    ; 1.000        ; 0.152      ; 2.042      ;
; -0.903 ; top:top_inst|clk_div:dut_clk_div|counter[2]  ; top:top_inst|clk_div:dut_clk_div|counter[25] ; CLOCK_50     ; CLOCK_50    ; 1.000        ; 0.152      ; 2.042      ;
; -0.903 ; top:top_inst|clk_div:dut_clk_div|counter[2]  ; top:top_inst|clk_div:dut_clk_div|counter[26] ; CLOCK_50     ; CLOCK_50    ; 1.000        ; 0.152      ; 2.042      ;
; -0.899 ; top:top_inst|clk_div:dut_clk_div|counter[14] ; top:top_inst|clk_div:dut_clk_div|counter[1]  ; CLOCK_50     ; CLOCK_50    ; 1.000        ; -0.033     ; 1.853      ;
; -0.899 ; top:top_inst|clk_div:dut_clk_div|counter[14] ; top:top_inst|clk_div:dut_clk_div|counter[0]  ; CLOCK_50     ; CLOCK_50    ; 1.000        ; -0.033     ; 1.853      ;
; -0.899 ; top:top_inst|clk_div:dut_clk_div|counter[14] ; top:top_inst|clk_div:dut_clk_div|counter[6]  ; CLOCK_50     ; CLOCK_50    ; 1.000        ; -0.033     ; 1.853      ;
; -0.899 ; top:top_inst|clk_div:dut_clk_div|counter[14] ; top:top_inst|clk_div:dut_clk_div|counter[2]  ; CLOCK_50     ; CLOCK_50    ; 1.000        ; -0.033     ; 1.853      ;
; -0.899 ; top:top_inst|clk_div:dut_clk_div|counter[14] ; top:top_inst|clk_div:dut_clk_div|counter[5]  ; CLOCK_50     ; CLOCK_50    ; 1.000        ; -0.033     ; 1.853      ;
; -0.899 ; top:top_inst|clk_div:dut_clk_div|counter[14] ; top:top_inst|clk_div:dut_clk_div|counter[8]  ; CLOCK_50     ; CLOCK_50    ; 1.000        ; -0.033     ; 1.853      ;
; -0.899 ; top:top_inst|clk_div:dut_clk_div|counter[14] ; top:top_inst|clk_div:dut_clk_div|counter[7]  ; CLOCK_50     ; CLOCK_50    ; 1.000        ; -0.033     ; 1.853      ;
; -0.899 ; top:top_inst|clk_div:dut_clk_div|counter[14] ; top:top_inst|clk_div:dut_clk_div|counter[10] ; CLOCK_50     ; CLOCK_50    ; 1.000        ; -0.033     ; 1.853      ;
; -0.899 ; top:top_inst|clk_div:dut_clk_div|counter[14] ; top:top_inst|clk_div:dut_clk_div|counter[9]  ; CLOCK_50     ; CLOCK_50    ; 1.000        ; -0.033     ; 1.853      ;
; -0.899 ; top:top_inst|clk_div:dut_clk_div|counter[14] ; top:top_inst|clk_div:dut_clk_div|counter[12] ; CLOCK_50     ; CLOCK_50    ; 1.000        ; -0.033     ; 1.853      ;
; -0.899 ; top:top_inst|clk_div:dut_clk_div|counter[14] ; top:top_inst|clk_div:dut_clk_div|counter[11] ; CLOCK_50     ; CLOCK_50    ; 1.000        ; -0.033     ; 1.853      ;
; -0.899 ; top:top_inst|clk_div:dut_clk_div|counter[14] ; top:top_inst|clk_div:dut_clk_div|counter[13] ; CLOCK_50     ; CLOCK_50    ; 1.000        ; -0.033     ; 1.853      ;
; -0.889 ; top:top_inst|clk_div:dut_clk_div|counter[12] ; top:top_inst|clk_div:dut_clk_div|counter[14] ; CLOCK_50     ; CLOCK_50    ; 1.000        ; -0.038     ; 1.838      ;
; -0.889 ; top:top_inst|clk_div:dut_clk_div|counter[12] ; top:top_inst|clk_div:dut_clk_div|counter[20] ; CLOCK_50     ; CLOCK_50    ; 1.000        ; -0.038     ; 1.838      ;
; -0.889 ; top:top_inst|clk_div:dut_clk_div|counter[12] ; top:top_inst|clk_div:dut_clk_div|counter[22] ; CLOCK_50     ; CLOCK_50    ; 1.000        ; -0.038     ; 1.838      ;
; -0.888 ; top:top_inst|clk_div:dut_clk_div|counter[1]  ; top:top_inst|clk_div:dut_clk_div|counter[14] ; CLOCK_50     ; CLOCK_50    ; 1.000        ; -0.038     ; 1.837      ;
; -0.888 ; top:top_inst|clk_div:dut_clk_div|counter[1]  ; top:top_inst|clk_div:dut_clk_div|counter[20] ; CLOCK_50     ; CLOCK_50    ; 1.000        ; -0.038     ; 1.837      ;
; -0.888 ; top:top_inst|clk_div:dut_clk_div|counter[1]  ; top:top_inst|clk_div:dut_clk_div|counter[22] ; CLOCK_50     ; CLOCK_50    ; 1.000        ; -0.038     ; 1.837      ;
; -0.881 ; top:top_inst|clk_div:dut_clk_div|counter[21] ; top:top_inst|clk_div:dut_clk_div|counter[1]  ; CLOCK_50     ; CLOCK_50    ; 1.000        ; -0.231     ; 1.637      ;
; -0.881 ; top:top_inst|clk_div:dut_clk_div|counter[21] ; top:top_inst|clk_div:dut_clk_div|counter[0]  ; CLOCK_50     ; CLOCK_50    ; 1.000        ; -0.231     ; 1.637      ;
; -0.881 ; top:top_inst|clk_div:dut_clk_div|counter[21] ; top:top_inst|clk_div:dut_clk_div|counter[6]  ; CLOCK_50     ; CLOCK_50    ; 1.000        ; -0.231     ; 1.637      ;
; -0.881 ; top:top_inst|clk_div:dut_clk_div|counter[21] ; top:top_inst|clk_div:dut_clk_div|counter[2]  ; CLOCK_50     ; CLOCK_50    ; 1.000        ; -0.231     ; 1.637      ;
; -0.881 ; top:top_inst|clk_div:dut_clk_div|counter[21] ; top:top_inst|clk_div:dut_clk_div|counter[5]  ; CLOCK_50     ; CLOCK_50    ; 1.000        ; -0.231     ; 1.637      ;
; -0.881 ; top:top_inst|clk_div:dut_clk_div|counter[21] ; top:top_inst|clk_div:dut_clk_div|counter[8]  ; CLOCK_50     ; CLOCK_50    ; 1.000        ; -0.231     ; 1.637      ;
; -0.881 ; top:top_inst|clk_div:dut_clk_div|counter[21] ; top:top_inst|clk_div:dut_clk_div|counter[7]  ; CLOCK_50     ; CLOCK_50    ; 1.000        ; -0.231     ; 1.637      ;
; -0.881 ; top:top_inst|clk_div:dut_clk_div|counter[21] ; top:top_inst|clk_div:dut_clk_div|counter[10] ; CLOCK_50     ; CLOCK_50    ; 1.000        ; -0.231     ; 1.637      ;
; -0.881 ; top:top_inst|clk_div:dut_clk_div|counter[21] ; top:top_inst|clk_div:dut_clk_div|counter[9]  ; CLOCK_50     ; CLOCK_50    ; 1.000        ; -0.231     ; 1.637      ;
; -0.881 ; top:top_inst|clk_div:dut_clk_div|counter[21] ; top:top_inst|clk_div:dut_clk_div|counter[12] ; CLOCK_50     ; CLOCK_50    ; 1.000        ; -0.231     ; 1.637      ;
; -0.881 ; top:top_inst|clk_div:dut_clk_div|counter[21] ; top:top_inst|clk_div:dut_clk_div|counter[11] ; CLOCK_50     ; CLOCK_50    ; 1.000        ; -0.231     ; 1.637      ;
; -0.881 ; top:top_inst|clk_div:dut_clk_div|counter[21] ; top:top_inst|clk_div:dut_clk_div|counter[13] ; CLOCK_50     ; CLOCK_50    ; 1.000        ; -0.231     ; 1.637      ;
+--------+----------------------------------------------+----------------------------------------------+--------------+-------------+--------------+------------+------------+


+-----------------------------------------------------------------------------------------------------------------------------------------------------------------------------------------------------------------------------------------------------------------------------------------------------------------+
; Fast 1200mV 0C Model Hold: 'top:top_inst|clk_div:dut_clk_div|out'                                                                                                                                                                                                                                               ;
+-------+--------------------------------------------------------------+-------------------------------------------------------------------------------------------------------------------+--------------------------------------+--------------------------------------+--------------+------------+------------+
; Slack ; From Node                                                    ; To Node                                                                                                           ; Launch Clock                         ; Latch Clock                          ; Relationship ; Clock Skew ; Data Delay ;
+-------+--------------------------------------------------------------+-------------------------------------------------------------------------------------------------------------------+--------------------------------------+--------------------------------------+--------------+------------+------------+
; 0.187 ; top:top_inst|cpu:dut_cpu|state_reg.executing_instruction1    ; top:top_inst|cpu:dut_cpu|state_reg.executing_instruction1                                                         ; top:top_inst|clk_div:dut_clk_div|out ; top:top_inst|clk_div:dut_clk_div|out ; 0.000        ; 0.036      ; 0.307      ;
; 0.187 ; top:top_inst|cpu:dut_cpu|cnt_step_reg[2]                     ; top:top_inst|cpu:dut_cpu|cnt_step_reg[2]                                                                          ; top:top_inst|clk_div:dut_clk_div|out ; top:top_inst|clk_div:dut_clk_div|out ; 0.000        ; 0.036      ; 0.307      ;
; 0.187 ; top:top_inst|cpu:dut_cpu|cnt_step_reg[1]                     ; top:top_inst|cpu:dut_cpu|cnt_step_reg[1]                                                                          ; top:top_inst|clk_div:dut_clk_div|out ; top:top_inst|clk_div:dut_clk_div|out ; 0.000        ; 0.036      ; 0.307      ;
; 0.187 ; top:top_inst|cpu:dut_cpu|state_reg.executing_MOV             ; top:top_inst|cpu:dut_cpu|state_reg.executing_MOV                                                                  ; top:top_inst|clk_div:dut_clk_div|out ; top:top_inst|clk_div:dut_clk_div|out ; 0.000        ; 0.036      ; 0.307      ;
; 0.187 ; top:top_inst|cpu:dut_cpu|register:SPregister|out_reg[5]      ; top:top_inst|cpu:dut_cpu|register:SPregister|out_reg[5]                                                           ; top:top_inst|clk_div:dut_clk_div|out ; top:top_inst|clk_div:dut_clk_div|out ; 0.000        ; 0.036      ; 0.307      ;
; 0.187 ; top:top_inst|cpu:dut_cpu|state_reg.stop_state                ; top:top_inst|cpu:dut_cpu|state_reg.stop_state                                                                     ; top:top_inst|clk_div:dut_clk_div|out ; top:top_inst|clk_div:dut_clk_div|out ; 0.000        ; 0.036      ; 0.307      ;
; 0.205 ; top:top_inst|cpu:dut_cpu|register:PCregister|out_reg[5]      ; top:top_inst|cpu:dut_cpu|register:PCregister|out_reg[5]                                                           ; top:top_inst|clk_div:dut_clk_div|out ; top:top_inst|clk_div:dut_clk_div|out ; 0.000        ; 0.036      ; 0.325      ;
; 0.253 ; top:top_inst|memory:dut_memory|mem_rtl_0_bypass[9]           ; top:top_inst|cpu:dut_cpu|register:IRLOWregister|out_reg[8]                                                        ; top:top_inst|clk_div:dut_clk_div|out ; top:top_inst|clk_div:dut_clk_div|out ; 0.000        ; 0.036      ; 0.373      ;
; 0.255 ; top:top_inst|cpu:dut_cpu|register:IRLOWregister|out_reg[10]  ; top:top_inst|memory:dut_memory|mem_rtl_0_bypass[11]                                                               ; top:top_inst|clk_div:dut_clk_div|out ; top:top_inst|clk_div:dut_clk_div|out ; 0.000        ; 0.036      ; 0.375      ;
; 0.293 ; top:top_inst|memory:dut_memory|mem_rtl_0_bypass[14]          ; top:top_inst|cpu:dut_cpu|register:IRLOWregister|out_reg[13]                                                       ; top:top_inst|clk_div:dut_clk_div|out ; top:top_inst|clk_div:dut_clk_div|out ; 0.000        ; 0.036      ; 0.413      ;
; 0.295 ; top:top_inst|memory:dut_memory|mem_rtl_0_bypass[16]          ; top:top_inst|cpu:dut_cpu|register:IRLOWregister|out_reg[15]                                                       ; top:top_inst|clk_div:dut_clk_div|out ; top:top_inst|clk_div:dut_clk_div|out ; 0.000        ; 0.036      ; 0.415      ;
; 0.296 ; top:top_inst|memory:dut_memory|mem_rtl_0_bypass[7]           ; top:top_inst|cpu:dut_cpu|register:IRLOWregister|out_reg[6]                                                        ; top:top_inst|clk_div:dut_clk_div|out ; top:top_inst|clk_div:dut_clk_div|out ; 0.000        ; 0.035      ; 0.415      ;
; 0.296 ; top:top_inst|memory:dut_memory|mem_rtl_0_bypass[11]          ; top:top_inst|cpu:dut_cpu|register:IRLOWregister|out_reg[10]                                                       ; top:top_inst|clk_div:dut_clk_div|out ; top:top_inst|clk_div:dut_clk_div|out ; 0.000        ; 0.036      ; 0.416      ;
; 0.296 ; top:top_inst|memory:dut_memory|mem_rtl_0_bypass[15]          ; top:top_inst|cpu:dut_cpu|register:IRLOWregister|out_reg[14]                                                       ; top:top_inst|clk_div:dut_clk_div|out ; top:top_inst|clk_div:dut_clk_div|out ; 0.000        ; 0.036      ; 0.416      ;
; 0.306 ; top:top_inst|cpu:dut_cpu|register:PCregister|out_reg[1]      ; top:top_inst|cpu:dut_cpu|register:PCregister|out_reg[1]                                                           ; top:top_inst|clk_div:dut_clk_div|out ; top:top_inst|clk_div:dut_clk_div|out ; 0.000        ; 0.036      ; 0.426      ;
; 0.307 ; top:top_inst|cpu:dut_cpu|register:PCregister|out_reg[4]      ; top:top_inst|cpu:dut_cpu|register:PCregister|out_reg[4]                                                           ; top:top_inst|clk_div:dut_clk_div|out ; top:top_inst|clk_div:dut_clk_div|out ; 0.000        ; 0.036      ; 0.427      ;
; 0.307 ; top:top_inst|cpu:dut_cpu|register:PCregister|out_reg[3]      ; top:top_inst|cpu:dut_cpu|register:PCregister|out_reg[3]                                                           ; top:top_inst|clk_div:dut_clk_div|out ; top:top_inst|clk_div:dut_clk_div|out ; 0.000        ; 0.036      ; 0.427      ;
; 0.308 ; top:top_inst|cpu:dut_cpu|register:PCregister|out_reg[2]      ; top:top_inst|cpu:dut_cpu|register:PCregister|out_reg[2]                                                           ; top:top_inst|clk_div:dut_clk_div|out ; top:top_inst|clk_div:dut_clk_div|out ; 0.000        ; 0.036      ; 0.428      ;
; 0.317 ; top:top_inst|cpu:dut_cpu|register:IRLOWregister|out_reg[6]   ; top:top_inst|memory:dut_memory|mem_rtl_0_bypass[7]                                                                ; top:top_inst|clk_div:dut_clk_div|out ; top:top_inst|clk_div:dut_clk_div|out ; 0.000        ; 0.035      ; 0.436      ;
; 0.317 ; top:top_inst|cpu:dut_cpu|register:IRLOWregister|out_reg[8]   ; top:top_inst|memory:dut_memory|mem_rtl_0_bypass[9]                                                                ; top:top_inst|clk_div:dut_clk_div|out ; top:top_inst|clk_div:dut_clk_div|out ; 0.000        ; 0.036      ; 0.437      ;
; 0.317 ; top:top_inst|cpu:dut_cpu|register:IRLOWregister|out_reg[14]  ; top:top_inst|memory:dut_memory|mem_rtl_0_bypass[15]                                                               ; top:top_inst|clk_div:dut_clk_div|out ; top:top_inst|clk_div:dut_clk_div|out ; 0.000        ; 0.036      ; 0.437      ;
; 0.317 ; top:top_inst|cpu:dut_cpu|register:IRLOWregister|out_reg[13]  ; top:top_inst|memory:dut_memory|mem_rtl_0_bypass[14]                                                               ; top:top_inst|clk_div:dut_clk_div|out ; top:top_inst|clk_div:dut_clk_div|out ; 0.000        ; 0.036      ; 0.437      ;
; 0.317 ; top:top_inst|cpu:dut_cpu|register:IRLOWregister|out_reg[15]  ; top:top_inst|memory:dut_memory|mem_rtl_0_bypass[16]                                                               ; top:top_inst|clk_div:dut_clk_div|out ; top:top_inst|clk_div:dut_clk_div|out ; 0.000        ; 0.036      ; 0.437      ;
; 0.318 ; top:top_inst|cpu:dut_cpu|register:PCregister|out_reg[0]      ; top:top_inst|cpu:dut_cpu|register:PCregister|out_reg[0]                                                           ; top:top_inst|clk_div:dut_clk_div|out ; top:top_inst|clk_div:dut_clk_div|out ; 0.000        ; 0.036      ; 0.438      ;
; 0.331 ; top:top_inst|cpu:dut_cpu|register:IRLOWregister|out_reg[1]   ; top:top_inst|memory:dut_memory|mem_rtl_0_bypass[2]                                                                ; top:top_inst|clk_div:dut_clk_div|out ; top:top_inst|clk_div:dut_clk_div|out ; 0.000        ; 0.036      ; 0.451      ;
; 0.354 ; top:top_inst|cpu:dut_cpu|register:IRLOWregister|out_reg[0]   ; top:top_inst|memory:dut_memory|mem_rtl_0_bypass[1]                                                                ; top:top_inst|clk_div:dut_clk_div|out ; top:top_inst|clk_div:dut_clk_div|out ; 0.000        ; 0.035      ; 0.473      ;
; 0.364 ; top:top_inst|cpu:dut_cpu|register:IRLOWregister|out_reg[0]   ; top:top_inst|memory:dut_memory|altsyncram:mem_rtl_0|altsyncram_dke1:auto_generated|ram_block1a0~porta_datain_reg0 ; top:top_inst|clk_div:dut_clk_div|out ; top:top_inst|clk_div:dut_clk_div|out ; 0.000        ; 0.235      ; 0.703      ;
; 0.371 ; top:top_inst|memory:dut_memory|mem_rtl_0_bypass[10]          ; top:top_inst|cpu:dut_cpu|register:IRLOWregister|out_reg[9]                                                        ; top:top_inst|clk_div:dut_clk_div|out ; top:top_inst|clk_div:dut_clk_div|out ; 0.000        ; -0.139     ; 0.316      ;
; 0.409 ; top:top_inst|cpu:dut_cpu|register:IRLOWregister|out_reg[15]  ; top:top_inst|memory:dut_memory|altsyncram:mem_rtl_0|altsyncram_dke1:auto_generated|ram_block1a0~porta_datain_reg0 ; top:top_inst|clk_div:dut_clk_div|out ; top:top_inst|clk_div:dut_clk_div|out ; 0.000        ; 0.234      ; 0.747      ;
; 0.411 ; top:top_inst|cpu:dut_cpu|register:IRLOWregister|out_reg[13]  ; top:top_inst|memory:dut_memory|altsyncram:mem_rtl_0|altsyncram_dke1:auto_generated|ram_block1a0~porta_datain_reg0 ; top:top_inst|clk_div:dut_clk_div|out ; top:top_inst|clk_div:dut_clk_div|out ; 0.000        ; 0.234      ; 0.749      ;
; 0.422 ; top:top_inst|cpu:dut_cpu|register:IRLOWregister|out_reg[14]  ; top:top_inst|memory:dut_memory|altsyncram:mem_rtl_0|altsyncram_dke1:auto_generated|ram_block1a0~porta_datain_reg0 ; top:top_inst|clk_div:dut_clk_div|out ; top:top_inst|clk_div:dut_clk_div|out ; 0.000        ; 0.234      ; 0.760      ;
; 0.424 ; top:top_inst|cpu:dut_cpu|register:IRLOWregister|out_reg[8]   ; top:top_inst|memory:dut_memory|altsyncram:mem_rtl_0|altsyncram_dke1:auto_generated|ram_block1a0~porta_datain_reg0 ; top:top_inst|clk_div:dut_clk_div|out ; top:top_inst|clk_div:dut_clk_div|out ; 0.000        ; 0.234      ; 0.762      ;
; 0.434 ; top:top_inst|cpu:dut_cpu|register:IRLOWregister|out_reg[3]   ; top:top_inst|memory:dut_memory|mem_rtl_0_bypass[4]                                                                ; top:top_inst|clk_div:dut_clk_div|out ; top:top_inst|clk_div:dut_clk_div|out ; 0.000        ; 0.242      ; 0.760      ;
; 0.444 ; top:top_inst|cpu:dut_cpu|register:Aregister|out_reg[7]       ; top:top_inst|memory:dut_memory|mem_rtl_0_bypass[8]                                                                ; top:top_inst|clk_div:dut_clk_div|out ; top:top_inst|clk_div:dut_clk_div|out ; 0.000        ; 0.216      ; 0.744      ;
; 0.445 ; top:top_inst|cpu:dut_cpu|register:Aregister|out_reg[5]       ; top:top_inst|memory:dut_memory|mem_rtl_0_bypass[6]                                                                ; top:top_inst|clk_div:dut_clk_div|out ; top:top_inst|clk_div:dut_clk_div|out ; 0.000        ; 0.037      ; 0.566      ;
; 0.445 ; top:top_inst|cpu:dut_cpu|state_reg.executing_instruction1    ; top:top_inst|cpu:dut_cpu|state_reg.loading_IR_high                                                                ; top:top_inst|clk_div:dut_clk_div|out ; top:top_inst|clk_div:dut_clk_div|out ; 0.000        ; 0.040      ; 0.569      ;
; 0.448 ; top:top_inst|cpu:dut_cpu|register:Aregister|out_reg[12]      ; top:top_inst|memory:dut_memory|mem_rtl_0_bypass[13]                                                               ; top:top_inst|clk_div:dut_clk_div|out ; top:top_inst|clk_div:dut_clk_div|out ; 0.000        ; 0.036      ; 0.568      ;
; 0.455 ; top:top_inst|cpu:dut_cpu|register:PCregister|out_reg[1]      ; top:top_inst|cpu:dut_cpu|register:PCregister|out_reg[2]                                                           ; top:top_inst|clk_div:dut_clk_div|out ; top:top_inst|clk_div:dut_clk_div|out ; 0.000        ; 0.036      ; 0.575      ;
; 0.456 ; top:top_inst|cpu:dut_cpu|register:IRLOWregister|out_reg[1]   ; top:top_inst|memory:dut_memory|altsyncram:mem_rtl_0|altsyncram_dke1:auto_generated|ram_block1a0~porta_datain_reg0 ; top:top_inst|clk_div:dut_clk_div|out ; top:top_inst|clk_div:dut_clk_div|out ; 0.000        ; 0.220      ; 0.780      ;
; 0.456 ; top:top_inst|cpu:dut_cpu|register:PCregister|out_reg[3]      ; top:top_inst|cpu:dut_cpu|register:PCregister|out_reg[4]                                                           ; top:top_inst|clk_div:dut_clk_div|out ; top:top_inst|clk_div:dut_clk_div|out ; 0.000        ; 0.036      ; 0.576      ;
; 0.465 ; top:top_inst|cpu:dut_cpu|register:PCregister|out_reg[4]      ; top:top_inst|cpu:dut_cpu|register:PCregister|out_reg[5]                                                           ; top:top_inst|clk_div:dut_clk_div|out ; top:top_inst|clk_div:dut_clk_div|out ; 0.000        ; 0.036      ; 0.585      ;
; 0.465 ; top:top_inst|cpu:dut_cpu|register:PCregister|out_reg[0]      ; top:top_inst|cpu:dut_cpu|register:PCregister|out_reg[1]                                                           ; top:top_inst|clk_div:dut_clk_div|out ; top:top_inst|clk_div:dut_clk_div|out ; 0.000        ; 0.036      ; 0.585      ;
; 0.466 ; top:top_inst|cpu:dut_cpu|register:PCregister|out_reg[2]      ; top:top_inst|cpu:dut_cpu|register:PCregister|out_reg[3]                                                           ; top:top_inst|clk_div:dut_clk_div|out ; top:top_inst|clk_div:dut_clk_div|out ; 0.000        ; 0.036      ; 0.586      ;
; 0.467 ; top:top_inst|memory:dut_memory|mem_rtl_0_bypass[8]           ; top:top_inst|cpu:dut_cpu|register:IRLOWregister|out_reg[7]                                                        ; top:top_inst|clk_div:dut_clk_div|out ; top:top_inst|clk_div:dut_clk_div|out ; 0.000        ; -0.137     ; 0.414      ;
; 0.468 ; top:top_inst|cpu:dut_cpu|register:PCregister|out_reg[0]      ; top:top_inst|cpu:dut_cpu|register:PCregister|out_reg[2]                                                           ; top:top_inst|clk_div:dut_clk_div|out ; top:top_inst|clk_div:dut_clk_div|out ; 0.000        ; 0.036      ; 0.588      ;
; 0.469 ; top:top_inst|cpu:dut_cpu|register:PCregister|out_reg[2]      ; top:top_inst|cpu:dut_cpu|register:PCregister|out_reg[4]                                                           ; top:top_inst|clk_div:dut_clk_div|out ; top:top_inst|clk_div:dut_clk_div|out ; 0.000        ; 0.036      ; 0.589      ;
; 0.488 ; top:top_inst|cpu:dut_cpu|register:IRLOWregister|out_reg[6]   ; top:top_inst|memory:dut_memory|altsyncram:mem_rtl_0|altsyncram_dke1:auto_generated|ram_block1a0~porta_datain_reg0 ; top:top_inst|clk_div:dut_clk_div|out ; top:top_inst|clk_div:dut_clk_div|out ; 0.000        ; 0.235      ; 0.827      ;
; 0.518 ; top:top_inst|cpu:dut_cpu|state_reg.loading_IR_high           ; top:top_inst|cpu:dut_cpu|state_reg.executing_instruction1                                                         ; top:top_inst|clk_div:dut_clk_div|out ; top:top_inst|clk_div:dut_clk_div|out ; 0.000        ; 0.050      ; 0.652      ;
; 0.518 ; top:top_inst|cpu:dut_cpu|register:PCregister|out_reg[1]      ; top:top_inst|cpu:dut_cpu|register:PCregister|out_reg[3]                                                           ; top:top_inst|clk_div:dut_clk_div|out ; top:top_inst|clk_div:dut_clk_div|out ; 0.000        ; 0.036      ; 0.638      ;
; 0.519 ; top:top_inst|cpu:dut_cpu|register:PCregister|out_reg[3]      ; top:top_inst|cpu:dut_cpu|register:PCregister|out_reg[5]                                                           ; top:top_inst|clk_div:dut_clk_div|out ; top:top_inst|clk_div:dut_clk_div|out ; 0.000        ; 0.036      ; 0.639      ;
; 0.521 ; top:top_inst|cpu:dut_cpu|register:PCregister|out_reg[1]      ; top:top_inst|cpu:dut_cpu|register:PCregister|out_reg[4]                                                           ; top:top_inst|clk_div:dut_clk_div|out ; top:top_inst|clk_div:dut_clk_div|out ; 0.000        ; 0.036      ; 0.641      ;
; 0.528 ; top:top_inst|memory:dut_memory|mem_rtl_0_bypass[13]          ; top:top_inst|cpu:dut_cpu|register:IRLOWregister|out_reg[12]                                                       ; top:top_inst|clk_div:dut_clk_div|out ; top:top_inst|clk_div:dut_clk_div|out ; 0.000        ; 0.038      ; 0.650      ;
; 0.529 ; top:top_inst|cpu:dut_cpu|register:IRLOWregister|out_reg[7]   ; top:top_inst|memory:dut_memory|mem_rtl_0_bypass[8]                                                                ; top:top_inst|clk_div:dut_clk_div|out ; top:top_inst|clk_div:dut_clk_div|out ; 0.000        ; 0.216      ; 0.829      ;
; 0.531 ; top:top_inst|cpu:dut_cpu|register:PCregister|out_reg[0]      ; top:top_inst|cpu:dut_cpu|register:PCregister|out_reg[3]                                                           ; top:top_inst|clk_div:dut_clk_div|out ; top:top_inst|clk_div:dut_clk_div|out ; 0.000        ; 0.036      ; 0.651      ;
; 0.532 ; top:top_inst|memory:dut_memory|mem_rtl_0_bypass[0]           ; top:top_inst|cpu:dut_cpu|register:IRLOWregister|out_reg[9]                                                        ; top:top_inst|clk_div:dut_clk_div|out ; top:top_inst|clk_div:dut_clk_div|out ; 0.000        ; 0.035      ; 0.651      ;
; 0.532 ; top:top_inst|cpu:dut_cpu|register:PCregister|out_reg[2]      ; top:top_inst|cpu:dut_cpu|register:PCregister|out_reg[5]                                                           ; top:top_inst|clk_div:dut_clk_div|out ; top:top_inst|clk_div:dut_clk_div|out ; 0.000        ; 0.036      ; 0.652      ;
; 0.534 ; top:top_inst|cpu:dut_cpu|register:PCregister|out_reg[0]      ; top:top_inst|cpu:dut_cpu|register:PCregister|out_reg[4]                                                           ; top:top_inst|clk_div:dut_clk_div|out ; top:top_inst|clk_div:dut_clk_div|out ; 0.000        ; 0.036      ; 0.654      ;
; 0.539 ; top:top_inst|cpu:dut_cpu|state_reg.reading_instruction       ; top:top_inst|cpu:dut_cpu|state_reg.reading_instruction                                                            ; top:top_inst|clk_div:dut_clk_div|out ; top:top_inst|clk_div:dut_clk_div|out ; 0.000        ; 0.036      ; 0.659      ;
; 0.541 ; top:top_inst|cpu:dut_cpu|register:Aregister|out_reg[4]       ; top:top_inst|memory:dut_memory|mem_rtl_0_bypass[5]                                                                ; top:top_inst|clk_div:dut_clk_div|out ; top:top_inst|clk_div:dut_clk_div|out ; 0.000        ; 0.037      ; 0.662      ;
; 0.545 ; top:top_inst|memory:dut_memory|mem_rtl_0_bypass[3]           ; top:top_inst|cpu:dut_cpu|register:FirstOPregister|out_reg[2]~_Duplicate_1                                         ; top:top_inst|clk_div:dut_clk_div|out ; top:top_inst|clk_div:dut_clk_div|out ; 0.000        ; 0.031      ; 0.660      ;
; 0.547 ; top:top_inst|memory:dut_memory|mem_rtl_0_bypass[2]           ; top:top_inst|cpu:dut_cpu|register:FirstOPregister|out_reg[1]~_Duplicate_1                                         ; top:top_inst|clk_div:dut_clk_div|out ; top:top_inst|clk_div:dut_clk_div|out ; 0.000        ; 0.031      ; 0.662      ;
; 0.561 ; top:top_inst|memory:dut_memory|mem_rtl_0_bypass[0]           ; top:top_inst|cpu:dut_cpu|register:IRLOWregister|out_reg[4]                                                        ; top:top_inst|clk_div:dut_clk_div|out ; top:top_inst|clk_div:dut_clk_div|out ; 0.000        ; 0.032      ; 0.677      ;
; 0.564 ; top:top_inst|cpu:dut_cpu|register:IRLOWregister|out_reg[11]  ; top:top_inst|memory:dut_memory|mem_rtl_0_bypass[12]                                                               ; top:top_inst|clk_div:dut_clk_div|out ; top:top_inst|clk_div:dut_clk_div|out ; 0.000        ; 0.029      ; 0.677      ;
; 0.567 ; top:top_inst|cpu:dut_cpu|state_reg.executing_instruction1    ; top:top_inst|cpu:dut_cpu|register:Aregister|out_reg[3]                                                            ; top:top_inst|clk_div:dut_clk_div|out ; top:top_inst|clk_div:dut_clk_div|out ; 0.000        ; 0.040      ; 0.691      ;
; 0.567 ; top:top_inst|cpu:dut_cpu|state_reg.executing_instruction1    ; top:top_inst|cpu:dut_cpu|register:Aregister|out_reg[9]                                                            ; top:top_inst|clk_div:dut_clk_div|out ; top:top_inst|clk_div:dut_clk_div|out ; 0.000        ; 0.040      ; 0.691      ;
; 0.584 ; top:top_inst|cpu:dut_cpu|register:PCregister|out_reg[1]      ; top:top_inst|cpu:dut_cpu|register:PCregister|out_reg[5]                                                           ; top:top_inst|clk_div:dut_clk_div|out ; top:top_inst|clk_div:dut_clk_div|out ; 0.000        ; 0.036      ; 0.704      ;
; 0.593 ; top:top_inst|cpu:dut_cpu|register:IRLOWregister|out_reg[5]   ; top:top_inst|memory:dut_memory|mem_rtl_0_bypass[6]                                                                ; top:top_inst|clk_div:dut_clk_div|out ; top:top_inst|clk_div:dut_clk_div|out ; 0.000        ; -0.148     ; 0.529      ;
; 0.597 ; top:top_inst|cpu:dut_cpu|register:PCregister|out_reg[0]      ; top:top_inst|cpu:dut_cpu|register:PCregister|out_reg[5]                                                           ; top:top_inst|clk_div:dut_clk_div|out ; top:top_inst|clk_div:dut_clk_div|out ; 0.000        ; 0.036      ; 0.717      ;
; 0.598 ; top:top_inst|cpu:dut_cpu|register:Aregister|out_reg[8]       ; top:top_inst|memory:dut_memory|mem_rtl_0_bypass[9]                                                                ; top:top_inst|clk_div:dut_clk_div|out ; top:top_inst|clk_div:dut_clk_div|out ; 0.000        ; 0.037      ; 0.719      ;
; 0.600 ; top:top_inst|cpu:dut_cpu|register:IRLOWregister|out_reg[10]  ; top:top_inst|memory:dut_memory|altsyncram:mem_rtl_0|altsyncram_dke1:auto_generated|ram_block1a0~porta_datain_reg0 ; top:top_inst|clk_div:dut_clk_div|out ; top:top_inst|clk_div:dut_clk_div|out ; 0.000        ; 0.234      ; 0.938      ;
; 0.606 ; top:top_inst|memory:dut_memory|mem_rtl_0_bypass[0]           ; top:top_inst|cpu:dut_cpu|register:IRLOWregister|out_reg[14]                                                       ; top:top_inst|clk_div:dut_clk_div|out ; top:top_inst|clk_div:dut_clk_div|out ; 0.000        ; 0.039      ; 0.729      ;
; 0.607 ; top:top_inst|memory:dut_memory|mem_rtl_0_bypass[0]           ; top:top_inst|cpu:dut_cpu|register:IRLOWregister|out_reg[15]                                                       ; top:top_inst|clk_div:dut_clk_div|out ; top:top_inst|clk_div:dut_clk_div|out ; 0.000        ; 0.039      ; 0.730      ;
; 0.608 ; top:top_inst|cpu:dut_cpu|register:Aregister|out_reg[14]      ; top:top_inst|memory:dut_memory|mem_rtl_0_bypass[15]                                                               ; top:top_inst|clk_div:dut_clk_div|out ; top:top_inst|clk_div:dut_clk_div|out ; 0.000        ; 0.037      ; 0.729      ;
; 0.614 ; top:top_inst|cpu:dut_cpu|register:Aregister|out_reg[6]       ; top:top_inst|memory:dut_memory|mem_rtl_0_bypass[7]                                                                ; top:top_inst|clk_div:dut_clk_div|out ; top:top_inst|clk_div:dut_clk_div|out ; 0.000        ; 0.038      ; 0.736      ;
; 0.615 ; top:top_inst|cpu:dut_cpu|register:Aregister|out_reg[9]       ; top:top_inst|memory:dut_memory|mem_rtl_0_bypass[10]                                                               ; top:top_inst|clk_div:dut_clk_div|out ; top:top_inst|clk_div:dut_clk_div|out ; 0.000        ; 0.232      ; 0.931      ;
; 0.618 ; top:top_inst|memory:dut_memory|mem_rtl_0_bypass[9]           ; top:top_inst|cpu:dut_cpu|register:Aregister|out_reg[8]                                                            ; top:top_inst|clk_div:dut_clk_div|out ; top:top_inst|clk_div:dut_clk_div|out ; 0.000        ; 0.035      ; 0.737      ;
; 0.624 ; top:top_inst|cpu:dut_cpu|register:Aregister|out_reg[12]      ; top:top_inst|memory:dut_memory|altsyncram:mem_rtl_0|altsyncram_dke1:auto_generated|ram_block1a0~porta_datain_reg0 ; top:top_inst|clk_div:dut_clk_div|out ; top:top_inst|clk_div:dut_clk_div|out ; 0.000        ; 0.235      ; 0.963      ;
; 0.630 ; top:top_inst|memory:dut_memory|mem_rtl_0_bypass[0]           ; top:top_inst|cpu:dut_cpu|register:IRLOWregister|out_reg[7]                                                        ; top:top_inst|clk_div:dut_clk_div|out ; top:top_inst|clk_div:dut_clk_div|out ; 0.000        ; 0.038      ; 0.752      ;
; 0.635 ; top:top_inst|cpu:dut_cpu|register:IRLOWregister|out_reg[2]   ; top:top_inst|memory:dut_memory|mem_rtl_0_bypass[3]                                                                ; top:top_inst|clk_div:dut_clk_div|out ; top:top_inst|clk_div:dut_clk_div|out ; 0.000        ; 0.051      ; 0.770      ;
; 0.640 ; top:top_inst|cpu:dut_cpu|register:Aregister|out_reg[15]      ; top:top_inst|memory:dut_memory|mem_rtl_0_bypass[16]                                                               ; top:top_inst|clk_div:dut_clk_div|out ; top:top_inst|clk_div:dut_clk_div|out ; 0.000        ; 0.037      ; 0.761      ;
; 0.647 ; top:top_inst|cpu:dut_cpu|state_reg.executing_instruction1    ; top:top_inst|cpu:dut_cpu|state_reg.stop_state                                                                     ; top:top_inst|clk_div:dut_clk_div|out ; top:top_inst|clk_div:dut_clk_div|out ; 0.000        ; 0.040      ; 0.771      ;
; 0.648 ; top:top_inst|cpu:dut_cpu|register:IRLOWregister|out_reg[12]  ; top:top_inst|memory:dut_memory|mem_rtl_0_bypass[13]                                                               ; top:top_inst|clk_div:dut_clk_div|out ; top:top_inst|clk_div:dut_clk_div|out ; 0.000        ; 0.034      ; 0.766      ;
; 0.658 ; top:top_inst|memory:dut_memory|mem_rtl_0_bypass[7]           ; top:top_inst|cpu:dut_cpu|register:SecondOPregister|out_reg[6]                                                     ; top:top_inst|clk_div:dut_clk_div|out ; top:top_inst|clk_div:dut_clk_div|out ; 0.000        ; 0.037      ; 0.779      ;
; 0.663 ; top:top_inst|cpu:dut_cpu|register:Aregister|out_reg[4]       ; top:top_inst|memory:dut_memory|altsyncram:mem_rtl_0|altsyncram_dke1:auto_generated|ram_block1a0~porta_datain_reg0 ; top:top_inst|clk_div:dut_clk_div|out ; top:top_inst|clk_div:dut_clk_div|out ; 0.000        ; 0.220      ; 0.987      ;
; 0.664 ; top:top_inst|cpu:dut_cpu|register:IRHIGHregister|out_reg[14] ; top:top_inst|cpu:dut_cpu|cnt_step_reg[2]                                                                          ; top:top_inst|clk_div:dut_clk_div|out ; top:top_inst|clk_div:dut_clk_div|out ; 0.000        ; 0.038      ; 0.786      ;
; 0.669 ; top:top_inst|cpu:dut_cpu|register:IRHIGHregister|out_reg[14] ; top:top_inst|cpu:dut_cpu|cnt_step_reg[1]                                                                          ; top:top_inst|clk_div:dut_clk_div|out ; top:top_inst|clk_div:dut_clk_div|out ; 0.000        ; 0.038      ; 0.791      ;
; 0.670 ; top:top_inst|memory:dut_memory|mem_rtl_0_bypass[0]           ; top:top_inst|cpu:dut_cpu|register:FirstOPregister|out_reg[0]~_Duplicate_1                                         ; top:top_inst|clk_div:dut_clk_div|out ; top:top_inst|clk_div:dut_clk_div|out ; 0.000        ; 0.030      ; 0.784      ;
; 0.670 ; top:top_inst|memory:dut_memory|mem_rtl_0_bypass[0]           ; top:top_inst|cpu:dut_cpu|register:FirstOPregister|out_reg[1]~_Duplicate_1                                         ; top:top_inst|clk_div:dut_clk_div|out ; top:top_inst|clk_div:dut_clk_div|out ; 0.000        ; 0.030      ; 0.784      ;
; 0.671 ; top:top_inst|memory:dut_memory|mem_rtl_0_bypass[0]           ; top:top_inst|cpu:dut_cpu|register:FirstOPregister|out_reg[2]~_Duplicate_1                                         ; top:top_inst|clk_div:dut_clk_div|out ; top:top_inst|clk_div:dut_clk_div|out ; 0.000        ; 0.030      ; 0.785      ;
; 0.683 ; top:top_inst|cpu:dut_cpu|register:IRHIGHregister|out_reg[15] ; top:top_inst|cpu:dut_cpu|register:Aregister|out_reg[3]                                                            ; top:top_inst|clk_div:dut_clk_div|out ; top:top_inst|clk_div:dut_clk_div|out ; 0.000        ; 0.040      ; 0.807      ;
; 0.699 ; top:top_inst|cpu:dut_cpu|register:IRHIGHregister|out_reg[14] ; top:top_inst|cpu:dut_cpu|register:Aregister|out_reg[0]                                                            ; top:top_inst|clk_div:dut_clk_div|out ; top:top_inst|clk_div:dut_clk_div|out ; 0.000        ; 0.034      ; 0.817      ;
; 0.699 ; top:top_inst|cpu:dut_cpu|register:IRLOWregister|out_reg[4]   ; top:top_inst|memory:dut_memory|mem_rtl_0_bypass[5]                                                                ; top:top_inst|clk_div:dut_clk_div|out ; top:top_inst|clk_div:dut_clk_div|out ; 0.000        ; 0.040      ; 0.823      ;
; 0.705 ; top:top_inst|cpu:dut_cpu|register:Aregister|out_reg[8]       ; top:top_inst|memory:dut_memory|altsyncram:mem_rtl_0|altsyncram_dke1:auto_generated|ram_block1a0~porta_datain_reg0 ; top:top_inst|clk_div:dut_clk_div|out ; top:top_inst|clk_div:dut_clk_div|out ; 0.000        ; 0.235      ; 1.044      ;
; 0.706 ; top:top_inst|memory:dut_memory|mem_rtl_0_bypass[6]           ; top:top_inst|cpu:dut_cpu|register:IRLOWregister|out_reg[5]                                                        ; top:top_inst|clk_div:dut_clk_div|out ; top:top_inst|clk_div:dut_clk_div|out ; 0.000        ; 0.247      ; 1.037      ;
; 0.708 ; top:top_inst|cpu:dut_cpu|register:Aregister|out_reg[5]       ; top:top_inst|memory:dut_memory|altsyncram:mem_rtl_0|altsyncram_dke1:auto_generated|ram_block1a0~porta_datain_reg0 ; top:top_inst|clk_div:dut_clk_div|out ; top:top_inst|clk_div:dut_clk_div|out ; 0.000        ; 0.220      ; 1.032      ;
; 0.713 ; top:top_inst|cpu:dut_cpu|register:Aregister|out_reg[14]      ; top:top_inst|memory:dut_memory|altsyncram:mem_rtl_0|altsyncram_dke1:auto_generated|ram_block1a0~porta_datain_reg0 ; top:top_inst|clk_div:dut_clk_div|out ; top:top_inst|clk_div:dut_clk_div|out ; 0.000        ; 0.235      ; 1.052      ;
; 0.721 ; top:top_inst|cpu:dut_cpu|state_reg.loading_IR_high           ; top:top_inst|cpu:dut_cpu|register:IRHIGHregister|out_reg[9]                                                       ; top:top_inst|clk_div:dut_clk_div|out ; top:top_inst|clk_div:dut_clk_div|out ; 0.000        ; 0.036      ; 0.841      ;
; 0.723 ; top:top_inst|cpu:dut_cpu|register:IRLOWregister|out_reg[3]   ; top:top_inst|memory:dut_memory|altsyncram:mem_rtl_0|altsyncram_dke1:auto_generated|ram_block1a0~porta_datain_reg0 ; top:top_inst|clk_div:dut_clk_div|out ; top:top_inst|clk_div:dut_clk_div|out ; 0.000        ; 0.234      ; 1.061      ;
; 0.723 ; top:top_inst|memory:dut_memory|mem_rtl_0_bypass[12]          ; top:top_inst|cpu:dut_cpu|register:IRLOWregister|out_reg[11]                                                       ; top:top_inst|clk_div:dut_clk_div|out ; top:top_inst|clk_div:dut_clk_div|out ; 0.000        ; 0.043      ; 0.850      ;
; 0.725 ; top:top_inst|memory:dut_memory|mem_rtl_0_bypass[0]           ; top:top_inst|cpu:dut_cpu|register:IRLOWregister|out_reg[8]                                                        ; top:top_inst|clk_div:dut_clk_div|out ; top:top_inst|clk_div:dut_clk_div|out ; 0.000        ; 0.039      ; 0.848      ;
+-------+--------------------------------------------------------------+-------------------------------------------------------------------------------------------------------------------+--------------------------------------+--------------------------------------+--------------+------------+------------+


+---------------------------------------------------------------------------------------------------------------------------------------------------------------------------+
; Fast 1200mV 0C Model Hold: 'CLOCK_50'                                                                                                                                     ;
+-------+----------------------------------------------+----------------------------------------------+--------------+-------------+--------------+------------+------------+
; Slack ; From Node                                    ; To Node                                      ; Launch Clock ; Latch Clock ; Relationship ; Clock Skew ; Data Delay ;
+-------+----------------------------------------------+----------------------------------------------+--------------+-------------+--------------+------------+------------+
; 0.260 ; top:top_inst|clk_div:dut_clk_div|counter[20] ; top:top_inst|clk_div:dut_clk_div|counter[21] ; CLOCK_50     ; CLOCK_50    ; 0.000        ; 0.233      ; 0.577      ;
; 0.261 ; top:top_inst|clk_div:dut_clk_div|counter[22] ; top:top_inst|clk_div:dut_clk_div|counter[23] ; CLOCK_50     ; CLOCK_50    ; 0.000        ; 0.233      ; 0.578      ;
; 0.264 ; top:top_inst|clk_div:dut_clk_div|counter[22] ; top:top_inst|clk_div:dut_clk_div|counter[24] ; CLOCK_50     ; CLOCK_50    ; 0.000        ; 0.233      ; 0.581      ;
; 0.270 ; top:top_inst|clk_div:dut_clk_div|counter[14] ; top:top_inst|clk_div:dut_clk_div|counter[16] ; CLOCK_50     ; CLOCK_50    ; 0.000        ; 0.233      ; 0.587      ;
; 0.290 ; top:top_inst|clk_div:dut_clk_div|counter[19] ; top:top_inst|clk_div:dut_clk_div|counter[19] ; CLOCK_50     ; CLOCK_50    ; 0.000        ; 0.043      ; 0.417      ;
; 0.292 ; top:top_inst|clk_div:dut_clk_div|counter[21] ; top:top_inst|clk_div:dut_clk_div|counter[21] ; CLOCK_50     ; CLOCK_50    ; 0.000        ; 0.043      ; 0.419      ;
; 0.297 ; top:top_inst|clk_div:dut_clk_div|counter[1]  ; top:top_inst|clk_div:dut_clk_div|counter[1]  ; CLOCK_50     ; CLOCK_50    ; 0.000        ; 0.036      ; 0.417      ;
; 0.297 ; top:top_inst|clk_div:dut_clk_div|counter[27] ; top:top_inst|clk_div:dut_clk_div|counter[27] ; CLOCK_50     ; CLOCK_50    ; 0.000        ; 0.043      ; 0.424      ;
; 0.298 ; top:top_inst|clk_div:dut_clk_div|counter[17] ; top:top_inst|clk_div:dut_clk_div|counter[17] ; CLOCK_50     ; CLOCK_50    ; 0.000        ; 0.043      ; 0.425      ;
; 0.299 ; top:top_inst|clk_div:dut_clk_div|counter[7]  ; top:top_inst|clk_div:dut_clk_div|counter[7]  ; CLOCK_50     ; CLOCK_50    ; 0.000        ; 0.036      ; 0.419      ;
; 0.299 ; top:top_inst|clk_div:dut_clk_div|counter[25] ; top:top_inst|clk_div:dut_clk_div|counter[25] ; CLOCK_50     ; CLOCK_50    ; 0.000        ; 0.043      ; 0.426      ;
; 0.300 ; top:top_inst|clk_div:dut_clk_div|counter[18] ; top:top_inst|clk_div:dut_clk_div|counter[18] ; CLOCK_50     ; CLOCK_50    ; 0.000        ; 0.043      ; 0.427      ;
; 0.300 ; top:top_inst|clk_div:dut_clk_div|counter[20] ; top:top_inst|clk_div:dut_clk_div|counter[20] ; CLOCK_50     ; CLOCK_50    ; 0.000        ; 0.035      ; 0.419      ;
; 0.300 ; top:top_inst|clk_div:dut_clk_div|counter[26] ; top:top_inst|clk_div:dut_clk_div|counter[26] ; CLOCK_50     ; CLOCK_50    ; 0.000        ; 0.043      ; 0.427      ;
; 0.300 ; top:top_inst|clk_div:dut_clk_div|counter[23] ; top:top_inst|clk_div:dut_clk_div|counter[23] ; CLOCK_50     ; CLOCK_50    ; 0.000        ; 0.043      ; 0.427      ;
; 0.300 ; top:top_inst|clk_div:dut_clk_div|counter[16] ; top:top_inst|clk_div:dut_clk_div|counter[16] ; CLOCK_50     ; CLOCK_50    ; 0.000        ; 0.043      ; 0.427      ;
; 0.301 ; top:top_inst|clk_div:dut_clk_div|counter[22] ; top:top_inst|clk_div:dut_clk_div|counter[22] ; CLOCK_50     ; CLOCK_50    ; 0.000        ; 0.035      ; 0.420      ;
; 0.301 ; top:top_inst|clk_div:dut_clk_div|counter[24] ; top:top_inst|clk_div:dut_clk_div|counter[24] ; CLOCK_50     ; CLOCK_50    ; 0.000        ; 0.043      ; 0.428      ;
; 0.304 ; top:top_inst|clk_div:dut_clk_div|counter[13] ; top:top_inst|clk_div:dut_clk_div|counter[13] ; CLOCK_50     ; CLOCK_50    ; 0.000        ; 0.036      ; 0.424      ;
; 0.305 ; top:top_inst|clk_div:dut_clk_div|counter[5]  ; top:top_inst|clk_div:dut_clk_div|counter[5]  ; CLOCK_50     ; CLOCK_50    ; 0.000        ; 0.036      ; 0.425      ;
; 0.306 ; top:top_inst|clk_div:dut_clk_div|counter[12] ; top:top_inst|clk_div:dut_clk_div|counter[12] ; CLOCK_50     ; CLOCK_50    ; 0.000        ; 0.036      ; 0.426      ;
; 0.307 ; top:top_inst|clk_div:dut_clk_div|counter[2]  ; top:top_inst|clk_div:dut_clk_div|counter[2]  ; CLOCK_50     ; CLOCK_50    ; 0.000        ; 0.036      ; 0.427      ;
; 0.307 ; top:top_inst|clk_div:dut_clk_div|counter[14] ; top:top_inst|clk_div:dut_clk_div|counter[14] ; CLOCK_50     ; CLOCK_50    ; 0.000        ; 0.035      ; 0.426      ;
; 0.311 ; top:top_inst|clk_div:dut_clk_div|counter[0]  ; top:top_inst|clk_div:dut_clk_div|counter[0]  ; CLOCK_50     ; CLOCK_50    ; 0.000        ; 0.036      ; 0.431      ;
; 0.311 ; top:top_inst|clk_div:dut_clk_div|counter[6]  ; top:top_inst|clk_div:dut_clk_div|counter[6]  ; CLOCK_50     ; CLOCK_50    ; 0.000        ; 0.036      ; 0.431      ;
; 0.315 ; top:top_inst|clk_div:dut_clk_div|counter[11] ; top:top_inst|clk_div:dut_clk_div|counter[11] ; CLOCK_50     ; CLOCK_50    ; 0.000        ; 0.036      ; 0.435      ;
; 0.324 ; top:top_inst|clk_div:dut_clk_div|counter[13] ; top:top_inst|clk_div:dut_clk_div|counter[16] ; CLOCK_50     ; CLOCK_50    ; 0.000        ; 0.231      ; 0.639      ;
; 0.326 ; top:top_inst|clk_div:dut_clk_div|counter[20] ; top:top_inst|clk_div:dut_clk_div|counter[23] ; CLOCK_50     ; CLOCK_50    ; 0.000        ; 0.233      ; 0.643      ;
; 0.327 ; top:top_inst|clk_div:dut_clk_div|counter[22] ; top:top_inst|clk_div:dut_clk_div|counter[25] ; CLOCK_50     ; CLOCK_50    ; 0.000        ; 0.233      ; 0.644      ;
; 0.329 ; top:top_inst|clk_div:dut_clk_div|counter[20] ; top:top_inst|clk_div:dut_clk_div|counter[24] ; CLOCK_50     ; CLOCK_50    ; 0.000        ; 0.233      ; 0.646      ;
; 0.330 ; top:top_inst|clk_div:dut_clk_div|counter[22] ; top:top_inst|clk_div:dut_clk_div|counter[26] ; CLOCK_50     ; CLOCK_50    ; 0.000        ; 0.233      ; 0.647      ;
; 0.333 ; top:top_inst|clk_div:dut_clk_div|counter[14] ; top:top_inst|clk_div:dut_clk_div|counter[17] ; CLOCK_50     ; CLOCK_50    ; 0.000        ; 0.233      ; 0.650      ;
; 0.336 ; top:top_inst|clk_div:dut_clk_div|counter[14] ; top:top_inst|clk_div:dut_clk_div|counter[18] ; CLOCK_50     ; CLOCK_50    ; 0.000        ; 0.233      ; 0.653      ;
; 0.338 ; top:top_inst|clk_div:dut_clk_div|counter[12] ; top:top_inst|clk_div:dut_clk_div|counter[16] ; CLOCK_50     ; CLOCK_50    ; 0.000        ; 0.231      ; 0.653      ;
; 0.368 ; top:top_inst|clk_div:dut_clk_div|counter[10] ; top:top_inst|clk_div:dut_clk_div|counter[10] ; CLOCK_50     ; CLOCK_50    ; 0.000        ; 0.036      ; 0.488      ;
; 0.372 ; top:top_inst|clk_div:dut_clk_div|counter[9]  ; top:top_inst|clk_div:dut_clk_div|counter[9]  ; CLOCK_50     ; CLOCK_50    ; 0.000        ; 0.036      ; 0.492      ;
; 0.373 ; top:top_inst|clk_div:dut_clk_div|counter[8]  ; top:top_inst|clk_div:dut_clk_div|counter[8]  ; CLOCK_50     ; CLOCK_50    ; 0.000        ; 0.036      ; 0.493      ;
; 0.387 ; top:top_inst|clk_div:dut_clk_div|counter[13] ; top:top_inst|clk_div:dut_clk_div|counter[17] ; CLOCK_50     ; CLOCK_50    ; 0.000        ; 0.231      ; 0.702      ;
; 0.390 ; top:top_inst|clk_div:dut_clk_div|counter[13] ; top:top_inst|clk_div:dut_clk_div|counter[18] ; CLOCK_50     ; CLOCK_50    ; 0.000        ; 0.231      ; 0.705      ;
; 0.392 ; top:top_inst|clk_div:dut_clk_div|counter[20] ; top:top_inst|clk_div:dut_clk_div|counter[25] ; CLOCK_50     ; CLOCK_50    ; 0.000        ; 0.233      ; 0.709      ;
; 0.393 ; top:top_inst|clk_div:dut_clk_div|counter[22] ; top:top_inst|clk_div:dut_clk_div|counter[27] ; CLOCK_50     ; CLOCK_50    ; 0.000        ; 0.233      ; 0.710      ;
; 0.395 ; top:top_inst|clk_div:dut_clk_div|counter[20] ; top:top_inst|clk_div:dut_clk_div|counter[26] ; CLOCK_50     ; CLOCK_50    ; 0.000        ; 0.233      ; 0.712      ;
; 0.399 ; top:top_inst|clk_div:dut_clk_div|counter[14] ; top:top_inst|clk_div:dut_clk_div|counter[19] ; CLOCK_50     ; CLOCK_50    ; 0.000        ; 0.233      ; 0.716      ;
; 0.401 ; top:top_inst|clk_div:dut_clk_div|counter[11] ; top:top_inst|clk_div:dut_clk_div|counter[16] ; CLOCK_50     ; CLOCK_50    ; 0.000        ; 0.231      ; 0.716      ;
; 0.401 ; top:top_inst|clk_div:dut_clk_div|counter[12] ; top:top_inst|clk_div:dut_clk_div|counter[17] ; CLOCK_50     ; CLOCK_50    ; 0.000        ; 0.231      ; 0.716      ;
; 0.404 ; top:top_inst|clk_div:dut_clk_div|counter[12] ; top:top_inst|clk_div:dut_clk_div|counter[18] ; CLOCK_50     ; CLOCK_50    ; 0.000        ; 0.231      ; 0.719      ;
; 0.446 ; top:top_inst|clk_div:dut_clk_div|counter[1]  ; top:top_inst|clk_div:dut_clk_div|counter[2]  ; CLOCK_50     ; CLOCK_50    ; 0.000        ; 0.036      ; 0.566      ;
; 0.447 ; top:top_inst|clk_div:dut_clk_div|counter[17] ; top:top_inst|clk_div:dut_clk_div|counter[18] ; CLOCK_50     ; CLOCK_50    ; 0.000        ; 0.043      ; 0.574      ;
; 0.448 ; top:top_inst|clk_div:dut_clk_div|counter[25] ; top:top_inst|clk_div:dut_clk_div|counter[26] ; CLOCK_50     ; CLOCK_50    ; 0.000        ; 0.043      ; 0.575      ;
; 0.448 ; top:top_inst|clk_div:dut_clk_div|counter[7]  ; top:top_inst|clk_div:dut_clk_div|counter[8]  ; CLOCK_50     ; CLOCK_50    ; 0.000        ; 0.036      ; 0.568      ;
; 0.449 ; top:top_inst|clk_div:dut_clk_div|counter[23] ; top:top_inst|clk_div:dut_clk_div|counter[24] ; CLOCK_50     ; CLOCK_50    ; 0.000        ; 0.043      ; 0.576      ;
; 0.453 ; top:top_inst|clk_div:dut_clk_div|counter[13] ; top:top_inst|clk_div:dut_clk_div|counter[19] ; CLOCK_50     ; CLOCK_50    ; 0.000        ; 0.231      ; 0.768      ;
; 0.454 ; top:top_inst|clk_div:dut_clk_div|counter[5]  ; top:top_inst|clk_div:dut_clk_div|counter[6]  ; CLOCK_50     ; CLOCK_50    ; 0.000        ; 0.036      ; 0.574      ;
; 0.456 ; top:top_inst|clk_div:dut_clk_div|counter[13] ; top:top_inst|clk_div:dut_clk_div|counter[14] ; CLOCK_50     ; CLOCK_50    ; 0.000        ; 0.033      ; 0.573      ;
; 0.458 ; top:top_inst|clk_div:dut_clk_div|counter[0]  ; top:top_inst|clk_div:dut_clk_div|counter[1]  ; CLOCK_50     ; CLOCK_50    ; 0.000        ; 0.036      ; 0.578      ;
; 0.458 ; top:top_inst|clk_div:dut_clk_div|counter[16] ; top:top_inst|clk_div:dut_clk_div|counter[17] ; CLOCK_50     ; CLOCK_50    ; 0.000        ; 0.043      ; 0.585      ;
; 0.458 ; top:top_inst|clk_div:dut_clk_div|counter[26] ; top:top_inst|clk_div:dut_clk_div|counter[27] ; CLOCK_50     ; CLOCK_50    ; 0.000        ; 0.043      ; 0.585      ;
; 0.458 ; top:top_inst|clk_div:dut_clk_div|counter[20] ; top:top_inst|clk_div:dut_clk_div|counter[27] ; CLOCK_50     ; CLOCK_50    ; 0.000        ; 0.233      ; 0.775      ;
; 0.458 ; top:top_inst|clk_div:dut_clk_div|counter[18] ; top:top_inst|clk_div:dut_clk_div|counter[19] ; CLOCK_50     ; CLOCK_50    ; 0.000        ; 0.043      ; 0.585      ;
; 0.459 ; top:top_inst|clk_div:dut_clk_div|counter[24] ; top:top_inst|clk_div:dut_clk_div|counter[25] ; CLOCK_50     ; CLOCK_50    ; 0.000        ; 0.043      ; 0.586      ;
; 0.461 ; top:top_inst|clk_div:dut_clk_div|counter[20] ; top:top_inst|clk_div:dut_clk_div|counter[22] ; CLOCK_50     ; CLOCK_50    ; 0.000        ; 0.035      ; 0.580      ;
; 0.461 ; top:top_inst|clk_div:dut_clk_div|counter[16] ; top:top_inst|clk_div:dut_clk_div|counter[18] ; CLOCK_50     ; CLOCK_50    ; 0.000        ; 0.043      ; 0.588      ;
; 0.461 ; top:top_inst|clk_div:dut_clk_div|counter[0]  ; top:top_inst|clk_div:dut_clk_div|counter[2]  ; CLOCK_50     ; CLOCK_50    ; 0.000        ; 0.036      ; 0.581      ;
; 0.462 ; top:top_inst|clk_div:dut_clk_div|counter[24] ; top:top_inst|clk_div:dut_clk_div|counter[26] ; CLOCK_50     ; CLOCK_50    ; 0.000        ; 0.043      ; 0.589      ;
; 0.464 ; top:top_inst|clk_div:dut_clk_div|counter[15] ; top:top_inst|clk_div:dut_clk_div|counter[16] ; CLOCK_50     ; CLOCK_50    ; 0.000        ; 0.230      ; 0.778      ;
; 0.464 ; top:top_inst|clk_div:dut_clk_div|counter[12] ; top:top_inst|clk_div:dut_clk_div|counter[13] ; CLOCK_50     ; CLOCK_50    ; 0.000        ; 0.036      ; 0.584      ;
; 0.464 ; top:top_inst|clk_div:dut_clk_div|counter[11] ; top:top_inst|clk_div:dut_clk_div|counter[12] ; CLOCK_50     ; CLOCK_50    ; 0.000        ; 0.036      ; 0.584      ;
; 0.464 ; top:top_inst|clk_div:dut_clk_div|counter[11] ; top:top_inst|clk_div:dut_clk_div|counter[17] ; CLOCK_50     ; CLOCK_50    ; 0.000        ; 0.231      ; 0.779      ;
; 0.465 ; top:top_inst|clk_div:dut_clk_div|counter[14] ; top:top_inst|clk_div:dut_clk_div|counter[21] ; CLOCK_50     ; CLOCK_50    ; 0.000        ; 0.233      ; 0.782      ;
; 0.466 ; top:top_inst|clk_div:dut_clk_div|counter[10] ; top:top_inst|clk_div:dut_clk_div|counter[16] ; CLOCK_50     ; CLOCK_50    ; 0.000        ; 0.231      ; 0.781      ;
; 0.467 ; top:top_inst|clk_div:dut_clk_div|counter[11] ; top:top_inst|clk_div:dut_clk_div|counter[18] ; CLOCK_50     ; CLOCK_50    ; 0.000        ; 0.231      ; 0.782      ;
; 0.467 ; top:top_inst|clk_div:dut_clk_div|counter[12] ; top:top_inst|clk_div:dut_clk_div|counter[19] ; CLOCK_50     ; CLOCK_50    ; 0.000        ; 0.231      ; 0.782      ;
; 0.469 ; top:top_inst|clk_div:dut_clk_div|counter[6]  ; top:top_inst|clk_div:dut_clk_div|counter[7]  ; CLOCK_50     ; CLOCK_50    ; 0.000        ; 0.036      ; 0.589      ;
; 0.470 ; top:top_inst|clk_div:dut_clk_div|counter[12] ; top:top_inst|clk_div:dut_clk_div|counter[14] ; CLOCK_50     ; CLOCK_50    ; 0.000        ; 0.033      ; 0.587      ;
; 0.472 ; top:top_inst|clk_div:dut_clk_div|counter[6]  ; top:top_inst|clk_div:dut_clk_div|counter[8]  ; CLOCK_50     ; CLOCK_50    ; 0.000        ; 0.036      ; 0.592      ;
; 0.502 ; top:top_inst|clk_div:dut_clk_div|counter[19] ; top:top_inst|clk_div:dut_clk_div|counter[21] ; CLOCK_50     ; CLOCK_50    ; 0.000        ; 0.043      ; 0.629      ;
; 0.504 ; top:top_inst|clk_div:dut_clk_div|counter[21] ; top:top_inst|clk_div:dut_clk_div|counter[23] ; CLOCK_50     ; CLOCK_50    ; 0.000        ; 0.043      ; 0.631      ;
; 0.507 ; top:top_inst|clk_div:dut_clk_div|counter[21] ; top:top_inst|clk_div:dut_clk_div|counter[24] ; CLOCK_50     ; CLOCK_50    ; 0.000        ; 0.043      ; 0.634      ;
; 0.510 ; top:top_inst|clk_div:dut_clk_div|counter[17] ; top:top_inst|clk_div:dut_clk_div|counter[19] ; CLOCK_50     ; CLOCK_50    ; 0.000        ; 0.043      ; 0.637      ;
; 0.511 ; top:top_inst|clk_div:dut_clk_div|counter[7]  ; top:top_inst|clk_div:dut_clk_div|counter[9]  ; CLOCK_50     ; CLOCK_50    ; 0.000        ; 0.036      ; 0.631      ;
; 0.511 ; top:top_inst|clk_div:dut_clk_div|counter[25] ; top:top_inst|clk_div:dut_clk_div|counter[27] ; CLOCK_50     ; CLOCK_50    ; 0.000        ; 0.043      ; 0.638      ;
; 0.512 ; top:top_inst|clk_div:dut_clk_div|counter[23] ; top:top_inst|clk_div:dut_clk_div|counter[25] ; CLOCK_50     ; CLOCK_50    ; 0.000        ; 0.043      ; 0.639      ;
; 0.514 ; top:top_inst|clk_div:dut_clk_div|counter[7]  ; top:top_inst|clk_div:dut_clk_div|counter[10] ; CLOCK_50     ; CLOCK_50    ; 0.000        ; 0.036      ; 0.634      ;
; 0.515 ; top:top_inst|clk_div:dut_clk_div|counter[23] ; top:top_inst|clk_div:dut_clk_div|counter[26] ; CLOCK_50     ; CLOCK_50    ; 0.000        ; 0.043      ; 0.642      ;
; 0.517 ; top:top_inst|clk_div:dut_clk_div|counter[7]  ; top:top_inst|clk_div:dut_clk_div|counter[16] ; CLOCK_50     ; CLOCK_50    ; 0.000        ; 0.231      ; 0.832      ;
; 0.517 ; top:top_inst|clk_div:dut_clk_div|counter[5]  ; top:top_inst|clk_div:dut_clk_div|counter[7]  ; CLOCK_50     ; CLOCK_50    ; 0.000        ; 0.036      ; 0.637      ;
; 0.519 ; top:top_inst|clk_div:dut_clk_div|counter[13] ; top:top_inst|clk_div:dut_clk_div|counter[21] ; CLOCK_50     ; CLOCK_50    ; 0.000        ; 0.231      ; 0.834      ;
; 0.520 ; top:top_inst|clk_div:dut_clk_div|counter[5]  ; top:top_inst|clk_div:dut_clk_div|counter[8]  ; CLOCK_50     ; CLOCK_50    ; 0.000        ; 0.036      ; 0.640      ;
; 0.521 ; top:top_inst|clk_div:dut_clk_div|counter[9]  ; top:top_inst|clk_div:dut_clk_div|counter[10] ; CLOCK_50     ; CLOCK_50    ; 0.000        ; 0.036      ; 0.641      ;
; 0.524 ; top:top_inst|clk_div:dut_clk_div|counter[16] ; top:top_inst|clk_div:dut_clk_div|counter[19] ; CLOCK_50     ; CLOCK_50    ; 0.000        ; 0.043      ; 0.651      ;
; 0.524 ; top:top_inst|clk_div:dut_clk_div|counter[18] ; top:top_inst|clk_div:dut_clk_div|counter[21] ; CLOCK_50     ; CLOCK_50    ; 0.000        ; 0.043      ; 0.651      ;
; 0.524 ; top:top_inst|clk_div:dut_clk_div|counter[9]  ; top:top_inst|clk_div:dut_clk_div|counter[16] ; CLOCK_50     ; CLOCK_50    ; 0.000        ; 0.231      ; 0.839      ;
; 0.525 ; top:top_inst|clk_div:dut_clk_div|counter[24] ; top:top_inst|clk_div:dut_clk_div|counter[27] ; CLOCK_50     ; CLOCK_50    ; 0.000        ; 0.043      ; 0.652      ;
; 0.526 ; top:top_inst|clk_div:dut_clk_div|counter[10] ; top:top_inst|clk_div:dut_clk_div|counter[11] ; CLOCK_50     ; CLOCK_50    ; 0.000        ; 0.036      ; 0.646      ;
; 0.527 ; top:top_inst|clk_div:dut_clk_div|counter[15] ; top:top_inst|clk_div:dut_clk_div|counter[17] ; CLOCK_50     ; CLOCK_50    ; 0.000        ; 0.230      ; 0.841      ;
; 0.527 ; top:top_inst|clk_div:dut_clk_div|counter[11] ; top:top_inst|clk_div:dut_clk_div|counter[13] ; CLOCK_50     ; CLOCK_50    ; 0.000        ; 0.036      ; 0.647      ;
; 0.529 ; top:top_inst|clk_div:dut_clk_div|counter[10] ; top:top_inst|clk_div:dut_clk_div|counter[12] ; CLOCK_50     ; CLOCK_50    ; 0.000        ; 0.036      ; 0.649      ;
; 0.529 ; top:top_inst|clk_div:dut_clk_div|counter[10] ; top:top_inst|clk_div:dut_clk_div|counter[17] ; CLOCK_50     ; CLOCK_50    ; 0.000        ; 0.231      ; 0.844      ;
; 0.530 ; top:top_inst|clk_div:dut_clk_div|counter[15] ; top:top_inst|clk_div:dut_clk_div|counter[18] ; CLOCK_50     ; CLOCK_50    ; 0.000        ; 0.230      ; 0.844      ;
; 0.530 ; top:top_inst|clk_div:dut_clk_div|counter[11] ; top:top_inst|clk_div:dut_clk_div|counter[19] ; CLOCK_50     ; CLOCK_50    ; 0.000        ; 0.231      ; 0.845      ;
+-------+----------------------------------------------+----------------------------------------------+--------------+-------------+--------------+------------+------------+


+----------------------------------------------------------------------------------------------------------------------------------+
; Fast 1200mV 0C Model Minimum Pulse Width: 'CLOCK_50'                                                                             ;
+--------+--------------+----------------+------------------+----------+------------+----------------------------------------------+
; Slack  ; Actual Width ; Required Width ; Type             ; Clock    ; Clock Edge ; Target                                       ;
+--------+--------------+----------------+------------------+----------+------------+----------------------------------------------+
; -3.000 ; 1.000        ; 4.000          ; Port Rate        ; CLOCK_50 ; Rise       ; CLOCK_50                                     ;
; -1.000 ; 1.000        ; 2.000          ; Min Period       ; CLOCK_50 ; Rise       ; top:top_inst|clk_div:dut_clk_div|counter[0]  ;
; -1.000 ; 1.000        ; 2.000          ; Min Period       ; CLOCK_50 ; Rise       ; top:top_inst|clk_div:dut_clk_div|counter[10] ;
; -1.000 ; 1.000        ; 2.000          ; Min Period       ; CLOCK_50 ; Rise       ; top:top_inst|clk_div:dut_clk_div|counter[11] ;
; -1.000 ; 1.000        ; 2.000          ; Min Period       ; CLOCK_50 ; Rise       ; top:top_inst|clk_div:dut_clk_div|counter[12] ;
; -1.000 ; 1.000        ; 2.000          ; Min Period       ; CLOCK_50 ; Rise       ; top:top_inst|clk_div:dut_clk_div|counter[13] ;
; -1.000 ; 1.000        ; 2.000          ; Min Period       ; CLOCK_50 ; Rise       ; top:top_inst|clk_div:dut_clk_div|counter[14] ;
; -1.000 ; 1.000        ; 2.000          ; Min Period       ; CLOCK_50 ; Rise       ; top:top_inst|clk_div:dut_clk_div|counter[15] ;
; -1.000 ; 1.000        ; 2.000          ; Min Period       ; CLOCK_50 ; Rise       ; top:top_inst|clk_div:dut_clk_div|counter[16] ;
; -1.000 ; 1.000        ; 2.000          ; Min Period       ; CLOCK_50 ; Rise       ; top:top_inst|clk_div:dut_clk_div|counter[17] ;
; -1.000 ; 1.000        ; 2.000          ; Min Period       ; CLOCK_50 ; Rise       ; top:top_inst|clk_div:dut_clk_div|counter[18] ;
; -1.000 ; 1.000        ; 2.000          ; Min Period       ; CLOCK_50 ; Rise       ; top:top_inst|clk_div:dut_clk_div|counter[19] ;
; -1.000 ; 1.000        ; 2.000          ; Min Period       ; CLOCK_50 ; Rise       ; top:top_inst|clk_div:dut_clk_div|counter[1]  ;
; -1.000 ; 1.000        ; 2.000          ; Min Period       ; CLOCK_50 ; Rise       ; top:top_inst|clk_div:dut_clk_div|counter[20] ;
; -1.000 ; 1.000        ; 2.000          ; Min Period       ; CLOCK_50 ; Rise       ; top:top_inst|clk_div:dut_clk_div|counter[21] ;
; -1.000 ; 1.000        ; 2.000          ; Min Period       ; CLOCK_50 ; Rise       ; top:top_inst|clk_div:dut_clk_div|counter[22] ;
; -1.000 ; 1.000        ; 2.000          ; Min Period       ; CLOCK_50 ; Rise       ; top:top_inst|clk_div:dut_clk_div|counter[23] ;
; -1.000 ; 1.000        ; 2.000          ; Min Period       ; CLOCK_50 ; Rise       ; top:top_inst|clk_div:dut_clk_div|counter[24] ;
; -1.000 ; 1.000        ; 2.000          ; Min Period       ; CLOCK_50 ; Rise       ; top:top_inst|clk_div:dut_clk_div|counter[25] ;
; -1.000 ; 1.000        ; 2.000          ; Min Period       ; CLOCK_50 ; Rise       ; top:top_inst|clk_div:dut_clk_div|counter[26] ;
; -1.000 ; 1.000        ; 2.000          ; Min Period       ; CLOCK_50 ; Rise       ; top:top_inst|clk_div:dut_clk_div|counter[27] ;
; -1.000 ; 1.000        ; 2.000          ; Min Period       ; CLOCK_50 ; Rise       ; top:top_inst|clk_div:dut_clk_div|counter[2]  ;
; -1.000 ; 1.000        ; 2.000          ; Min Period       ; CLOCK_50 ; Rise       ; top:top_inst|clk_div:dut_clk_div|counter[3]  ;
; -1.000 ; 1.000        ; 2.000          ; Min Period       ; CLOCK_50 ; Rise       ; top:top_inst|clk_div:dut_clk_div|counter[4]  ;
; -1.000 ; 1.000        ; 2.000          ; Min Period       ; CLOCK_50 ; Rise       ; top:top_inst|clk_div:dut_clk_div|counter[5]  ;
; -1.000 ; 1.000        ; 2.000          ; Min Period       ; CLOCK_50 ; Rise       ; top:top_inst|clk_div:dut_clk_div|counter[6]  ;
; -1.000 ; 1.000        ; 2.000          ; Min Period       ; CLOCK_50 ; Rise       ; top:top_inst|clk_div:dut_clk_div|counter[7]  ;
; -1.000 ; 1.000        ; 2.000          ; Min Period       ; CLOCK_50 ; Rise       ; top:top_inst|clk_div:dut_clk_div|counter[8]  ;
; -1.000 ; 1.000        ; 2.000          ; Min Period       ; CLOCK_50 ; Rise       ; top:top_inst|clk_div:dut_clk_div|counter[9]  ;
; -1.000 ; 1.000        ; 2.000          ; Min Period       ; CLOCK_50 ; Rise       ; top:top_inst|clk_div:dut_clk_div|out         ;
; -0.261 ; -0.077       ; 0.184          ; Low Pulse Width  ; CLOCK_50 ; Rise       ; top:top_inst|clk_div:dut_clk_div|counter[16] ;
; -0.261 ; -0.077       ; 0.184          ; Low Pulse Width  ; CLOCK_50 ; Rise       ; top:top_inst|clk_div:dut_clk_div|counter[17] ;
; -0.261 ; -0.077       ; 0.184          ; Low Pulse Width  ; CLOCK_50 ; Rise       ; top:top_inst|clk_div:dut_clk_div|counter[18] ;
; -0.261 ; -0.077       ; 0.184          ; Low Pulse Width  ; CLOCK_50 ; Rise       ; top:top_inst|clk_div:dut_clk_div|counter[19] ;
; -0.261 ; -0.077       ; 0.184          ; Low Pulse Width  ; CLOCK_50 ; Rise       ; top:top_inst|clk_div:dut_clk_div|counter[21] ;
; -0.261 ; -0.077       ; 0.184          ; Low Pulse Width  ; CLOCK_50 ; Rise       ; top:top_inst|clk_div:dut_clk_div|counter[23] ;
; -0.261 ; -0.077       ; 0.184          ; Low Pulse Width  ; CLOCK_50 ; Rise       ; top:top_inst|clk_div:dut_clk_div|counter[24] ;
; -0.261 ; -0.077       ; 0.184          ; Low Pulse Width  ; CLOCK_50 ; Rise       ; top:top_inst|clk_div:dut_clk_div|counter[25] ;
; -0.261 ; -0.077       ; 0.184          ; Low Pulse Width  ; CLOCK_50 ; Rise       ; top:top_inst|clk_div:dut_clk_div|counter[26] ;
; -0.261 ; -0.077       ; 0.184          ; Low Pulse Width  ; CLOCK_50 ; Rise       ; top:top_inst|clk_div:dut_clk_div|counter[27] ;
; -0.233 ; -0.049       ; 0.184          ; Low Pulse Width  ; CLOCK_50 ; Rise       ; top:top_inst|clk_div:dut_clk_div|counter[14] ;
; -0.233 ; -0.049       ; 0.184          ; Low Pulse Width  ; CLOCK_50 ; Rise       ; top:top_inst|clk_div:dut_clk_div|counter[20] ;
; -0.233 ; -0.049       ; 0.184          ; Low Pulse Width  ; CLOCK_50 ; Rise       ; top:top_inst|clk_div:dut_clk_div|counter[22] ;
; -0.232 ; -0.048       ; 0.184          ; Low Pulse Width  ; CLOCK_50 ; Rise       ; top:top_inst|clk_div:dut_clk_div|counter[0]  ;
; -0.232 ; -0.048       ; 0.184          ; Low Pulse Width  ; CLOCK_50 ; Rise       ; top:top_inst|clk_div:dut_clk_div|counter[10] ;
; -0.232 ; -0.048       ; 0.184          ; Low Pulse Width  ; CLOCK_50 ; Rise       ; top:top_inst|clk_div:dut_clk_div|counter[11] ;
; -0.232 ; -0.048       ; 0.184          ; Low Pulse Width  ; CLOCK_50 ; Rise       ; top:top_inst|clk_div:dut_clk_div|counter[12] ;
; -0.232 ; -0.048       ; 0.184          ; Low Pulse Width  ; CLOCK_50 ; Rise       ; top:top_inst|clk_div:dut_clk_div|counter[13] ;
; -0.232 ; -0.048       ; 0.184          ; Low Pulse Width  ; CLOCK_50 ; Rise       ; top:top_inst|clk_div:dut_clk_div|counter[15] ;
; -0.232 ; -0.048       ; 0.184          ; Low Pulse Width  ; CLOCK_50 ; Rise       ; top:top_inst|clk_div:dut_clk_div|counter[1]  ;
; -0.232 ; -0.048       ; 0.184          ; Low Pulse Width  ; CLOCK_50 ; Rise       ; top:top_inst|clk_div:dut_clk_div|counter[2]  ;
; -0.232 ; -0.048       ; 0.184          ; Low Pulse Width  ; CLOCK_50 ; Rise       ; top:top_inst|clk_div:dut_clk_div|counter[3]  ;
; -0.232 ; -0.048       ; 0.184          ; Low Pulse Width  ; CLOCK_50 ; Rise       ; top:top_inst|clk_div:dut_clk_div|counter[4]  ;
; -0.232 ; -0.048       ; 0.184          ; Low Pulse Width  ; CLOCK_50 ; Rise       ; top:top_inst|clk_div:dut_clk_div|counter[5]  ;
; -0.232 ; -0.048       ; 0.184          ; Low Pulse Width  ; CLOCK_50 ; Rise       ; top:top_inst|clk_div:dut_clk_div|counter[6]  ;
; -0.232 ; -0.048       ; 0.184          ; Low Pulse Width  ; CLOCK_50 ; Rise       ; top:top_inst|clk_div:dut_clk_div|counter[7]  ;
; -0.232 ; -0.048       ; 0.184          ; Low Pulse Width  ; CLOCK_50 ; Rise       ; top:top_inst|clk_div:dut_clk_div|counter[8]  ;
; -0.232 ; -0.048       ; 0.184          ; Low Pulse Width  ; CLOCK_50 ; Rise       ; top:top_inst|clk_div:dut_clk_div|counter[9]  ;
; -0.232 ; -0.048       ; 0.184          ; Low Pulse Width  ; CLOCK_50 ; Rise       ; top:top_inst|clk_div:dut_clk_div|out         ;
; -0.081 ; -0.081       ; 0.000          ; Low Pulse Width  ; CLOCK_50 ; Rise       ; top_inst|dut_clk_div|counter[16]|clk         ;
; -0.081 ; -0.081       ; 0.000          ; Low Pulse Width  ; CLOCK_50 ; Rise       ; top_inst|dut_clk_div|counter[17]|clk         ;
; -0.081 ; -0.081       ; 0.000          ; Low Pulse Width  ; CLOCK_50 ; Rise       ; top_inst|dut_clk_div|counter[18]|clk         ;
; -0.081 ; -0.081       ; 0.000          ; Low Pulse Width  ; CLOCK_50 ; Rise       ; top_inst|dut_clk_div|counter[19]|clk         ;
; -0.081 ; -0.081       ; 0.000          ; Low Pulse Width  ; CLOCK_50 ; Rise       ; top_inst|dut_clk_div|counter[21]|clk         ;
; -0.081 ; -0.081       ; 0.000          ; Low Pulse Width  ; CLOCK_50 ; Rise       ; top_inst|dut_clk_div|counter[23]|clk         ;
; -0.081 ; -0.081       ; 0.000          ; Low Pulse Width  ; CLOCK_50 ; Rise       ; top_inst|dut_clk_div|counter[24]|clk         ;
; -0.081 ; -0.081       ; 0.000          ; Low Pulse Width  ; CLOCK_50 ; Rise       ; top_inst|dut_clk_div|counter[25]|clk         ;
; -0.081 ; -0.081       ; 0.000          ; Low Pulse Width  ; CLOCK_50 ; Rise       ; top_inst|dut_clk_div|counter[26]|clk         ;
; -0.081 ; -0.081       ; 0.000          ; Low Pulse Width  ; CLOCK_50 ; Rise       ; top_inst|dut_clk_div|counter[27]|clk         ;
; -0.059 ; -0.059       ; 0.000          ; Low Pulse Width  ; CLOCK_50 ; Rise       ; CLOCK_50~input|o                             ;
; -0.053 ; -0.053       ; 0.000          ; Low Pulse Width  ; CLOCK_50 ; Rise       ; top_inst|dut_clk_div|counter[0]|clk          ;
; -0.053 ; -0.053       ; 0.000          ; Low Pulse Width  ; CLOCK_50 ; Rise       ; top_inst|dut_clk_div|counter[10]|clk         ;
; -0.053 ; -0.053       ; 0.000          ; Low Pulse Width  ; CLOCK_50 ; Rise       ; top_inst|dut_clk_div|counter[11]|clk         ;
; -0.053 ; -0.053       ; 0.000          ; Low Pulse Width  ; CLOCK_50 ; Rise       ; top_inst|dut_clk_div|counter[12]|clk         ;
; -0.053 ; -0.053       ; 0.000          ; Low Pulse Width  ; CLOCK_50 ; Rise       ; top_inst|dut_clk_div|counter[13]|clk         ;
; -0.053 ; -0.053       ; 0.000          ; Low Pulse Width  ; CLOCK_50 ; Rise       ; top_inst|dut_clk_div|counter[14]|clk         ;
; -0.053 ; -0.053       ; 0.000          ; Low Pulse Width  ; CLOCK_50 ; Rise       ; top_inst|dut_clk_div|counter[15]|clk         ;
; -0.053 ; -0.053       ; 0.000          ; Low Pulse Width  ; CLOCK_50 ; Rise       ; top_inst|dut_clk_div|counter[1]|clk          ;
; -0.053 ; -0.053       ; 0.000          ; Low Pulse Width  ; CLOCK_50 ; Rise       ; top_inst|dut_clk_div|counter[20]|clk         ;
; -0.053 ; -0.053       ; 0.000          ; Low Pulse Width  ; CLOCK_50 ; Rise       ; top_inst|dut_clk_div|counter[22]|clk         ;
; -0.053 ; -0.053       ; 0.000          ; Low Pulse Width  ; CLOCK_50 ; Rise       ; top_inst|dut_clk_div|counter[2]|clk          ;
; -0.053 ; -0.053       ; 0.000          ; Low Pulse Width  ; CLOCK_50 ; Rise       ; top_inst|dut_clk_div|counter[3]|clk          ;
; -0.053 ; -0.053       ; 0.000          ; Low Pulse Width  ; CLOCK_50 ; Rise       ; top_inst|dut_clk_div|counter[4]|clk          ;
; -0.053 ; -0.053       ; 0.000          ; Low Pulse Width  ; CLOCK_50 ; Rise       ; top_inst|dut_clk_div|counter[5]|clk          ;
; -0.053 ; -0.053       ; 0.000          ; Low Pulse Width  ; CLOCK_50 ; Rise       ; top_inst|dut_clk_div|counter[6]|clk          ;
; -0.053 ; -0.053       ; 0.000          ; Low Pulse Width  ; CLOCK_50 ; Rise       ; top_inst|dut_clk_div|counter[7]|clk          ;
; -0.053 ; -0.053       ; 0.000          ; Low Pulse Width  ; CLOCK_50 ; Rise       ; top_inst|dut_clk_div|counter[8]|clk          ;
; -0.053 ; -0.053       ; 0.000          ; Low Pulse Width  ; CLOCK_50 ; Rise       ; top_inst|dut_clk_div|counter[9]|clk          ;
; -0.053 ; -0.053       ; 0.000          ; Low Pulse Width  ; CLOCK_50 ; Rise       ; top_inst|dut_clk_div|out|clk                 ;
; -0.045 ; -0.045       ; 0.000          ; Low Pulse Width  ; CLOCK_50 ; Rise       ; CLOCK_50~inputclkctrl|inclk[0]               ;
; -0.045 ; -0.045       ; 0.000          ; Low Pulse Width  ; CLOCK_50 ; Rise       ; CLOCK_50~inputclkctrl|outclk                 ;
; 0.500  ; 0.500        ; 0.000          ; High Pulse Width ; CLOCK_50 ; Rise       ; CLOCK_50~input|i                             ;
; 0.500  ; 0.500        ; 0.000          ; Low Pulse Width  ; CLOCK_50 ; Rise       ; CLOCK_50~input|i                             ;
; 0.831  ; 1.047        ; 0.216          ; High Pulse Width ; CLOCK_50 ; Rise       ; top:top_inst|clk_div:dut_clk_div|counter[0]  ;
; 0.831  ; 1.047        ; 0.216          ; High Pulse Width ; CLOCK_50 ; Rise       ; top:top_inst|clk_div:dut_clk_div|counter[10] ;
; 0.831  ; 1.047        ; 0.216          ; High Pulse Width ; CLOCK_50 ; Rise       ; top:top_inst|clk_div:dut_clk_div|counter[11] ;
; 0.831  ; 1.047        ; 0.216          ; High Pulse Width ; CLOCK_50 ; Rise       ; top:top_inst|clk_div:dut_clk_div|counter[12] ;
; 0.831  ; 1.047        ; 0.216          ; High Pulse Width ; CLOCK_50 ; Rise       ; top:top_inst|clk_div:dut_clk_div|counter[13] ;
; 0.831  ; 1.047        ; 0.216          ; High Pulse Width ; CLOCK_50 ; Rise       ; top:top_inst|clk_div:dut_clk_div|counter[14] ;
; 0.831  ; 1.047        ; 0.216          ; High Pulse Width ; CLOCK_50 ; Rise       ; top:top_inst|clk_div:dut_clk_div|counter[15] ;
+--------+--------------+----------------+------------------+----------+------------+----------------------------------------------+


+--------------------------------------------------------------------------------------------------------------------------------------------------------------------------------------+
; Fast 1200mV 0C Model Minimum Pulse Width: 'top:top_inst|clk_div:dut_clk_div|out'                                                                                                     ;
+--------+--------------+----------------+------------+--------------------------------------+------------+----------------------------------------------------------------------------+
; Slack  ; Actual Width ; Required Width ; Type       ; Clock                                ; Clock Edge ; Target                                                                     ;
+--------+--------------+----------------+------------+--------------------------------------+------------+----------------------------------------------------------------------------+
; -1.000 ; 1.000        ; 2.000          ; Min Period ; top:top_inst|clk_div:dut_clk_div|out ; Rise       ; top:top_inst|cpu:dut_cpu|cnt_step_reg[0]                                   ;
; -1.000 ; 1.000        ; 2.000          ; Min Period ; top:top_inst|clk_div:dut_clk_div|out ; Rise       ; top:top_inst|cpu:dut_cpu|cnt_step_reg[1]                                   ;
; -1.000 ; 1.000        ; 2.000          ; Min Period ; top:top_inst|clk_div:dut_clk_div|out ; Rise       ; top:top_inst|cpu:dut_cpu|cnt_step_reg[2]                                   ;
; -1.000 ; 1.000        ; 2.000          ; Min Period ; top:top_inst|clk_div:dut_clk_div|out ; Rise       ; top:top_inst|cpu:dut_cpu|out_reg[0]                                        ;
; -1.000 ; 1.000        ; 2.000          ; Min Period ; top:top_inst|clk_div:dut_clk_div|out ; Rise       ; top:top_inst|cpu:dut_cpu|out_reg[1]                                        ;
; -1.000 ; 1.000        ; 2.000          ; Min Period ; top:top_inst|clk_div:dut_clk_div|out ; Rise       ; top:top_inst|cpu:dut_cpu|out_reg[2]                                        ;
; -1.000 ; 1.000        ; 2.000          ; Min Period ; top:top_inst|clk_div:dut_clk_div|out ; Rise       ; top:top_inst|cpu:dut_cpu|out_reg[3]                                        ;
; -1.000 ; 1.000        ; 2.000          ; Min Period ; top:top_inst|clk_div:dut_clk_div|out ; Rise       ; top:top_inst|cpu:dut_cpu|out_reg[4]                                        ;
; -1.000 ; 1.000        ; 2.000          ; Min Period ; top:top_inst|clk_div:dut_clk_div|out ; Rise       ; top:top_inst|cpu:dut_cpu|register:Aregister|out_reg[0]                     ;
; -1.000 ; 1.000        ; 2.000          ; Min Period ; top:top_inst|clk_div:dut_clk_div|out ; Rise       ; top:top_inst|cpu:dut_cpu|register:Aregister|out_reg[10]                    ;
; -1.000 ; 1.000        ; 2.000          ; Min Period ; top:top_inst|clk_div:dut_clk_div|out ; Rise       ; top:top_inst|cpu:dut_cpu|register:Aregister|out_reg[11]                    ;
; -1.000 ; 1.000        ; 2.000          ; Min Period ; top:top_inst|clk_div:dut_clk_div|out ; Rise       ; top:top_inst|cpu:dut_cpu|register:Aregister|out_reg[12]                    ;
; -1.000 ; 1.000        ; 2.000          ; Min Period ; top:top_inst|clk_div:dut_clk_div|out ; Rise       ; top:top_inst|cpu:dut_cpu|register:Aregister|out_reg[13]                    ;
; -1.000 ; 1.000        ; 2.000          ; Min Period ; top:top_inst|clk_div:dut_clk_div|out ; Rise       ; top:top_inst|cpu:dut_cpu|register:Aregister|out_reg[14]                    ;
; -1.000 ; 1.000        ; 2.000          ; Min Period ; top:top_inst|clk_div:dut_clk_div|out ; Rise       ; top:top_inst|cpu:dut_cpu|register:Aregister|out_reg[15]                    ;
; -1.000 ; 1.000        ; 2.000          ; Min Period ; top:top_inst|clk_div:dut_clk_div|out ; Rise       ; top:top_inst|cpu:dut_cpu|register:Aregister|out_reg[1]                     ;
; -1.000 ; 1.000        ; 2.000          ; Min Period ; top:top_inst|clk_div:dut_clk_div|out ; Rise       ; top:top_inst|cpu:dut_cpu|register:Aregister|out_reg[2]                     ;
; -1.000 ; 1.000        ; 2.000          ; Min Period ; top:top_inst|clk_div:dut_clk_div|out ; Rise       ; top:top_inst|cpu:dut_cpu|register:Aregister|out_reg[3]                     ;
; -1.000 ; 1.000        ; 2.000          ; Min Period ; top:top_inst|clk_div:dut_clk_div|out ; Rise       ; top:top_inst|cpu:dut_cpu|register:Aregister|out_reg[4]                     ;
; -1.000 ; 1.000        ; 2.000          ; Min Period ; top:top_inst|clk_div:dut_clk_div|out ; Rise       ; top:top_inst|cpu:dut_cpu|register:Aregister|out_reg[5]                     ;
; -1.000 ; 1.000        ; 2.000          ; Min Period ; top:top_inst|clk_div:dut_clk_div|out ; Rise       ; top:top_inst|cpu:dut_cpu|register:Aregister|out_reg[6]                     ;
; -1.000 ; 1.000        ; 2.000          ; Min Period ; top:top_inst|clk_div:dut_clk_div|out ; Rise       ; top:top_inst|cpu:dut_cpu|register:Aregister|out_reg[7]                     ;
; -1.000 ; 1.000        ; 2.000          ; Min Period ; top:top_inst|clk_div:dut_clk_div|out ; Rise       ; top:top_inst|cpu:dut_cpu|register:Aregister|out_reg[8]                     ;
; -1.000 ; 1.000        ; 2.000          ; Min Period ; top:top_inst|clk_div:dut_clk_div|out ; Rise       ; top:top_inst|cpu:dut_cpu|register:Aregister|out_reg[9]                     ;
; -1.000 ; 1.000        ; 2.000          ; Min Period ; top:top_inst|clk_div:dut_clk_div|out ; Rise       ; top:top_inst|cpu:dut_cpu|register:FirstOPregister|out_reg[0]               ;
; -1.000 ; 1.000        ; 2.000          ; Min Period ; top:top_inst|clk_div:dut_clk_div|out ; Rise       ; top:top_inst|cpu:dut_cpu|register:FirstOPregister|out_reg[0]~_Duplicate_1  ;
; -1.000 ; 1.000        ; 2.000          ; Min Period ; top:top_inst|clk_div:dut_clk_div|out ; Rise       ; top:top_inst|cpu:dut_cpu|register:FirstOPregister|out_reg[10]              ;
; -1.000 ; 1.000        ; 2.000          ; Min Period ; top:top_inst|clk_div:dut_clk_div|out ; Rise       ; top:top_inst|cpu:dut_cpu|register:FirstOPregister|out_reg[10]~_Duplicate_1 ;
; -1.000 ; 1.000        ; 2.000          ; Min Period ; top:top_inst|clk_div:dut_clk_div|out ; Rise       ; top:top_inst|cpu:dut_cpu|register:FirstOPregister|out_reg[11]              ;
; -1.000 ; 1.000        ; 2.000          ; Min Period ; top:top_inst|clk_div:dut_clk_div|out ; Rise       ; top:top_inst|cpu:dut_cpu|register:FirstOPregister|out_reg[11]~_Duplicate_1 ;
; -1.000 ; 1.000        ; 2.000          ; Min Period ; top:top_inst|clk_div:dut_clk_div|out ; Rise       ; top:top_inst|cpu:dut_cpu|register:FirstOPregister|out_reg[12]              ;
; -1.000 ; 1.000        ; 2.000          ; Min Period ; top:top_inst|clk_div:dut_clk_div|out ; Rise       ; top:top_inst|cpu:dut_cpu|register:FirstOPregister|out_reg[12]~_Duplicate_1 ;
; -1.000 ; 1.000        ; 2.000          ; Min Period ; top:top_inst|clk_div:dut_clk_div|out ; Rise       ; top:top_inst|cpu:dut_cpu|register:FirstOPregister|out_reg[13]              ;
; -1.000 ; 1.000        ; 2.000          ; Min Period ; top:top_inst|clk_div:dut_clk_div|out ; Rise       ; top:top_inst|cpu:dut_cpu|register:FirstOPregister|out_reg[13]~_Duplicate_1 ;
; -1.000 ; 1.000        ; 2.000          ; Min Period ; top:top_inst|clk_div:dut_clk_div|out ; Rise       ; top:top_inst|cpu:dut_cpu|register:FirstOPregister|out_reg[14]              ;
; -1.000 ; 1.000        ; 2.000          ; Min Period ; top:top_inst|clk_div:dut_clk_div|out ; Rise       ; top:top_inst|cpu:dut_cpu|register:FirstOPregister|out_reg[14]~_Duplicate_1 ;
; -1.000 ; 1.000        ; 2.000          ; Min Period ; top:top_inst|clk_div:dut_clk_div|out ; Rise       ; top:top_inst|cpu:dut_cpu|register:FirstOPregister|out_reg[15]              ;
; -1.000 ; 1.000        ; 2.000          ; Min Period ; top:top_inst|clk_div:dut_clk_div|out ; Rise       ; top:top_inst|cpu:dut_cpu|register:FirstOPregister|out_reg[15]~_Duplicate_1 ;
; -1.000 ; 1.000        ; 2.000          ; Min Period ; top:top_inst|clk_div:dut_clk_div|out ; Rise       ; top:top_inst|cpu:dut_cpu|register:FirstOPregister|out_reg[1]               ;
; -1.000 ; 1.000        ; 2.000          ; Min Period ; top:top_inst|clk_div:dut_clk_div|out ; Rise       ; top:top_inst|cpu:dut_cpu|register:FirstOPregister|out_reg[1]~_Duplicate_1  ;
; -1.000 ; 1.000        ; 2.000          ; Min Period ; top:top_inst|clk_div:dut_clk_div|out ; Rise       ; top:top_inst|cpu:dut_cpu|register:FirstOPregister|out_reg[2]               ;
; -1.000 ; 1.000        ; 2.000          ; Min Period ; top:top_inst|clk_div:dut_clk_div|out ; Rise       ; top:top_inst|cpu:dut_cpu|register:FirstOPregister|out_reg[2]~_Duplicate_1  ;
; -1.000 ; 1.000        ; 2.000          ; Min Period ; top:top_inst|clk_div:dut_clk_div|out ; Rise       ; top:top_inst|cpu:dut_cpu|register:FirstOPregister|out_reg[3]               ;
; -1.000 ; 1.000        ; 2.000          ; Min Period ; top:top_inst|clk_div:dut_clk_div|out ; Rise       ; top:top_inst|cpu:dut_cpu|register:FirstOPregister|out_reg[3]~_Duplicate_1  ;
; -1.000 ; 1.000        ; 2.000          ; Min Period ; top:top_inst|clk_div:dut_clk_div|out ; Rise       ; top:top_inst|cpu:dut_cpu|register:FirstOPregister|out_reg[4]               ;
; -1.000 ; 1.000        ; 2.000          ; Min Period ; top:top_inst|clk_div:dut_clk_div|out ; Rise       ; top:top_inst|cpu:dut_cpu|register:FirstOPregister|out_reg[4]~_Duplicate_1  ;
; -1.000 ; 1.000        ; 2.000          ; Min Period ; top:top_inst|clk_div:dut_clk_div|out ; Rise       ; top:top_inst|cpu:dut_cpu|register:FirstOPregister|out_reg[5]               ;
; -1.000 ; 1.000        ; 2.000          ; Min Period ; top:top_inst|clk_div:dut_clk_div|out ; Rise       ; top:top_inst|cpu:dut_cpu|register:FirstOPregister|out_reg[5]~_Duplicate_1  ;
; -1.000 ; 1.000        ; 2.000          ; Min Period ; top:top_inst|clk_div:dut_clk_div|out ; Rise       ; top:top_inst|cpu:dut_cpu|register:FirstOPregister|out_reg[6]               ;
; -1.000 ; 1.000        ; 2.000          ; Min Period ; top:top_inst|clk_div:dut_clk_div|out ; Rise       ; top:top_inst|cpu:dut_cpu|register:FirstOPregister|out_reg[6]~_Duplicate_1  ;
; -1.000 ; 1.000        ; 2.000          ; Min Period ; top:top_inst|clk_div:dut_clk_div|out ; Rise       ; top:top_inst|cpu:dut_cpu|register:FirstOPregister|out_reg[7]               ;
; -1.000 ; 1.000        ; 2.000          ; Min Period ; top:top_inst|clk_div:dut_clk_div|out ; Rise       ; top:top_inst|cpu:dut_cpu|register:FirstOPregister|out_reg[7]~_Duplicate_1  ;
; -1.000 ; 1.000        ; 2.000          ; Min Period ; top:top_inst|clk_div:dut_clk_div|out ; Rise       ; top:top_inst|cpu:dut_cpu|register:FirstOPregister|out_reg[8]               ;
; -1.000 ; 1.000        ; 2.000          ; Min Period ; top:top_inst|clk_div:dut_clk_div|out ; Rise       ; top:top_inst|cpu:dut_cpu|register:FirstOPregister|out_reg[8]~_Duplicate_1  ;
; -1.000 ; 1.000        ; 2.000          ; Min Period ; top:top_inst|clk_div:dut_clk_div|out ; Rise       ; top:top_inst|cpu:dut_cpu|register:FirstOPregister|out_reg[9]               ;
; -1.000 ; 1.000        ; 2.000          ; Min Period ; top:top_inst|clk_div:dut_clk_div|out ; Rise       ; top:top_inst|cpu:dut_cpu|register:FirstOPregister|out_reg[9]~_Duplicate_1  ;
; -1.000 ; 1.000        ; 2.000          ; Min Period ; top:top_inst|clk_div:dut_clk_div|out ; Rise       ; top:top_inst|cpu:dut_cpu|register:IRHIGHregister|out_reg[0]                ;
; -1.000 ; 1.000        ; 2.000          ; Min Period ; top:top_inst|clk_div:dut_clk_div|out ; Rise       ; top:top_inst|cpu:dut_cpu|register:IRHIGHregister|out_reg[10]               ;
; -1.000 ; 1.000        ; 2.000          ; Min Period ; top:top_inst|clk_div:dut_clk_div|out ; Rise       ; top:top_inst|cpu:dut_cpu|register:IRHIGHregister|out_reg[11]               ;
; -1.000 ; 1.000        ; 2.000          ; Min Period ; top:top_inst|clk_div:dut_clk_div|out ; Rise       ; top:top_inst|cpu:dut_cpu|register:IRHIGHregister|out_reg[12]               ;
; -1.000 ; 1.000        ; 2.000          ; Min Period ; top:top_inst|clk_div:dut_clk_div|out ; Rise       ; top:top_inst|cpu:dut_cpu|register:IRHIGHregister|out_reg[13]               ;
; -1.000 ; 1.000        ; 2.000          ; Min Period ; top:top_inst|clk_div:dut_clk_div|out ; Rise       ; top:top_inst|cpu:dut_cpu|register:IRHIGHregister|out_reg[14]               ;
; -1.000 ; 1.000        ; 2.000          ; Min Period ; top:top_inst|clk_div:dut_clk_div|out ; Rise       ; top:top_inst|cpu:dut_cpu|register:IRHIGHregister|out_reg[15]               ;
; -1.000 ; 1.000        ; 2.000          ; Min Period ; top:top_inst|clk_div:dut_clk_div|out ; Rise       ; top:top_inst|cpu:dut_cpu|register:IRHIGHregister|out_reg[1]                ;
; -1.000 ; 1.000        ; 2.000          ; Min Period ; top:top_inst|clk_div:dut_clk_div|out ; Rise       ; top:top_inst|cpu:dut_cpu|register:IRHIGHregister|out_reg[2]                ;
; -1.000 ; 1.000        ; 2.000          ; Min Period ; top:top_inst|clk_div:dut_clk_div|out ; Rise       ; top:top_inst|cpu:dut_cpu|register:IRHIGHregister|out_reg[3]                ;
; -1.000 ; 1.000        ; 2.000          ; Min Period ; top:top_inst|clk_div:dut_clk_div|out ; Rise       ; top:top_inst|cpu:dut_cpu|register:IRHIGHregister|out_reg[4]                ;
; -1.000 ; 1.000        ; 2.000          ; Min Period ; top:top_inst|clk_div:dut_clk_div|out ; Rise       ; top:top_inst|cpu:dut_cpu|register:IRHIGHregister|out_reg[5]                ;
; -1.000 ; 1.000        ; 2.000          ; Min Period ; top:top_inst|clk_div:dut_clk_div|out ; Rise       ; top:top_inst|cpu:dut_cpu|register:IRHIGHregister|out_reg[6]                ;
; -1.000 ; 1.000        ; 2.000          ; Min Period ; top:top_inst|clk_div:dut_clk_div|out ; Rise       ; top:top_inst|cpu:dut_cpu|register:IRHIGHregister|out_reg[7]                ;
; -1.000 ; 1.000        ; 2.000          ; Min Period ; top:top_inst|clk_div:dut_clk_div|out ; Rise       ; top:top_inst|cpu:dut_cpu|register:IRHIGHregister|out_reg[8]                ;
; -1.000 ; 1.000        ; 2.000          ; Min Period ; top:top_inst|clk_div:dut_clk_div|out ; Rise       ; top:top_inst|cpu:dut_cpu|register:IRHIGHregister|out_reg[9]                ;
; -1.000 ; 1.000        ; 2.000          ; Min Period ; top:top_inst|clk_div:dut_clk_div|out ; Rise       ; top:top_inst|cpu:dut_cpu|register:IRLOWregister|out_reg[0]                 ;
; -1.000 ; 1.000        ; 2.000          ; Min Period ; top:top_inst|clk_div:dut_clk_div|out ; Rise       ; top:top_inst|cpu:dut_cpu|register:IRLOWregister|out_reg[10]                ;
; -1.000 ; 1.000        ; 2.000          ; Min Period ; top:top_inst|clk_div:dut_clk_div|out ; Rise       ; top:top_inst|cpu:dut_cpu|register:IRLOWregister|out_reg[11]                ;
; -1.000 ; 1.000        ; 2.000          ; Min Period ; top:top_inst|clk_div:dut_clk_div|out ; Rise       ; top:top_inst|cpu:dut_cpu|register:IRLOWregister|out_reg[12]                ;
; -1.000 ; 1.000        ; 2.000          ; Min Period ; top:top_inst|clk_div:dut_clk_div|out ; Rise       ; top:top_inst|cpu:dut_cpu|register:IRLOWregister|out_reg[13]                ;
; -1.000 ; 1.000        ; 2.000          ; Min Period ; top:top_inst|clk_div:dut_clk_div|out ; Rise       ; top:top_inst|cpu:dut_cpu|register:IRLOWregister|out_reg[14]                ;
; -1.000 ; 1.000        ; 2.000          ; Min Period ; top:top_inst|clk_div:dut_clk_div|out ; Rise       ; top:top_inst|cpu:dut_cpu|register:IRLOWregister|out_reg[15]                ;
; -1.000 ; 1.000        ; 2.000          ; Min Period ; top:top_inst|clk_div:dut_clk_div|out ; Rise       ; top:top_inst|cpu:dut_cpu|register:IRLOWregister|out_reg[1]                 ;
; -1.000 ; 1.000        ; 2.000          ; Min Period ; top:top_inst|clk_div:dut_clk_div|out ; Rise       ; top:top_inst|cpu:dut_cpu|register:IRLOWregister|out_reg[2]                 ;
; -1.000 ; 1.000        ; 2.000          ; Min Period ; top:top_inst|clk_div:dut_clk_div|out ; Rise       ; top:top_inst|cpu:dut_cpu|register:IRLOWregister|out_reg[3]                 ;
; -1.000 ; 1.000        ; 2.000          ; Min Period ; top:top_inst|clk_div:dut_clk_div|out ; Rise       ; top:top_inst|cpu:dut_cpu|register:IRLOWregister|out_reg[4]                 ;
; -1.000 ; 1.000        ; 2.000          ; Min Period ; top:top_inst|clk_div:dut_clk_div|out ; Rise       ; top:top_inst|cpu:dut_cpu|register:IRLOWregister|out_reg[5]                 ;
; -1.000 ; 1.000        ; 2.000          ; Min Period ; top:top_inst|clk_div:dut_clk_div|out ; Rise       ; top:top_inst|cpu:dut_cpu|register:IRLOWregister|out_reg[6]                 ;
; -1.000 ; 1.000        ; 2.000          ; Min Period ; top:top_inst|clk_div:dut_clk_div|out ; Rise       ; top:top_inst|cpu:dut_cpu|register:IRLOWregister|out_reg[7]                 ;
; -1.000 ; 1.000        ; 2.000          ; Min Period ; top:top_inst|clk_div:dut_clk_div|out ; Rise       ; top:top_inst|cpu:dut_cpu|register:IRLOWregister|out_reg[8]                 ;
; -1.000 ; 1.000        ; 2.000          ; Min Period ; top:top_inst|clk_div:dut_clk_div|out ; Rise       ; top:top_inst|cpu:dut_cpu|register:IRLOWregister|out_reg[9]                 ;
; -1.000 ; 1.000        ; 2.000          ; Min Period ; top:top_inst|clk_div:dut_clk_div|out ; Rise       ; top:top_inst|cpu:dut_cpu|register:PCregister|out_reg[0]                    ;
; -1.000 ; 1.000        ; 2.000          ; Min Period ; top:top_inst|clk_div:dut_clk_div|out ; Rise       ; top:top_inst|cpu:dut_cpu|register:PCregister|out_reg[1]                    ;
; -1.000 ; 1.000        ; 2.000          ; Min Period ; top:top_inst|clk_div:dut_clk_div|out ; Rise       ; top:top_inst|cpu:dut_cpu|register:PCregister|out_reg[2]                    ;
; -1.000 ; 1.000        ; 2.000          ; Min Period ; top:top_inst|clk_div:dut_clk_div|out ; Rise       ; top:top_inst|cpu:dut_cpu|register:PCregister|out_reg[3]                    ;
; -1.000 ; 1.000        ; 2.000          ; Min Period ; top:top_inst|clk_div:dut_clk_div|out ; Rise       ; top:top_inst|cpu:dut_cpu|register:PCregister|out_reg[4]                    ;
; -1.000 ; 1.000        ; 2.000          ; Min Period ; top:top_inst|clk_div:dut_clk_div|out ; Rise       ; top:top_inst|cpu:dut_cpu|register:PCregister|out_reg[5]                    ;
; -1.000 ; 1.000        ; 2.000          ; Min Period ; top:top_inst|clk_div:dut_clk_div|out ; Rise       ; top:top_inst|cpu:dut_cpu|register:SPregister|out_reg[5]                    ;
; -1.000 ; 1.000        ; 2.000          ; Min Period ; top:top_inst|clk_div:dut_clk_div|out ; Rise       ; top:top_inst|cpu:dut_cpu|register:SecondOPregister|out_reg[0]              ;
; -1.000 ; 1.000        ; 2.000          ; Min Period ; top:top_inst|clk_div:dut_clk_div|out ; Rise       ; top:top_inst|cpu:dut_cpu|register:SecondOPregister|out_reg[10]             ;
; -1.000 ; 1.000        ; 2.000          ; Min Period ; top:top_inst|clk_div:dut_clk_div|out ; Rise       ; top:top_inst|cpu:dut_cpu|register:SecondOPregister|out_reg[11]             ;
; -1.000 ; 1.000        ; 2.000          ; Min Period ; top:top_inst|clk_div:dut_clk_div|out ; Rise       ; top:top_inst|cpu:dut_cpu|register:SecondOPregister|out_reg[12]             ;
; -1.000 ; 1.000        ; 2.000          ; Min Period ; top:top_inst|clk_div:dut_clk_div|out ; Rise       ; top:top_inst|cpu:dut_cpu|register:SecondOPregister|out_reg[13]             ;
+--------+--------------+----------------+------------+--------------------------------------+------------+----------------------------------------------------------------------------+


+----------------------------------------------------------------------------------------------------------------------+
; Setup Times                                                                                                          ;
+-----------+--------------------------------------+-------+-------+------------+--------------------------------------+
; Data Port ; Clock Port                           ; Rise  ; Fall  ; Clock Edge ; Clock Reference                      ;
+-----------+--------------------------------------+-------+-------+------------+--------------------------------------+
; SW[*]     ; top:top_inst|clk_div:dut_clk_div|out ; 2.648 ; 3.624 ; Rise       ; top:top_inst|clk_div:dut_clk_div|out ;
;  SW[0]    ; top:top_inst|clk_div:dut_clk_div|out ; 2.648 ; 3.624 ; Rise       ; top:top_inst|clk_div:dut_clk_div|out ;
;  SW[1]    ; top:top_inst|clk_div:dut_clk_div|out ; 2.394 ; 3.322 ; Rise       ; top:top_inst|clk_div:dut_clk_div|out ;
;  SW[2]    ; top:top_inst|clk_div:dut_clk_div|out ; 2.442 ; 3.397 ; Rise       ; top:top_inst|clk_div:dut_clk_div|out ;
;  SW[3]    ; top:top_inst|clk_div:dut_clk_div|out ; 2.075 ; 3.029 ; Rise       ; top:top_inst|clk_div:dut_clk_div|out ;
+-----------+--------------------------------------+-------+-------+------------+--------------------------------------+


+------------------------------------------------------------------------------------------------------------------------+
; Hold Times                                                                                                             ;
+-----------+--------------------------------------+--------+--------+------------+--------------------------------------+
; Data Port ; Clock Port                           ; Rise   ; Fall   ; Clock Edge ; Clock Reference                      ;
+-----------+--------------------------------------+--------+--------+------------+--------------------------------------+
; SW[*]     ; top:top_inst|clk_div:dut_clk_div|out ; -0.913 ; -1.740 ; Rise       ; top:top_inst|clk_div:dut_clk_div|out ;
;  SW[0]    ; top:top_inst|clk_div:dut_clk_div|out ; -0.913 ; -1.740 ; Rise       ; top:top_inst|clk_div:dut_clk_div|out ;
;  SW[1]    ; top:top_inst|clk_div:dut_clk_div|out ; -1.067 ; -1.902 ; Rise       ; top:top_inst|clk_div:dut_clk_div|out ;
;  SW[2]    ; top:top_inst|clk_div:dut_clk_div|out ; -1.006 ; -1.842 ; Rise       ; top:top_inst|clk_div:dut_clk_div|out ;
;  SW[3]    ; top:top_inst|clk_div:dut_clk_div|out ; -1.127 ; -1.995 ; Rise       ; top:top_inst|clk_div:dut_clk_div|out ;
+-----------+--------------------------------------+--------+--------+------------+--------------------------------------+


+-----------------------------------------------------------------------------------------------------------------------+
; Clock to Output Times                                                                                                 ;
+------------+--------------------------------------+-------+-------+------------+--------------------------------------+
; Data Port  ; Clock Port                           ; Rise  ; Fall  ; Clock Edge ; Clock Reference                      ;
+------------+--------------------------------------+-------+-------+------------+--------------------------------------+
; HEX0_D[*]  ; top:top_inst|clk_div:dut_clk_div|out ; 8.405 ; 8.389 ; Rise       ; top:top_inst|clk_div:dut_clk_div|out ;
;  HEX0_D[0] ; top:top_inst|clk_div:dut_clk_div|out ; 8.403 ; 8.387 ; Rise       ; top:top_inst|clk_div:dut_clk_div|out ;
;  HEX0_D[1] ; top:top_inst|clk_div:dut_clk_div|out ; 8.405 ; 8.389 ; Rise       ; top:top_inst|clk_div:dut_clk_div|out ;
;  HEX0_D[2] ; top:top_inst|clk_div:dut_clk_div|out ; 8.150 ; 8.102 ; Rise       ; top:top_inst|clk_div:dut_clk_div|out ;
;  HEX0_D[3] ; top:top_inst|clk_div:dut_clk_div|out ; 8.159 ; 8.110 ; Rise       ; top:top_inst|clk_div:dut_clk_div|out ;
;  HEX0_D[4] ; top:top_inst|clk_div:dut_clk_div|out ; 8.155 ; 8.013 ; Rise       ; top:top_inst|clk_div:dut_clk_div|out ;
;  HEX0_D[5] ; top:top_inst|clk_div:dut_clk_div|out ; 8.150 ; 8.102 ; Rise       ; top:top_inst|clk_div:dut_clk_div|out ;
;  HEX0_D[6] ; top:top_inst|clk_div:dut_clk_div|out ; 8.090 ; 8.137 ; Rise       ; top:top_inst|clk_div:dut_clk_div|out ;
; HEX1_D[*]  ; top:top_inst|clk_div:dut_clk_div|out ; 7.859 ; 7.837 ; Rise       ; top:top_inst|clk_div:dut_clk_div|out ;
;  HEX1_D[0] ; top:top_inst|clk_div:dut_clk_div|out ; 7.848 ; 7.820 ; Rise       ; top:top_inst|clk_div:dut_clk_div|out ;
;  HEX1_D[1] ; top:top_inst|clk_div:dut_clk_div|out ; 7.859 ; 7.837 ; Rise       ; top:top_inst|clk_div:dut_clk_div|out ;
;  HEX1_D[2] ; top:top_inst|clk_div:dut_clk_div|out ; 7.818 ; 7.776 ; Rise       ; top:top_inst|clk_div:dut_clk_div|out ;
;  HEX1_D[3] ; top:top_inst|clk_div:dut_clk_div|out ; 7.845 ; 7.816 ; Rise       ; top:top_inst|clk_div:dut_clk_div|out ;
;  HEX1_D[4] ; top:top_inst|clk_div:dut_clk_div|out ; 7.836 ; 7.816 ; Rise       ; top:top_inst|clk_div:dut_clk_div|out ;
;  HEX1_D[5] ; top:top_inst|clk_div:dut_clk_div|out ; 7.771 ; 7.740 ; Rise       ; top:top_inst|clk_div:dut_clk_div|out ;
;  HEX1_D[6] ; top:top_inst|clk_div:dut_clk_div|out ; 7.623 ; 7.688 ; Rise       ; top:top_inst|clk_div:dut_clk_div|out ;
; HEX2_D[*]  ; top:top_inst|clk_div:dut_clk_div|out ; 4.060 ; 4.115 ; Rise       ; top:top_inst|clk_div:dut_clk_div|out ;
;  HEX2_D[4] ; top:top_inst|clk_div:dut_clk_div|out ; 3.910 ; 3.952 ; Rise       ; top:top_inst|clk_div:dut_clk_div|out ;
;  HEX2_D[5] ; top:top_inst|clk_div:dut_clk_div|out ; 4.060 ; 4.115 ; Rise       ; top:top_inst|clk_div:dut_clk_div|out ;
;  HEX2_D[6] ; top:top_inst|clk_div:dut_clk_div|out ; 3.918 ; 3.877 ; Rise       ; top:top_inst|clk_div:dut_clk_div|out ;
; HEX3_D[*]  ; top:top_inst|clk_div:dut_clk_div|out ; 3.912 ; 3.913 ; Rise       ; top:top_inst|clk_div:dut_clk_div|out ;
;  HEX3_D[1] ; top:top_inst|clk_div:dut_clk_div|out ; 3.870 ; 3.913 ; Rise       ; top:top_inst|clk_div:dut_clk_div|out ;
;  HEX3_D[6] ; top:top_inst|clk_div:dut_clk_div|out ; 3.912 ; 3.870 ; Rise       ; top:top_inst|clk_div:dut_clk_div|out ;
; LEDG[*]    ; top:top_inst|clk_div:dut_clk_div|out ; 5.524 ; 5.394 ; Rise       ; top:top_inst|clk_div:dut_clk_div|out ;
;  LEDG[0]   ; top:top_inst|clk_div:dut_clk_div|out ; 3.939 ; 3.975 ; Rise       ; top:top_inst|clk_div:dut_clk_div|out ;
;  LEDG[1]   ; top:top_inst|clk_div:dut_clk_div|out ; 4.143 ; 4.217 ; Rise       ; top:top_inst|clk_div:dut_clk_div|out ;
;  LEDG[2]   ; top:top_inst|clk_div:dut_clk_div|out ; 5.524 ; 5.394 ; Rise       ; top:top_inst|clk_div:dut_clk_div|out ;
;  LEDG[3]   ; top:top_inst|clk_div:dut_clk_div|out ; 3.951 ; 4.002 ; Rise       ; top:top_inst|clk_div:dut_clk_div|out ;
;  LEDG[4]   ; top:top_inst|clk_div:dut_clk_div|out ; 4.136 ; 4.200 ; Rise       ; top:top_inst|clk_div:dut_clk_div|out ;
+------------+--------------------------------------+-------+-------+------------+--------------------------------------+


+-----------------------------------------------------------------------------------------------------------------------+
; Minimum Clock to Output Times                                                                                         ;
+------------+--------------------------------------+-------+-------+------------+--------------------------------------+
; Data Port  ; Clock Port                           ; Rise  ; Fall  ; Clock Edge ; Clock Reference                      ;
+------------+--------------------------------------+-------+-------+------------+--------------------------------------+
; HEX0_D[*]  ; top:top_inst|clk_div:dut_clk_div|out ; 4.265 ; 4.249 ; Rise       ; top:top_inst|clk_div:dut_clk_div|out ;
;  HEX0_D[0] ; top:top_inst|clk_div:dut_clk_div|out ; 4.554 ; 4.561 ; Rise       ; top:top_inst|clk_div:dut_clk_div|out ;
;  HEX0_D[1] ; top:top_inst|clk_div:dut_clk_div|out ; 4.570 ; 4.547 ; Rise       ; top:top_inst|clk_div:dut_clk_div|out ;
;  HEX0_D[2] ; top:top_inst|clk_div:dut_clk_div|out ; 4.482 ; 4.249 ; Rise       ; top:top_inst|clk_div:dut_clk_div|out ;
;  HEX0_D[3] ; top:top_inst|clk_div:dut_clk_div|out ; 4.311 ; 4.254 ; Rise       ; top:top_inst|clk_div:dut_clk_div|out ;
;  HEX0_D[4] ; top:top_inst|clk_div:dut_clk_div|out ; 4.313 ; 4.418 ; Rise       ; top:top_inst|clk_div:dut_clk_div|out ;
;  HEX0_D[5] ; top:top_inst|clk_div:dut_clk_div|out ; 4.308 ; 4.425 ; Rise       ; top:top_inst|clk_div:dut_clk_div|out ;
;  HEX0_D[6] ; top:top_inst|clk_div:dut_clk_div|out ; 4.265 ; 4.332 ; Rise       ; top:top_inst|clk_div:dut_clk_div|out ;
; HEX1_D[*]  ; top:top_inst|clk_div:dut_clk_div|out ; 4.874 ; 4.908 ; Rise       ; top:top_inst|clk_div:dut_clk_div|out ;
;  HEX1_D[0] ; top:top_inst|clk_div:dut_clk_div|out ; 5.061 ; 5.040 ; Rise       ; top:top_inst|clk_div:dut_clk_div|out ;
;  HEX1_D[1] ; top:top_inst|clk_div:dut_clk_div|out ; 5.072 ; 5.065 ; Rise       ; top:top_inst|clk_div:dut_clk_div|out ;
;  HEX1_D[2] ; top:top_inst|clk_div:dut_clk_div|out ; 5.043 ; 4.997 ; Rise       ; top:top_inst|clk_div:dut_clk_div|out ;
;  HEX1_D[3] ; top:top_inst|clk_div:dut_clk_div|out ; 5.059 ; 5.038 ; Rise       ; top:top_inst|clk_div:dut_clk_div|out ;
;  HEX1_D[4] ; top:top_inst|clk_div:dut_clk_div|out ; 5.061 ; 5.049 ; Rise       ; top:top_inst|clk_div:dut_clk_div|out ;
;  HEX1_D[5] ; top:top_inst|clk_div:dut_clk_div|out ; 5.006 ; 4.947 ; Rise       ; top:top_inst|clk_div:dut_clk_div|out ;
;  HEX1_D[6] ; top:top_inst|clk_div:dut_clk_div|out ; 4.874 ; 4.908 ; Rise       ; top:top_inst|clk_div:dut_clk_div|out ;
; HEX2_D[*]  ; top:top_inst|clk_div:dut_clk_div|out ; 3.803 ; 3.770 ; Rise       ; top:top_inst|clk_div:dut_clk_div|out ;
;  HEX2_D[4] ; top:top_inst|clk_div:dut_clk_div|out ; 3.803 ; 3.840 ; Rise       ; top:top_inst|clk_div:dut_clk_div|out ;
;  HEX2_D[5] ; top:top_inst|clk_div:dut_clk_div|out ; 3.947 ; 3.996 ; Rise       ; top:top_inst|clk_div:dut_clk_div|out ;
;  HEX2_D[6] ; top:top_inst|clk_div:dut_clk_div|out ; 3.807 ; 3.770 ; Rise       ; top:top_inst|clk_div:dut_clk_div|out ;
; HEX3_D[*]  ; top:top_inst|clk_div:dut_clk_div|out ; 3.764 ; 3.764 ; Rise       ; top:top_inst|clk_div:dut_clk_div|out ;
;  HEX3_D[1] ; top:top_inst|clk_div:dut_clk_div|out ; 3.764 ; 3.801 ; Rise       ; top:top_inst|clk_div:dut_clk_div|out ;
;  HEX3_D[6] ; top:top_inst|clk_div:dut_clk_div|out ; 3.801 ; 3.764 ; Rise       ; top:top_inst|clk_div:dut_clk_div|out ;
; LEDG[*]    ; top:top_inst|clk_div:dut_clk_div|out ; 3.836 ; 3.868 ; Rise       ; top:top_inst|clk_div:dut_clk_div|out ;
;  LEDG[0]   ; top:top_inst|clk_div:dut_clk_div|out ; 3.836 ; 3.868 ; Rise       ; top:top_inst|clk_div:dut_clk_div|out ;
;  LEDG[1]   ; top:top_inst|clk_div:dut_clk_div|out ; 4.032 ; 4.100 ; Rise       ; top:top_inst|clk_div:dut_clk_div|out ;
;  LEDG[2]   ; top:top_inst|clk_div:dut_clk_div|out ; 5.416 ; 5.281 ; Rise       ; top:top_inst|clk_div:dut_clk_div|out ;
;  LEDG[3]   ; top:top_inst|clk_div:dut_clk_div|out ; 3.848 ; 3.893 ; Rise       ; top:top_inst|clk_div:dut_clk_div|out ;
;  LEDG[4]   ; top:top_inst|clk_div:dut_clk_div|out ; 4.026 ; 4.084 ; Rise       ; top:top_inst|clk_div:dut_clk_div|out ;
+------------+--------------------------------------+-------+-------+------------+--------------------------------------+


---------------------------------------------
; Fast 1200mV 0C Model Metastability Report ;
---------------------------------------------
No synchronizer chains to report.


+-----------------------------------------------------------------------------------------------------+
; Multicorner Timing Analysis Summary                                                                 ;
+---------------------------------------+----------+-------+----------+---------+---------------------+
; Clock                                 ; Setup    ; Hold  ; Recovery ; Removal ; Minimum Pulse Width ;
+---------------------------------------+----------+-------+----------+---------+---------------------+
; Worst-case Slack                      ; -6.914   ; 0.187 ; N/A      ; N/A     ; -3.000              ;
;  CLOCK_50                             ; -2.856   ; 0.260 ; N/A      ; N/A     ; -3.000              ;
;  top:top_inst|clk_div:dut_clk_div|out ; -6.914   ; 0.187 ; N/A      ; N/A     ; -2.484              ;
; Design-wide TNS                       ; -728.48  ; 0.0   ; 0.0      ; 0.0     ; -198.44             ;
;  CLOCK_50                             ; -73.921  ; 0.000 ; N/A      ; N/A     ; -40.987             ;
;  top:top_inst|clk_div:dut_clk_div|out ; -654.559 ; 0.000 ; N/A      ; N/A     ; -166.440            ;
+---------------------------------------+----------+-------+----------+---------+---------------------+


+----------------------------------------------------------------------------------------------------------------------+
; Setup Times                                                                                                          ;
+-----------+--------------------------------------+-------+-------+------------+--------------------------------------+
; Data Port ; Clock Port                           ; Rise  ; Fall  ; Clock Edge ; Clock Reference                      ;
+-----------+--------------------------------------+-------+-------+------------+--------------------------------------+
; SW[*]     ; top:top_inst|clk_div:dut_clk_div|out ; 4.884 ; 5.521 ; Rise       ; top:top_inst|clk_div:dut_clk_div|out ;
;  SW[0]    ; top:top_inst|clk_div:dut_clk_div|out ; 4.884 ; 5.521 ; Rise       ; top:top_inst|clk_div:dut_clk_div|out ;
;  SW[1]    ; top:top_inst|clk_div:dut_clk_div|out ; 4.394 ; 5.023 ; Rise       ; top:top_inst|clk_div:dut_clk_div|out ;
;  SW[2]    ; top:top_inst|clk_div:dut_clk_div|out ; 4.480 ; 5.139 ; Rise       ; top:top_inst|clk_div:dut_clk_div|out ;
;  SW[3]    ; top:top_inst|clk_div:dut_clk_div|out ; 3.900 ; 4.487 ; Rise       ; top:top_inst|clk_div:dut_clk_div|out ;
+-----------+--------------------------------------+-------+-------+------------+--------------------------------------+


+------------------------------------------------------------------------------------------------------------------------+
; Hold Times                                                                                                             ;
+-----------+--------------------------------------+--------+--------+------------+--------------------------------------+
; Data Port ; Clock Port                           ; Rise   ; Fall   ; Clock Edge ; Clock Reference                      ;
+-----------+--------------------------------------+--------+--------+------------+--------------------------------------+
; SW[*]     ; top:top_inst|clk_div:dut_clk_div|out ; -0.913 ; -1.740 ; Rise       ; top:top_inst|clk_div:dut_clk_div|out ;
;  SW[0]    ; top:top_inst|clk_div:dut_clk_div|out ; -0.913 ; -1.740 ; Rise       ; top:top_inst|clk_div:dut_clk_div|out ;
;  SW[1]    ; top:top_inst|clk_div:dut_clk_div|out ; -1.067 ; -1.902 ; Rise       ; top:top_inst|clk_div:dut_clk_div|out ;
;  SW[2]    ; top:top_inst|clk_div:dut_clk_div|out ; -1.006 ; -1.842 ; Rise       ; top:top_inst|clk_div:dut_clk_div|out ;
;  SW[3]    ; top:top_inst|clk_div:dut_clk_div|out ; -1.127 ; -1.995 ; Rise       ; top:top_inst|clk_div:dut_clk_div|out ;
+-----------+--------------------------------------+--------+--------+------------+--------------------------------------+


+-------------------------------------------------------------------------------------------------------------------------+
; Clock to Output Times                                                                                                   ;
+------------+--------------------------------------+--------+--------+------------+--------------------------------------+
; Data Port  ; Clock Port                           ; Rise   ; Fall   ; Clock Edge ; Clock Reference                      ;
+------------+--------------------------------------+--------+--------+------------+--------------------------------------+
; HEX0_D[*]  ; top:top_inst|clk_div:dut_clk_div|out ; 14.461 ; 14.328 ; Rise       ; top:top_inst|clk_div:dut_clk_div|out ;
;  HEX0_D[0] ; top:top_inst|clk_div:dut_clk_div|out ; 14.444 ; 14.308 ; Rise       ; top:top_inst|clk_div:dut_clk_div|out ;
;  HEX0_D[1] ; top:top_inst|clk_div:dut_clk_div|out ; 14.461 ; 14.328 ; Rise       ; top:top_inst|clk_div:dut_clk_div|out ;
;  HEX0_D[2] ; top:top_inst|clk_div:dut_clk_div|out ; 13.976 ; 13.858 ; Rise       ; top:top_inst|clk_div:dut_clk_div|out ;
;  HEX0_D[3] ; top:top_inst|clk_div:dut_clk_div|out ; 13.992 ; 13.872 ; Rise       ; top:top_inst|clk_div:dut_clk_div|out ;
;  HEX0_D[4] ; top:top_inst|clk_div:dut_clk_div|out ; 13.989 ; 13.778 ; Rise       ; top:top_inst|clk_div:dut_clk_div|out ;
;  HEX0_D[5] ; top:top_inst|clk_div:dut_clk_div|out ; 13.987 ; 13.867 ; Rise       ; top:top_inst|clk_div:dut_clk_div|out ;
;  HEX0_D[6] ; top:top_inst|clk_div:dut_clk_div|out ; 13.859 ; 13.973 ; Rise       ; top:top_inst|clk_div:dut_clk_div|out ;
; HEX1_D[*]  ; top:top_inst|clk_div:dut_clk_div|out ; 13.423 ; 13.290 ; Rise       ; top:top_inst|clk_div:dut_clk_div|out ;
;  HEX1_D[0] ; top:top_inst|clk_div:dut_clk_div|out ; 13.403 ; 13.266 ; Rise       ; top:top_inst|clk_div:dut_clk_div|out ;
;  HEX1_D[1] ; top:top_inst|clk_div:dut_clk_div|out ; 13.423 ; 13.290 ; Rise       ; top:top_inst|clk_div:dut_clk_div|out ;
;  HEX1_D[2] ; top:top_inst|clk_div:dut_clk_div|out ; 13.373 ; 13.163 ; Rise       ; top:top_inst|clk_div:dut_clk_div|out ;
;  HEX1_D[3] ; top:top_inst|clk_div:dut_clk_div|out ; 13.406 ; 13.262 ; Rise       ; top:top_inst|clk_div:dut_clk_div|out ;
;  HEX1_D[4] ; top:top_inst|clk_div:dut_clk_div|out ; 13.345 ; 13.260 ; Rise       ; top:top_inst|clk_div:dut_clk_div|out ;
;  HEX1_D[5] ; top:top_inst|clk_div:dut_clk_div|out ; 13.267 ; 13.165 ; Rise       ; top:top_inst|clk_div:dut_clk_div|out ;
;  HEX1_D[6] ; top:top_inst|clk_div:dut_clk_div|out ; 12.919 ; 13.123 ; Rise       ; top:top_inst|clk_div:dut_clk_div|out ;
; HEX2_D[*]  ; top:top_inst|clk_div:dut_clk_div|out ; 6.667  ; 6.638  ; Rise       ; top:top_inst|clk_div:dut_clk_div|out ;
;  HEX2_D[4] ; top:top_inst|clk_div:dut_clk_div|out ; 6.401  ; 6.373  ; Rise       ; top:top_inst|clk_div:dut_clk_div|out ;
;  HEX2_D[5] ; top:top_inst|clk_div:dut_clk_div|out ; 6.667  ; 6.638  ; Rise       ; top:top_inst|clk_div:dut_clk_div|out ;
;  HEX2_D[6] ; top:top_inst|clk_div:dut_clk_div|out ; 6.313  ; 6.365  ; Rise       ; top:top_inst|clk_div:dut_clk_div|out ;
; HEX3_D[*]  ; top:top_inst|clk_div:dut_clk_div|out ; 6.360  ; 6.360  ; Rise       ; top:top_inst|clk_div:dut_clk_div|out ;
;  HEX3_D[1] ; top:top_inst|clk_div:dut_clk_div|out ; 6.360  ; 6.310  ; Rise       ; top:top_inst|clk_div:dut_clk_div|out ;
;  HEX3_D[6] ; top:top_inst|clk_div:dut_clk_div|out ; 6.307  ; 6.360  ; Rise       ; top:top_inst|clk_div:dut_clk_div|out ;
; LEDG[*]    ; top:top_inst|clk_div:dut_clk_div|out ; 8.624  ; 8.385  ; Rise       ; top:top_inst|clk_div:dut_clk_div|out ;
;  LEDG[0]   ; top:top_inst|clk_div:dut_clk_div|out ; 6.525  ; 6.463  ; Rise       ; top:top_inst|clk_div:dut_clk_div|out ;
;  LEDG[1]   ; top:top_inst|clk_div:dut_clk_div|out ; 6.878  ; 6.826  ; Rise       ; top:top_inst|clk_div:dut_clk_div|out ;
;  LEDG[2]   ; top:top_inst|clk_div:dut_clk_div|out ; 8.624  ; 8.385  ; Rise       ; top:top_inst|clk_div:dut_clk_div|out ;
;  LEDG[3]   ; top:top_inst|clk_div:dut_clk_div|out ; 6.511  ; 6.466  ; Rise       ; top:top_inst|clk_div:dut_clk_div|out ;
;  LEDG[4]   ; top:top_inst|clk_div:dut_clk_div|out ; 6.882  ; 6.801  ; Rise       ; top:top_inst|clk_div:dut_clk_div|out ;
+------------+--------------------------------------+--------+--------+------------+--------------------------------------+


+-----------------------------------------------------------------------------------------------------------------------+
; Minimum Clock to Output Times                                                                                         ;
+------------+--------------------------------------+-------+-------+------------+--------------------------------------+
; Data Port  ; Clock Port                           ; Rise  ; Fall  ; Clock Edge ; Clock Reference                      ;
+------------+--------------------------------------+-------+-------+------------+--------------------------------------+
; HEX0_D[*]  ; top:top_inst|clk_div:dut_clk_div|out ; 4.265 ; 4.249 ; Rise       ; top:top_inst|clk_div:dut_clk_div|out ;
;  HEX0_D[0] ; top:top_inst|clk_div:dut_clk_div|out ; 4.554 ; 4.561 ; Rise       ; top:top_inst|clk_div:dut_clk_div|out ;
;  HEX0_D[1] ; top:top_inst|clk_div:dut_clk_div|out ; 4.570 ; 4.547 ; Rise       ; top:top_inst|clk_div:dut_clk_div|out ;
;  HEX0_D[2] ; top:top_inst|clk_div:dut_clk_div|out ; 4.482 ; 4.249 ; Rise       ; top:top_inst|clk_div:dut_clk_div|out ;
;  HEX0_D[3] ; top:top_inst|clk_div:dut_clk_div|out ; 4.311 ; 4.254 ; Rise       ; top:top_inst|clk_div:dut_clk_div|out ;
;  HEX0_D[4] ; top:top_inst|clk_div:dut_clk_div|out ; 4.313 ; 4.418 ; Rise       ; top:top_inst|clk_div:dut_clk_div|out ;
;  HEX0_D[5] ; top:top_inst|clk_div:dut_clk_div|out ; 4.308 ; 4.425 ; Rise       ; top:top_inst|clk_div:dut_clk_div|out ;
;  HEX0_D[6] ; top:top_inst|clk_div:dut_clk_div|out ; 4.265 ; 4.332 ; Rise       ; top:top_inst|clk_div:dut_clk_div|out ;
; HEX1_D[*]  ; top:top_inst|clk_div:dut_clk_div|out ; 4.874 ; 4.908 ; Rise       ; top:top_inst|clk_div:dut_clk_div|out ;
;  HEX1_D[0] ; top:top_inst|clk_div:dut_clk_div|out ; 5.061 ; 5.040 ; Rise       ; top:top_inst|clk_div:dut_clk_div|out ;
;  HEX1_D[1] ; top:top_inst|clk_div:dut_clk_div|out ; 5.072 ; 5.065 ; Rise       ; top:top_inst|clk_div:dut_clk_div|out ;
;  HEX1_D[2] ; top:top_inst|clk_div:dut_clk_div|out ; 5.043 ; 4.997 ; Rise       ; top:top_inst|clk_div:dut_clk_div|out ;
;  HEX1_D[3] ; top:top_inst|clk_div:dut_clk_div|out ; 5.059 ; 5.038 ; Rise       ; top:top_inst|clk_div:dut_clk_div|out ;
;  HEX1_D[4] ; top:top_inst|clk_div:dut_clk_div|out ; 5.061 ; 5.049 ; Rise       ; top:top_inst|clk_div:dut_clk_div|out ;
;  HEX1_D[5] ; top:top_inst|clk_div:dut_clk_div|out ; 5.006 ; 4.947 ; Rise       ; top:top_inst|clk_div:dut_clk_div|out ;
;  HEX1_D[6] ; top:top_inst|clk_div:dut_clk_div|out ; 4.874 ; 4.908 ; Rise       ; top:top_inst|clk_div:dut_clk_div|out ;
; HEX2_D[*]  ; top:top_inst|clk_div:dut_clk_div|out ; 3.803 ; 3.770 ; Rise       ; top:top_inst|clk_div:dut_clk_div|out ;
;  HEX2_D[4] ; top:top_inst|clk_div:dut_clk_div|out ; 3.803 ; 3.840 ; Rise       ; top:top_inst|clk_div:dut_clk_div|out ;
;  HEX2_D[5] ; top:top_inst|clk_div:dut_clk_div|out ; 3.947 ; 3.996 ; Rise       ; top:top_inst|clk_div:dut_clk_div|out ;
;  HEX2_D[6] ; top:top_inst|clk_div:dut_clk_div|out ; 3.807 ; 3.770 ; Rise       ; top:top_inst|clk_div:dut_clk_div|out ;
; HEX3_D[*]  ; top:top_inst|clk_div:dut_clk_div|out ; 3.764 ; 3.764 ; Rise       ; top:top_inst|clk_div:dut_clk_div|out ;
;  HEX3_D[1] ; top:top_inst|clk_div:dut_clk_div|out ; 3.764 ; 3.801 ; Rise       ; top:top_inst|clk_div:dut_clk_div|out ;
;  HEX3_D[6] ; top:top_inst|clk_div:dut_clk_div|out ; 3.801 ; 3.764 ; Rise       ; top:top_inst|clk_div:dut_clk_div|out ;
; LEDG[*]    ; top:top_inst|clk_div:dut_clk_div|out ; 3.836 ; 3.868 ; Rise       ; top:top_inst|clk_div:dut_clk_div|out ;
;  LEDG[0]   ; top:top_inst|clk_div:dut_clk_div|out ; 3.836 ; 3.868 ; Rise       ; top:top_inst|clk_div:dut_clk_div|out ;
;  LEDG[1]   ; top:top_inst|clk_div:dut_clk_div|out ; 4.032 ; 4.100 ; Rise       ; top:top_inst|clk_div:dut_clk_div|out ;
;  LEDG[2]   ; top:top_inst|clk_div:dut_clk_div|out ; 5.416 ; 5.281 ; Rise       ; top:top_inst|clk_div:dut_clk_div|out ;
;  LEDG[3]   ; top:top_inst|clk_div:dut_clk_div|out ; 3.848 ; 3.893 ; Rise       ; top:top_inst|clk_div:dut_clk_div|out ;
;  LEDG[4]   ; top:top_inst|clk_div:dut_clk_div|out ; 4.026 ; 4.084 ; Rise       ; top:top_inst|clk_div:dut_clk_div|out ;
+------------+--------------------------------------+-------+-------+------------+--------------------------------------+


+--------------------------------------------------------------------------------------------------------------------------------------------------------------------------------------------------------------------------------------------------------------------------------------------------------------------------------------------------------------------------------------------------------------------+
; Board Trace Model Assignments                                                                                                                                                                                                                                                                                                                                                                                      ;
+-----------------+--------------+-------------------+-------------------------+-------------------------+---------------+---------------------+----------------+------------------+--------+------------------+------------------------+------------------------+--------------+---------------+-----------------+-------+---------------------+--------------------+---------------+-----------------+-------------+
; Pin             ; I/O Standard ; Near Tline Length ; Near Tline L per Length ; Near Tline C per Length ; Near Series R ; Near Differential R ; Near Pull-up R ; Near Pull-down R ; Near C ; Far Tline Length ; Far Tline L per Length ; Far Tline C per Length ; Far Series R ; Far Pull-up R ; Far Pull-down R ; Far C ; Termination Voltage ; Far Differential R ; EBD File Name ; EBD Signal Name ; EBD Far-end ;
+-----------------+--------------+-------------------+-------------------------+-------------------------+---------------+---------------------+----------------+------------------+--------+------------------+------------------------+------------------------+--------------+---------------+-----------------+-------+---------------------+--------------------+---------------+-----------------+-------------+
; HEX0_D[0]       ; 3.3-V LVTTL  ; 0 in              ; 0 H/in                  ; 0 F/in                  ; short         ; -                   ; open           ; open             ; open   ; 0 in             ; 0 H/in                 ; 0 F/in                 ; short        ; open          ; open            ; open  ; 0 V                 ; -                  ; n/a           ; n/a             ; n/a         ;
; HEX0_D[1]       ; 3.3-V LVTTL  ; 0 in              ; 0 H/in                  ; 0 F/in                  ; short         ; -                   ; open           ; open             ; open   ; 0 in             ; 0 H/in                 ; 0 F/in                 ; short        ; open          ; open            ; open  ; 0 V                 ; -                  ; n/a           ; n/a             ; n/a         ;
; HEX0_D[2]       ; 3.3-V LVTTL  ; 0 in              ; 0 H/in                  ; 0 F/in                  ; short         ; -                   ; open           ; open             ; open   ; 0 in             ; 0 H/in                 ; 0 F/in                 ; short        ; open          ; open            ; open  ; 0 V                 ; -                  ; n/a           ; n/a             ; n/a         ;
; HEX0_D[3]       ; 3.3-V LVTTL  ; 0 in              ; 0 H/in                  ; 0 F/in                  ; short         ; -                   ; open           ; open             ; open   ; 0 in             ; 0 H/in                 ; 0 F/in                 ; short        ; open          ; open            ; open  ; 0 V                 ; -                  ; n/a           ; n/a             ; n/a         ;
; HEX0_D[4]       ; 3.3-V LVTTL  ; 0 in              ; 0 H/in                  ; 0 F/in                  ; short         ; -                   ; open           ; open             ; open   ; 0 in             ; 0 H/in                 ; 0 F/in                 ; short        ; open          ; open            ; open  ; 0 V                 ; -                  ; n/a           ; n/a             ; n/a         ;
; HEX0_D[5]       ; 3.3-V LVTTL  ; 0 in              ; 0 H/in                  ; 0 F/in                  ; short         ; -                   ; open           ; open             ; open   ; 0 in             ; 0 H/in                 ; 0 F/in                 ; short        ; open          ; open            ; open  ; 0 V                 ; -                  ; n/a           ; n/a             ; n/a         ;
; HEX0_D[6]       ; 3.3-V LVTTL  ; 0 in              ; 0 H/in                  ; 0 F/in                  ; short         ; -                   ; open           ; open             ; open   ; 0 in             ; 0 H/in                 ; 0 F/in                 ; short        ; open          ; open            ; open  ; 0 V                 ; -                  ; n/a           ; n/a             ; n/a         ;
; HEX0_DP         ; 3.3-V LVTTL  ; 0 in              ; 0 H/in                  ; 0 F/in                  ; short         ; -                   ; open           ; open             ; open   ; 0 in             ; 0 H/in                 ; 0 F/in                 ; short        ; open          ; open            ; open  ; 0 V                 ; -                  ; n/a           ; n/a             ; n/a         ;
; HEX1_D[0]       ; 3.3-V LVTTL  ; 0 in              ; 0 H/in                  ; 0 F/in                  ; short         ; -                   ; open           ; open             ; open   ; 0 in             ; 0 H/in                 ; 0 F/in                 ; short        ; open          ; open            ; open  ; 0 V                 ; -                  ; n/a           ; n/a             ; n/a         ;
; HEX1_D[1]       ; 3.3-V LVTTL  ; 0 in              ; 0 H/in                  ; 0 F/in                  ; short         ; -                   ; open           ; open             ; open   ; 0 in             ; 0 H/in                 ; 0 F/in                 ; short        ; open          ; open            ; open  ; 0 V                 ; -                  ; n/a           ; n/a             ; n/a         ;
; HEX1_D[2]       ; 3.3-V LVTTL  ; 0 in              ; 0 H/in                  ; 0 F/in                  ; short         ; -                   ; open           ; open             ; open   ; 0 in             ; 0 H/in                 ; 0 F/in                 ; short        ; open          ; open            ; open  ; 0 V                 ; -                  ; n/a           ; n/a             ; n/a         ;
; HEX1_D[3]       ; 3.3-V LVTTL  ; 0 in              ; 0 H/in                  ; 0 F/in                  ; short         ; -                   ; open           ; open             ; open   ; 0 in             ; 0 H/in                 ; 0 F/in                 ; short        ; open          ; open            ; open  ; 0 V                 ; -                  ; n/a           ; n/a             ; n/a         ;
; HEX1_D[4]       ; 3.3-V LVTTL  ; 0 in              ; 0 H/in                  ; 0 F/in                  ; short         ; -                   ; open           ; open             ; open   ; 0 in             ; 0 H/in                 ; 0 F/in                 ; short        ; open          ; open            ; open  ; 0 V                 ; -                  ; n/a           ; n/a             ; n/a         ;
; HEX1_D[5]       ; 3.3-V LVTTL  ; 0 in              ; 0 H/in                  ; 0 F/in                  ; short         ; -                   ; open           ; open             ; open   ; 0 in             ; 0 H/in                 ; 0 F/in                 ; short        ; open          ; open            ; open  ; 0 V                 ; -                  ; n/a           ; n/a             ; n/a         ;
; HEX1_D[6]       ; 3.3-V LVTTL  ; 0 in              ; 0 H/in                  ; 0 F/in                  ; short         ; -                   ; open           ; open             ; open   ; 0 in             ; 0 H/in                 ; 0 F/in                 ; short        ; open          ; open            ; open  ; 0 V                 ; -                  ; n/a           ; n/a             ; n/a         ;
; HEX1_DP         ; 3.3-V LVTTL  ; 0 in              ; 0 H/in                  ; 0 F/in                  ; short         ; -                   ; open           ; open             ; open   ; 0 in             ; 0 H/in                 ; 0 F/in                 ; short        ; open          ; open            ; open  ; 0 V                 ; -                  ; n/a           ; n/a             ; n/a         ;
; HEX2_D[0]       ; 3.3-V LVTTL  ; 0 in              ; 0 H/in                  ; 0 F/in                  ; short         ; -                   ; open           ; open             ; open   ; 0 in             ; 0 H/in                 ; 0 F/in                 ; short        ; open          ; open            ; open  ; 0 V                 ; -                  ; n/a           ; n/a             ; n/a         ;
; HEX2_D[1]       ; 3.3-V LVTTL  ; 0 in              ; 0 H/in                  ; 0 F/in                  ; short         ; -                   ; open           ; open             ; open   ; 0 in             ; 0 H/in                 ; 0 F/in                 ; short        ; open          ; open            ; open  ; 0 V                 ; -                  ; n/a           ; n/a             ; n/a         ;
; HEX2_D[2]       ; 3.3-V LVTTL  ; 0 in              ; 0 H/in                  ; 0 F/in                  ; short         ; -                   ; open           ; open             ; open   ; 0 in             ; 0 H/in                 ; 0 F/in                 ; short        ; open          ; open            ; open  ; 0 V                 ; -                  ; n/a           ; n/a             ; n/a         ;
; HEX2_D[3]       ; 3.3-V LVTTL  ; 0 in              ; 0 H/in                  ; 0 F/in                  ; short         ; -                   ; open           ; open             ; open   ; 0 in             ; 0 H/in                 ; 0 F/in                 ; short        ; open          ; open            ; open  ; 0 V                 ; -                  ; n/a           ; n/a             ; n/a         ;
; HEX2_D[4]       ; 3.3-V LVTTL  ; 0 in              ; 0 H/in                  ; 0 F/in                  ; short         ; -                   ; open           ; open             ; open   ; 0 in             ; 0 H/in                 ; 0 F/in                 ; short        ; open          ; open            ; open  ; 0 V                 ; -                  ; n/a           ; n/a             ; n/a         ;
; HEX2_D[5]       ; 3.3-V LVTTL  ; 0 in              ; 0 H/in                  ; 0 F/in                  ; short         ; -                   ; open           ; open             ; open   ; 0 in             ; 0 H/in                 ; 0 F/in                 ; short        ; open          ; open            ; open  ; 0 V                 ; -                  ; n/a           ; n/a             ; n/a         ;
; HEX2_D[6]       ; 3.3-V LVTTL  ; 0 in              ; 0 H/in                  ; 0 F/in                  ; short         ; -                   ; open           ; open             ; open   ; 0 in             ; 0 H/in                 ; 0 F/in                 ; short        ; open          ; open            ; open  ; 0 V                 ; -                  ; n/a           ; n/a             ; n/a         ;
; HEX2_DP         ; 3.3-V LVTTL  ; 0 in              ; 0 H/in                  ; 0 F/in                  ; short         ; -                   ; open           ; open             ; open   ; 0 in             ; 0 H/in                 ; 0 F/in                 ; short        ; open          ; open            ; open  ; 0 V                 ; -                  ; n/a           ; n/a             ; n/a         ;
; HEX3_D[0]       ; 3.3-V LVTTL  ; 0 in              ; 0 H/in                  ; 0 F/in                  ; short         ; -                   ; open           ; open             ; open   ; 0 in             ; 0 H/in                 ; 0 F/in                 ; short        ; open          ; open            ; open  ; 0 V                 ; -                  ; n/a           ; n/a             ; n/a         ;
; HEX3_D[1]       ; 3.3-V LVTTL  ; 0 in              ; 0 H/in                  ; 0 F/in                  ; short         ; -                   ; open           ; open             ; open   ; 0 in             ; 0 H/in                 ; 0 F/in                 ; short        ; open          ; open            ; open  ; 0 V                 ; -                  ; n/a           ; n/a             ; n/a         ;
; HEX3_D[2]       ; 3.3-V LVTTL  ; 0 in              ; 0 H/in                  ; 0 F/in                  ; short         ; -                   ; open           ; open             ; open   ; 0 in             ; 0 H/in                 ; 0 F/in                 ; short        ; open          ; open            ; open  ; 0 V                 ; -                  ; n/a           ; n/a             ; n/a         ;
; HEX3_D[3]       ; 3.3-V LVTTL  ; 0 in              ; 0 H/in                  ; 0 F/in                  ; short         ; -                   ; open           ; open             ; open   ; 0 in             ; 0 H/in                 ; 0 F/in                 ; short        ; open          ; open            ; open  ; 0 V                 ; -                  ; n/a           ; n/a             ; n/a         ;
; HEX3_D[4]       ; 3.3-V LVTTL  ; 0 in              ; 0 H/in                  ; 0 F/in                  ; short         ; -                   ; open           ; open             ; open   ; 0 in             ; 0 H/in                 ; 0 F/in                 ; short        ; open          ; open            ; open  ; 0 V                 ; -                  ; n/a           ; n/a             ; n/a         ;
; HEX3_D[5]       ; 3.3-V LVTTL  ; 0 in              ; 0 H/in                  ; 0 F/in                  ; short         ; -                   ; open           ; open             ; open   ; 0 in             ; 0 H/in                 ; 0 F/in                 ; short        ; open          ; open            ; open  ; 0 V                 ; -                  ; n/a           ; n/a             ; n/a         ;
; HEX3_D[6]       ; 3.3-V LVTTL  ; 0 in              ; 0 H/in                  ; 0 F/in                  ; short         ; -                   ; open           ; open             ; open   ; 0 in             ; 0 H/in                 ; 0 F/in                 ; short        ; open          ; open            ; open  ; 0 V                 ; -                  ; n/a           ; n/a             ; n/a         ;
; HEX3_DP         ; 3.3-V LVTTL  ; 0 in              ; 0 H/in                  ; 0 F/in                  ; short         ; -                   ; open           ; open             ; open   ; 0 in             ; 0 H/in                 ; 0 F/in                 ; short        ; open          ; open            ; open  ; 0 V                 ; -                  ; n/a           ; n/a             ; n/a         ;
; LEDG[0]         ; 3.3-V LVTTL  ; 0 in              ; 0 H/in                  ; 0 F/in                  ; short         ; -                   ; open           ; open             ; open   ; 0 in             ; 0 H/in                 ; 0 F/in                 ; short        ; open          ; open            ; open  ; 0 V                 ; -                  ; n/a           ; n/a             ; n/a         ;
; LEDG[1]         ; 3.3-V LVTTL  ; 0 in              ; 0 H/in                  ; 0 F/in                  ; short         ; -                   ; open           ; open             ; open   ; 0 in             ; 0 H/in                 ; 0 F/in                 ; short        ; open          ; open            ; open  ; 0 V                 ; -                  ; n/a           ; n/a             ; n/a         ;
; LEDG[2]         ; 3.3-V LVTTL  ; 0 in              ; 0 H/in                  ; 0 F/in                  ; short         ; -                   ; open           ; open             ; open   ; 0 in             ; 0 H/in                 ; 0 F/in                 ; short        ; open          ; open            ; open  ; 0 V                 ; -                  ; n/a           ; n/a             ; n/a         ;
; LEDG[3]         ; 3.3-V LVTTL  ; 0 in              ; 0 H/in                  ; 0 F/in                  ; short         ; -                   ; open           ; open             ; open   ; 0 in             ; 0 H/in                 ; 0 F/in                 ; short        ; open          ; open            ; open  ; 0 V                 ; -                  ; n/a           ; n/a             ; n/a         ;
; LEDG[4]         ; 3.3-V LVTTL  ; 0 in              ; 0 H/in                  ; 0 F/in                  ; short         ; -                   ; open           ; open             ; open   ; 0 in             ; 0 H/in                 ; 0 F/in                 ; short        ; open          ; open            ; open  ; 0 V                 ; -                  ; n/a           ; n/a             ; n/a         ;
; LEDG[5]         ; 3.3-V LVTTL  ; 0 in              ; 0 H/in                  ; 0 F/in                  ; short         ; -                   ; open           ; open             ; open   ; 0 in             ; 0 H/in                 ; 0 F/in                 ; short        ; open          ; open            ; open  ; 0 V                 ; -                  ; n/a           ; n/a             ; n/a         ;
; LEDG[6]         ; 3.3-V LVTTL  ; 0 in              ; 0 H/in                  ; 0 F/in                  ; short         ; -                   ; open           ; open             ; open   ; 0 in             ; 0 H/in                 ; 0 F/in                 ; short        ; open          ; open            ; open  ; 0 V                 ; -                  ; n/a           ; n/a             ; n/a         ;
; LEDG[7]         ; 3.3-V LVTTL  ; 0 in              ; 0 H/in                  ; 0 F/in                  ; short         ; -                   ; open           ; open             ; open   ; 0 in             ; 0 H/in                 ; 0 F/in                 ; short        ; open          ; open            ; open  ; 0 V                 ; -                  ; n/a           ; n/a             ; n/a         ;
; LEDG[8]         ; 3.3-V LVTTL  ; 0 in              ; 0 H/in                  ; 0 F/in                  ; short         ; -                   ; open           ; open             ; open   ; 0 in             ; 0 H/in                 ; 0 F/in                 ; short        ; open          ; open            ; open  ; 0 V                 ; -                  ; n/a           ; n/a             ; n/a         ;
; LEDG[9]         ; 3.3-V LVTTL  ; 0 in              ; 0 H/in                  ; 0 F/in                  ; short         ; -                   ; open           ; open             ; open   ; 0 in             ; 0 H/in                 ; 0 F/in                 ; short        ; open          ; open            ; open  ; 0 V                 ; -                  ; n/a           ; n/a             ; n/a         ;
; UART_TXD        ; 3.3-V LVTTL  ; 0 in              ; 0 H/in                  ; 0 F/in                  ; short         ; -                   ; open           ; open             ; open   ; 0 in             ; 0 H/in                 ; 0 F/in                 ; short        ; open          ; open            ; open  ; 0 V                 ; -                  ; n/a           ; n/a             ; n/a         ;
; UART_CTS        ; 3.3-V LVTTL  ; 0 in              ; 0 H/in                  ; 0 F/in                  ; short         ; -                   ; open           ; open             ; open   ; 0 in             ; 0 H/in                 ; 0 F/in                 ; short        ; open          ; open            ; open  ; 0 V                 ; -                  ; n/a           ; n/a             ; n/a         ;
; DRAM_ADDR[0]    ; 3.3-V LVTTL  ; 0 in              ; 0 H/in                  ; 0 F/in                  ; short         ; -                   ; open           ; open             ; open   ; 0 in             ; 0 H/in                 ; 0 F/in                 ; short        ; open          ; open            ; open  ; 0 V                 ; -                  ; n/a           ; n/a             ; n/a         ;
; DRAM_ADDR[1]    ; 3.3-V LVTTL  ; 0 in              ; 0 H/in                  ; 0 F/in                  ; short         ; -                   ; open           ; open             ; open   ; 0 in             ; 0 H/in                 ; 0 F/in                 ; short        ; open          ; open            ; open  ; 0 V                 ; -                  ; n/a           ; n/a             ; n/a         ;
; DRAM_ADDR[2]    ; 3.3-V LVTTL  ; 0 in              ; 0 H/in                  ; 0 F/in                  ; short         ; -                   ; open           ; open             ; open   ; 0 in             ; 0 H/in                 ; 0 F/in                 ; short        ; open          ; open            ; open  ; 0 V                 ; -                  ; n/a           ; n/a             ; n/a         ;
; DRAM_ADDR[3]    ; 3.3-V LVTTL  ; 0 in              ; 0 H/in                  ; 0 F/in                  ; short         ; -                   ; open           ; open             ; open   ; 0 in             ; 0 H/in                 ; 0 F/in                 ; short        ; open          ; open            ; open  ; 0 V                 ; -                  ; n/a           ; n/a             ; n/a         ;
; DRAM_ADDR[4]    ; 3.3-V LVTTL  ; 0 in              ; 0 H/in                  ; 0 F/in                  ; short         ; -                   ; open           ; open             ; open   ; 0 in             ; 0 H/in                 ; 0 F/in                 ; short        ; open          ; open            ; open  ; 0 V                 ; -                  ; n/a           ; n/a             ; n/a         ;
; DRAM_ADDR[5]    ; 3.3-V LVTTL  ; 0 in              ; 0 H/in                  ; 0 F/in                  ; short         ; -                   ; open           ; open             ; open   ; 0 in             ; 0 H/in                 ; 0 F/in                 ; short        ; open          ; open            ; open  ; 0 V                 ; -                  ; n/a           ; n/a             ; n/a         ;
; DRAM_ADDR[6]    ; 3.3-V LVTTL  ; 0 in              ; 0 H/in                  ; 0 F/in                  ; short         ; -                   ; open           ; open             ; open   ; 0 in             ; 0 H/in                 ; 0 F/in                 ; short        ; open          ; open            ; open  ; 0 V                 ; -                  ; n/a           ; n/a             ; n/a         ;
; DRAM_ADDR[7]    ; 3.3-V LVTTL  ; 0 in              ; 0 H/in                  ; 0 F/in                  ; short         ; -                   ; open           ; open             ; open   ; 0 in             ; 0 H/in                 ; 0 F/in                 ; short        ; open          ; open            ; open  ; 0 V                 ; -                  ; n/a           ; n/a             ; n/a         ;
; DRAM_ADDR[8]    ; 3.3-V LVTTL  ; 0 in              ; 0 H/in                  ; 0 F/in                  ; short         ; -                   ; open           ; open             ; open   ; 0 in             ; 0 H/in                 ; 0 F/in                 ; short        ; open          ; open            ; open  ; 0 V                 ; -                  ; n/a           ; n/a             ; n/a         ;
; DRAM_ADDR[9]    ; 3.3-V LVTTL  ; 0 in              ; 0 H/in                  ; 0 F/in                  ; short         ; -                   ; open           ; open             ; open   ; 0 in             ; 0 H/in                 ; 0 F/in                 ; short        ; open          ; open            ; open  ; 0 V                 ; -                  ; n/a           ; n/a             ; n/a         ;
; DRAM_ADDR[10]   ; 3.3-V LVTTL  ; 0 in              ; 0 H/in                  ; 0 F/in                  ; short         ; -                   ; open           ; open             ; open   ; 0 in             ; 0 H/in                 ; 0 F/in                 ; short        ; open          ; open            ; open  ; 0 V                 ; -                  ; n/a           ; n/a             ; n/a         ;
; DRAM_ADDR[11]   ; 3.3-V LVTTL  ; 0 in              ; 0 H/in                  ; 0 F/in                  ; short         ; -                   ; open           ; open             ; open   ; 0 in             ; 0 H/in                 ; 0 F/in                 ; short        ; open          ; open            ; open  ; 0 V                 ; -                  ; n/a           ; n/a             ; n/a         ;
; DRAM_ADDR[12]   ; 3.3-V LVTTL  ; 0 in              ; 0 H/in                  ; 0 F/in                  ; short         ; -                   ; open           ; open             ; open   ; 0 in             ; 0 H/in                 ; 0 F/in                 ; short        ; open          ; open            ; open  ; 0 V                 ; -                  ; n/a           ; n/a             ; n/a         ;
; DRAM_LDQM       ; 3.3-V LVTTL  ; 0 in              ; 0 H/in                  ; 0 F/in                  ; short         ; -                   ; open           ; open             ; open   ; 0 in             ; 0 H/in                 ; 0 F/in                 ; short        ; open          ; open            ; open  ; 0 V                 ; -                  ; n/a           ; n/a             ; n/a         ;
; DRAM_UDQM       ; 3.3-V LVTTL  ; 0 in              ; 0 H/in                  ; 0 F/in                  ; short         ; -                   ; open           ; open             ; open   ; 0 in             ; 0 H/in                 ; 0 F/in                 ; short        ; open          ; open            ; open  ; 0 V                 ; -                  ; n/a           ; n/a             ; n/a         ;
; DRAM_WE_N       ; 3.3-V LVTTL  ; 0 in              ; 0 H/in                  ; 0 F/in                  ; short         ; -                   ; open           ; open             ; open   ; 0 in             ; 0 H/in                 ; 0 F/in                 ; short        ; open          ; open            ; open  ; 0 V                 ; -                  ; n/a           ; n/a             ; n/a         ;
; DRAM_CAS_N      ; 3.3-V LVTTL  ; 0 in              ; 0 H/in                  ; 0 F/in                  ; short         ; -                   ; open           ; open             ; open   ; 0 in             ; 0 H/in                 ; 0 F/in                 ; short        ; open          ; open            ; open  ; 0 V                 ; -                  ; n/a           ; n/a             ; n/a         ;
; DRAM_RAS_N      ; 3.3-V LVTTL  ; 0 in              ; 0 H/in                  ; 0 F/in                  ; short         ; -                   ; open           ; open             ; open   ; 0 in             ; 0 H/in                 ; 0 F/in                 ; short        ; open          ; open            ; open  ; 0 V                 ; -                  ; n/a           ; n/a             ; n/a         ;
; DRAM_CS_N       ; 3.3-V LVTTL  ; 0 in              ; 0 H/in                  ; 0 F/in                  ; short         ; -                   ; open           ; open             ; open   ; 0 in             ; 0 H/in                 ; 0 F/in                 ; short        ; open          ; open            ; open  ; 0 V                 ; -                  ; n/a           ; n/a             ; n/a         ;
; DRAM_BA_0       ; 3.3-V LVTTL  ; 0 in              ; 0 H/in                  ; 0 F/in                  ; short         ; -                   ; open           ; open             ; open   ; 0 in             ; 0 H/in                 ; 0 F/in                 ; short        ; open          ; open            ; open  ; 0 V                 ; -                  ; n/a           ; n/a             ; n/a         ;
; DRAM_BA_1       ; 3.3-V LVTTL  ; 0 in              ; 0 H/in                  ; 0 F/in                  ; short         ; -                   ; open           ; open             ; open   ; 0 in             ; 0 H/in                 ; 0 F/in                 ; short        ; open          ; open            ; open  ; 0 V                 ; -                  ; n/a           ; n/a             ; n/a         ;
; DRAM_CLK        ; 3.3-V LVTTL  ; 0 in              ; 0 H/in                  ; 0 F/in                  ; short         ; -                   ; open           ; open             ; open   ; 0 in             ; 0 H/in                 ; 0 F/in                 ; short        ; open          ; open            ; open  ; 0 V                 ; -                  ; n/a           ; n/a             ; n/a         ;
; DRAM_CKE        ; 3.3-V LVTTL  ; 0 in              ; 0 H/in                  ; 0 F/in                  ; short         ; -                   ; open           ; open             ; open   ; 0 in             ; 0 H/in                 ; 0 F/in                 ; short        ; open          ; open            ; open  ; 0 V                 ; -                  ; n/a           ; n/a             ; n/a         ;
; FL_ADDR[0]      ; 3.3-V LVTTL  ; 0 in              ; 0 H/in                  ; 0 F/in                  ; short         ; -                   ; open           ; open             ; open   ; 0 in             ; 0 H/in                 ; 0 F/in                 ; short        ; open          ; open            ; open  ; 0 V                 ; -                  ; n/a           ; n/a             ; n/a         ;
; FL_ADDR[1]      ; 3.3-V LVTTL  ; 0 in              ; 0 H/in                  ; 0 F/in                  ; short         ; -                   ; open           ; open             ; open   ; 0 in             ; 0 H/in                 ; 0 F/in                 ; short        ; open          ; open            ; open  ; 0 V                 ; -                  ; n/a           ; n/a             ; n/a         ;
; FL_ADDR[2]      ; 3.3-V LVTTL  ; 0 in              ; 0 H/in                  ; 0 F/in                  ; short         ; -                   ; open           ; open             ; open   ; 0 in             ; 0 H/in                 ; 0 F/in                 ; short        ; open          ; open            ; open  ; 0 V                 ; -                  ; n/a           ; n/a             ; n/a         ;
; FL_ADDR[3]      ; 3.3-V LVTTL  ; 0 in              ; 0 H/in                  ; 0 F/in                  ; short         ; -                   ; open           ; open             ; open   ; 0 in             ; 0 H/in                 ; 0 F/in                 ; short        ; open          ; open            ; open  ; 0 V                 ; -                  ; n/a           ; n/a             ; n/a         ;
; FL_ADDR[4]      ; 3.3-V LVTTL  ; 0 in              ; 0 H/in                  ; 0 F/in                  ; short         ; -                   ; open           ; open             ; open   ; 0 in             ; 0 H/in                 ; 0 F/in                 ; short        ; open          ; open            ; open  ; 0 V                 ; -                  ; n/a           ; n/a             ; n/a         ;
; FL_ADDR[5]      ; 3.3-V LVTTL  ; 0 in              ; 0 H/in                  ; 0 F/in                  ; short         ; -                   ; open           ; open             ; open   ; 0 in             ; 0 H/in                 ; 0 F/in                 ; short        ; open          ; open            ; open  ; 0 V                 ; -                  ; n/a           ; n/a             ; n/a         ;
; FL_ADDR[6]      ; 3.3-V LVTTL  ; 0 in              ; 0 H/in                  ; 0 F/in                  ; short         ; -                   ; open           ; open             ; open   ; 0 in             ; 0 H/in                 ; 0 F/in                 ; short        ; open          ; open            ; open  ; 0 V                 ; -                  ; n/a           ; n/a             ; n/a         ;
; FL_ADDR[7]      ; 3.3-V LVTTL  ; 0 in              ; 0 H/in                  ; 0 F/in                  ; short         ; -                   ; open           ; open             ; open   ; 0 in             ; 0 H/in                 ; 0 F/in                 ; short        ; open          ; open            ; open  ; 0 V                 ; -                  ; n/a           ; n/a             ; n/a         ;
; FL_ADDR[8]      ; 3.3-V LVTTL  ; 0 in              ; 0 H/in                  ; 0 F/in                  ; short         ; -                   ; open           ; open             ; open   ; 0 in             ; 0 H/in                 ; 0 F/in                 ; short        ; open          ; open            ; open  ; 0 V                 ; -                  ; n/a           ; n/a             ; n/a         ;
; FL_ADDR[9]      ; 3.3-V LVTTL  ; 0 in              ; 0 H/in                  ; 0 F/in                  ; short         ; -                   ; open           ; open             ; open   ; 0 in             ; 0 H/in                 ; 0 F/in                 ; short        ; open          ; open            ; open  ; 0 V                 ; -                  ; n/a           ; n/a             ; n/a         ;
; FL_ADDR[10]     ; 3.3-V LVTTL  ; 0 in              ; 0 H/in                  ; 0 F/in                  ; short         ; -                   ; open           ; open             ; open   ; 0 in             ; 0 H/in                 ; 0 F/in                 ; short        ; open          ; open            ; open  ; 0 V                 ; -                  ; n/a           ; n/a             ; n/a         ;
; FL_ADDR[11]     ; 3.3-V LVTTL  ; 0 in              ; 0 H/in                  ; 0 F/in                  ; short         ; -                   ; open           ; open             ; open   ; 0 in             ; 0 H/in                 ; 0 F/in                 ; short        ; open          ; open            ; open  ; 0 V                 ; -                  ; n/a           ; n/a             ; n/a         ;
; FL_ADDR[12]     ; 3.3-V LVTTL  ; 0 in              ; 0 H/in                  ; 0 F/in                  ; short         ; -                   ; open           ; open             ; open   ; 0 in             ; 0 H/in                 ; 0 F/in                 ; short        ; open          ; open            ; open  ; 0 V                 ; -                  ; n/a           ; n/a             ; n/a         ;
; FL_ADDR[13]     ; 3.3-V LVTTL  ; 0 in              ; 0 H/in                  ; 0 F/in                  ; short         ; -                   ; open           ; open             ; open   ; 0 in             ; 0 H/in                 ; 0 F/in                 ; short        ; open          ; open            ; open  ; 0 V                 ; -                  ; n/a           ; n/a             ; n/a         ;
; FL_ADDR[14]     ; 3.3-V LVTTL  ; 0 in              ; 0 H/in                  ; 0 F/in                  ; short         ; -                   ; open           ; open             ; open   ; 0 in             ; 0 H/in                 ; 0 F/in                 ; short        ; open          ; open            ; open  ; 0 V                 ; -                  ; n/a           ; n/a             ; n/a         ;
; FL_ADDR[15]     ; 3.3-V LVTTL  ; 0 in              ; 0 H/in                  ; 0 F/in                  ; short         ; -                   ; open           ; open             ; open   ; 0 in             ; 0 H/in                 ; 0 F/in                 ; short        ; open          ; open            ; open  ; 0 V                 ; -                  ; n/a           ; n/a             ; n/a         ;
; FL_ADDR[16]     ; 3.3-V LVTTL  ; 0 in              ; 0 H/in                  ; 0 F/in                  ; short         ; -                   ; open           ; open             ; open   ; 0 in             ; 0 H/in                 ; 0 F/in                 ; short        ; open          ; open            ; open  ; 0 V                 ; -                  ; n/a           ; n/a             ; n/a         ;
; FL_ADDR[17]     ; 3.3-V LVTTL  ; 0 in              ; 0 H/in                  ; 0 F/in                  ; short         ; -                   ; open           ; open             ; open   ; 0 in             ; 0 H/in                 ; 0 F/in                 ; short        ; open          ; open            ; open  ; 0 V                 ; -                  ; n/a           ; n/a             ; n/a         ;
; FL_ADDR[18]     ; 3.3-V LVTTL  ; 0 in              ; 0 H/in                  ; 0 F/in                  ; short         ; -                   ; open           ; open             ; open   ; 0 in             ; 0 H/in                 ; 0 F/in                 ; short        ; open          ; open            ; open  ; 0 V                 ; -                  ; n/a           ; n/a             ; n/a         ;
; FL_ADDR[19]     ; 3.3-V LVTTL  ; 0 in              ; 0 H/in                  ; 0 F/in                  ; short         ; -                   ; open           ; open             ; open   ; 0 in             ; 0 H/in                 ; 0 F/in                 ; short        ; open          ; open            ; open  ; 0 V                 ; -                  ; n/a           ; n/a             ; n/a         ;
; FL_ADDR[20]     ; 3.3-V LVTTL  ; 0 in              ; 0 H/in                  ; 0 F/in                  ; short         ; -                   ; open           ; open             ; open   ; 0 in             ; 0 H/in                 ; 0 F/in                 ; short        ; open          ; open            ; open  ; 0 V                 ; -                  ; n/a           ; n/a             ; n/a         ;
; FL_ADDR[21]     ; 3.3-V LVTTL  ; 0 in              ; 0 H/in                  ; 0 F/in                  ; short         ; -                   ; open           ; open             ; open   ; 0 in             ; 0 H/in                 ; 0 F/in                 ; short        ; open          ; open            ; open  ; 0 V                 ; -                  ; n/a           ; n/a             ; n/a         ;
; FL_WE_N         ; 3.3-V LVTTL  ; 0 in              ; 0 H/in                  ; 0 F/in                  ; short         ; -                   ; open           ; open             ; open   ; 0 in             ; 0 H/in                 ; 0 F/in                 ; short        ; open          ; open            ; open  ; 0 V                 ; -                  ; n/a           ; n/a             ; n/a         ;
; FL_RST_N        ; 3.3-V LVTTL  ; 0 in              ; 0 H/in                  ; 0 F/in                  ; short         ; -                   ; open           ; open             ; open   ; 0 in             ; 0 H/in                 ; 0 F/in                 ; short        ; open          ; open            ; open  ; 0 V                 ; -                  ; n/a           ; n/a             ; n/a         ;
; FL_OE_N         ; 3.3-V LVTTL  ; 0 in              ; 0 H/in                  ; 0 F/in                  ; short         ; -                   ; open           ; open             ; open   ; 0 in             ; 0 H/in                 ; 0 F/in                 ; short        ; open          ; open            ; open  ; 0 V                 ; -                  ; n/a           ; n/a             ; n/a         ;
; FL_CE_N         ; 3.3-V LVTTL  ; 0 in              ; 0 H/in                  ; 0 F/in                  ; short         ; -                   ; open           ; open             ; open   ; 0 in             ; 0 H/in                 ; 0 F/in                 ; short        ; open          ; open            ; open  ; 0 V                 ; -                  ; n/a           ; n/a             ; n/a         ;
; FL_WP_N         ; 3.3-V LVTTL  ; 0 in              ; 0 H/in                  ; 0 F/in                  ; short         ; -                   ; open           ; open             ; open   ; 0 in             ; 0 H/in                 ; 0 F/in                 ; short        ; open          ; open            ; open  ; 0 V                 ; -                  ; n/a           ; n/a             ; n/a         ;
; FL_BYTE_N       ; 3.3-V LVTTL  ; 0 in              ; 0 H/in                  ; 0 F/in                  ; short         ; -                   ; open           ; open             ; open   ; 0 in             ; 0 H/in                 ; 0 F/in                 ; short        ; open          ; open            ; open  ; 0 V                 ; -                  ; n/a           ; n/a             ; n/a         ;
; LCD_BLON        ; 3.3-V LVTTL  ; 0 in              ; 0 H/in                  ; 0 F/in                  ; short         ; -                   ; open           ; open             ; open   ; 0 in             ; 0 H/in                 ; 0 F/in                 ; short        ; open          ; open            ; open  ; 0 V                 ; -                  ; n/a           ; n/a             ; n/a         ;
; LCD_RW          ; 3.3-V LVTTL  ; 0 in              ; 0 H/in                  ; 0 F/in                  ; short         ; -                   ; open           ; open             ; open   ; 0 in             ; 0 H/in                 ; 0 F/in                 ; short        ; open          ; open            ; open  ; 0 V                 ; -                  ; n/a           ; n/a             ; n/a         ;
; LCD_EN          ; 3.3-V LVTTL  ; 0 in              ; 0 H/in                  ; 0 F/in                  ; short         ; -                   ; open           ; open             ; open   ; 0 in             ; 0 H/in                 ; 0 F/in                 ; short        ; open          ; open            ; open  ; 0 V                 ; -                  ; n/a           ; n/a             ; n/a         ;
; LCD_RS          ; 3.3-V LVTTL  ; 0 in              ; 0 H/in                  ; 0 F/in                  ; short         ; -                   ; open           ; open             ; open   ; 0 in             ; 0 H/in                 ; 0 F/in                 ; short        ; open          ; open            ; open  ; 0 V                 ; -                  ; n/a           ; n/a             ; n/a         ;
; SD_CLK          ; 3.3-V LVTTL  ; 0 in              ; 0 H/in                  ; 0 F/in                  ; short         ; -                   ; open           ; open             ; open   ; 0 in             ; 0 H/in                 ; 0 F/in                 ; short        ; open          ; open            ; open  ; 0 V                 ; -                  ; n/a           ; n/a             ; n/a         ;
; VGA_HS          ; 3.3-V LVTTL  ; 0 in              ; 0 H/in                  ; 0 F/in                  ; short         ; -                   ; open           ; open             ; open   ; 0 in             ; 0 H/in                 ; 0 F/in                 ; short        ; open          ; open            ; open  ; 0 V                 ; -                  ; n/a           ; n/a             ; n/a         ;
; VGA_VS          ; 3.3-V LVTTL  ; 0 in              ; 0 H/in                  ; 0 F/in                  ; short         ; -                   ; open           ; open             ; open   ; 0 in             ; 0 H/in                 ; 0 F/in                 ; short        ; open          ; open            ; open  ; 0 V                 ; -                  ; n/a           ; n/a             ; n/a         ;
; VGA_R[0]        ; 3.3-V LVTTL  ; 0 in              ; 0 H/in                  ; 0 F/in                  ; short         ; -                   ; open           ; open             ; open   ; 0 in             ; 0 H/in                 ; 0 F/in                 ; short        ; open          ; open            ; open  ; 0 V                 ; -                  ; n/a           ; n/a             ; n/a         ;
; VGA_R[1]        ; 3.3-V LVTTL  ; 0 in              ; 0 H/in                  ; 0 F/in                  ; short         ; -                   ; open           ; open             ; open   ; 0 in             ; 0 H/in                 ; 0 F/in                 ; short        ; open          ; open            ; open  ; 0 V                 ; -                  ; n/a           ; n/a             ; n/a         ;
; VGA_R[2]        ; 3.3-V LVTTL  ; 0 in              ; 0 H/in                  ; 0 F/in                  ; short         ; -                   ; open           ; open             ; open   ; 0 in             ; 0 H/in                 ; 0 F/in                 ; short        ; open          ; open            ; open  ; 0 V                 ; -                  ; n/a           ; n/a             ; n/a         ;
; VGA_R[3]        ; 3.3-V LVTTL  ; 0 in              ; 0 H/in                  ; 0 F/in                  ; short         ; -                   ; open           ; open             ; open   ; 0 in             ; 0 H/in                 ; 0 F/in                 ; short        ; open          ; open            ; open  ; 0 V                 ; -                  ; n/a           ; n/a             ; n/a         ;
; VGA_G[0]        ; 3.3-V LVTTL  ; 0 in              ; 0 H/in                  ; 0 F/in                  ; short         ; -                   ; open           ; open             ; open   ; 0 in             ; 0 H/in                 ; 0 F/in                 ; short        ; open          ; open            ; open  ; 0 V                 ; -                  ; n/a           ; n/a             ; n/a         ;
; VGA_G[1]        ; 3.3-V LVTTL  ; 0 in              ; 0 H/in                  ; 0 F/in                  ; short         ; -                   ; open           ; open             ; open   ; 0 in             ; 0 H/in                 ; 0 F/in                 ; short        ; open          ; open            ; open  ; 0 V                 ; -                  ; n/a           ; n/a             ; n/a         ;
; VGA_G[2]        ; 3.3-V LVTTL  ; 0 in              ; 0 H/in                  ; 0 F/in                  ; short         ; -                   ; open           ; open             ; open   ; 0 in             ; 0 H/in                 ; 0 F/in                 ; short        ; open          ; open            ; open  ; 0 V                 ; -                  ; n/a           ; n/a             ; n/a         ;
; VGA_G[3]        ; 3.3-V LVTTL  ; 0 in              ; 0 H/in                  ; 0 F/in                  ; short         ; -                   ; open           ; open             ; open   ; 0 in             ; 0 H/in                 ; 0 F/in                 ; short        ; open          ; open            ; open  ; 0 V                 ; -                  ; n/a           ; n/a             ; n/a         ;
; VGA_B[0]        ; 3.3-V LVTTL  ; 0 in              ; 0 H/in                  ; 0 F/in                  ; short         ; -                   ; open           ; open             ; open   ; 0 in             ; 0 H/in                 ; 0 F/in                 ; short        ; open          ; open            ; open  ; 0 V                 ; -                  ; n/a           ; n/a             ; n/a         ;
; VGA_B[1]        ; 3.3-V LVTTL  ; 0 in              ; 0 H/in                  ; 0 F/in                  ; short         ; -                   ; open           ; open             ; open   ; 0 in             ; 0 H/in                 ; 0 F/in                 ; short        ; open          ; open            ; open  ; 0 V                 ; -                  ; n/a           ; n/a             ; n/a         ;
; VGA_B[2]        ; 3.3-V LVTTL  ; 0 in              ; 0 H/in                  ; 0 F/in                  ; short         ; -                   ; open           ; open             ; open   ; 0 in             ; 0 H/in                 ; 0 F/in                 ; short        ; open          ; open            ; open  ; 0 V                 ; -                  ; n/a           ; n/a             ; n/a         ;
; VGA_B[3]        ; 3.3-V LVTTL  ; 0 in              ; 0 H/in                  ; 0 F/in                  ; short         ; -                   ; open           ; open             ; open   ; 0 in             ; 0 H/in                 ; 0 F/in                 ; short        ; open          ; open            ; open  ; 0 V                 ; -                  ; n/a           ; n/a             ; n/a         ;
; GPIO0_CLKOUT[0] ; 3.3-V LVTTL  ; 0 in              ; 0 H/in                  ; 0 F/in                  ; short         ; -                   ; open           ; open             ; open   ; 0 in             ; 0 H/in                 ; 0 F/in                 ; short        ; open          ; open            ; open  ; 0 V                 ; -                  ; n/a           ; n/a             ; n/a         ;
; GPIO0_CLKOUT[1] ; 3.3-V LVTTL  ; 0 in              ; 0 H/in                  ; 0 F/in                  ; short         ; -                   ; open           ; open             ; open   ; 0 in             ; 0 H/in                 ; 0 F/in                 ; short        ; open          ; open            ; open  ; 0 V                 ; -                  ; n/a           ; n/a             ; n/a         ;
; GPIO1_CLKOUT[0] ; 3.3-V LVTTL  ; 0 in              ; 0 H/in                  ; 0 F/in                  ; short         ; -                   ; open           ; open             ; open   ; 0 in             ; 0 H/in                 ; 0 F/in                 ; short        ; open          ; open            ; open  ; 0 V                 ; -                  ; n/a           ; n/a             ; n/a         ;
; GPIO1_CLKOUT[1] ; 3.3-V LVTTL  ; 0 in              ; 0 H/in                  ; 0 F/in                  ; short         ; -                   ; open           ; open             ; open   ; 0 in             ; 0 H/in                 ; 0 F/in                 ; short        ; open          ; open            ; open  ; 0 V                 ; -                  ; n/a           ; n/a             ; n/a         ;
; DRAM_DQ[0]      ; 3.3-V LVTTL  ; 0 in              ; 0 H/in                  ; 0 F/in                  ; short         ; -                   ; open           ; open             ; open   ; 0 in             ; 0 H/in                 ; 0 F/in                 ; short        ; open          ; open            ; open  ; 0 V                 ; -                  ; n/a           ; n/a             ; n/a         ;
; DRAM_DQ[1]      ; 3.3-V LVTTL  ; 0 in              ; 0 H/in                  ; 0 F/in                  ; short         ; -                   ; open           ; open             ; open   ; 0 in             ; 0 H/in                 ; 0 F/in                 ; short        ; open          ; open            ; open  ; 0 V                 ; -                  ; n/a           ; n/a             ; n/a         ;
; DRAM_DQ[2]      ; 3.3-V LVTTL  ; 0 in              ; 0 H/in                  ; 0 F/in                  ; short         ; -                   ; open           ; open             ; open   ; 0 in             ; 0 H/in                 ; 0 F/in                 ; short        ; open          ; open            ; open  ; 0 V                 ; -                  ; n/a           ; n/a             ; n/a         ;
; DRAM_DQ[3]      ; 3.3-V LVTTL  ; 0 in              ; 0 H/in                  ; 0 F/in                  ; short         ; -                   ; open           ; open             ; open   ; 0 in             ; 0 H/in                 ; 0 F/in                 ; short        ; open          ; open            ; open  ; 0 V                 ; -                  ; n/a           ; n/a             ; n/a         ;
; DRAM_DQ[4]      ; 3.3-V LVTTL  ; 0 in              ; 0 H/in                  ; 0 F/in                  ; short         ; -                   ; open           ; open             ; open   ; 0 in             ; 0 H/in                 ; 0 F/in                 ; short        ; open          ; open            ; open  ; 0 V                 ; -                  ; n/a           ; n/a             ; n/a         ;
; DRAM_DQ[5]      ; 3.3-V LVTTL  ; 0 in              ; 0 H/in                  ; 0 F/in                  ; short         ; -                   ; open           ; open             ; open   ; 0 in             ; 0 H/in                 ; 0 F/in                 ; short        ; open          ; open            ; open  ; 0 V                 ; -                  ; n/a           ; n/a             ; n/a         ;
; DRAM_DQ[6]      ; 3.3-V LVTTL  ; 0 in              ; 0 H/in                  ; 0 F/in                  ; short         ; -                   ; open           ; open             ; open   ; 0 in             ; 0 H/in                 ; 0 F/in                 ; short        ; open          ; open            ; open  ; 0 V                 ; -                  ; n/a           ; n/a             ; n/a         ;
; DRAM_DQ[7]      ; 3.3-V LVTTL  ; 0 in              ; 0 H/in                  ; 0 F/in                  ; short         ; -                   ; open           ; open             ; open   ; 0 in             ; 0 H/in                 ; 0 F/in                 ; short        ; open          ; open            ; open  ; 0 V                 ; -                  ; n/a           ; n/a             ; n/a         ;
; DRAM_DQ[8]      ; 3.3-V LVTTL  ; 0 in              ; 0 H/in                  ; 0 F/in                  ; short         ; -                   ; open           ; open             ; open   ; 0 in             ; 0 H/in                 ; 0 F/in                 ; short        ; open          ; open            ; open  ; 0 V                 ; -                  ; n/a           ; n/a             ; n/a         ;
; DRAM_DQ[9]      ; 3.3-V LVTTL  ; 0 in              ; 0 H/in                  ; 0 F/in                  ; short         ; -                   ; open           ; open             ; open   ; 0 in             ; 0 H/in                 ; 0 F/in                 ; short        ; open          ; open            ; open  ; 0 V                 ; -                  ; n/a           ; n/a             ; n/a         ;
; DRAM_DQ[10]     ; 3.3-V LVTTL  ; 0 in              ; 0 H/in                  ; 0 F/in                  ; short         ; -                   ; open           ; open             ; open   ; 0 in             ; 0 H/in                 ; 0 F/in                 ; short        ; open          ; open            ; open  ; 0 V                 ; -                  ; n/a           ; n/a             ; n/a         ;
; DRAM_DQ[11]     ; 3.3-V LVTTL  ; 0 in              ; 0 H/in                  ; 0 F/in                  ; short         ; -                   ; open           ; open             ; open   ; 0 in             ; 0 H/in                 ; 0 F/in                 ; short        ; open          ; open            ; open  ; 0 V                 ; -                  ; n/a           ; n/a             ; n/a         ;
; DRAM_DQ[12]     ; 3.3-V LVTTL  ; 0 in              ; 0 H/in                  ; 0 F/in                  ; short         ; -                   ; open           ; open             ; open   ; 0 in             ; 0 H/in                 ; 0 F/in                 ; short        ; open          ; open            ; open  ; 0 V                 ; -                  ; n/a           ; n/a             ; n/a         ;
; DRAM_DQ[13]     ; 3.3-V LVTTL  ; 0 in              ; 0 H/in                  ; 0 F/in                  ; short         ; -                   ; open           ; open             ; open   ; 0 in             ; 0 H/in                 ; 0 F/in                 ; short        ; open          ; open            ; open  ; 0 V                 ; -                  ; n/a           ; n/a             ; n/a         ;
; DRAM_DQ[14]     ; 3.3-V LVTTL  ; 0 in              ; 0 H/in                  ; 0 F/in                  ; short         ; -                   ; open           ; open             ; open   ; 0 in             ; 0 H/in                 ; 0 F/in                 ; short        ; open          ; open            ; open  ; 0 V                 ; -                  ; n/a           ; n/a             ; n/a         ;
; DRAM_DQ[15]     ; 3.3-V LVTTL  ; 0 in              ; 0 H/in                  ; 0 F/in                  ; short         ; -                   ; open           ; open             ; open   ; 0 in             ; 0 H/in                 ; 0 F/in                 ; short        ; open          ; open            ; open  ; 0 V                 ; -                  ; n/a           ; n/a             ; n/a         ;
; FL_DQ[0]        ; 3.3-V LVTTL  ; 0 in              ; 0 H/in                  ; 0 F/in                  ; short         ; -                   ; open           ; open             ; open   ; 0 in             ; 0 H/in                 ; 0 F/in                 ; short        ; open          ; open            ; open  ; 0 V                 ; -                  ; n/a           ; n/a             ; n/a         ;
; FL_DQ[1]        ; 3.3-V LVTTL  ; 0 in              ; 0 H/in                  ; 0 F/in                  ; short         ; -                   ; open           ; open             ; open   ; 0 in             ; 0 H/in                 ; 0 F/in                 ; short        ; open          ; open            ; open  ; 0 V                 ; -                  ; n/a           ; n/a             ; n/a         ;
; FL_DQ[2]        ; 3.3-V LVTTL  ; 0 in              ; 0 H/in                  ; 0 F/in                  ; short         ; -                   ; open           ; open             ; open   ; 0 in             ; 0 H/in                 ; 0 F/in                 ; short        ; open          ; open            ; open  ; 0 V                 ; -                  ; n/a           ; n/a             ; n/a         ;
; FL_DQ[3]        ; 3.3-V LVTTL  ; 0 in              ; 0 H/in                  ; 0 F/in                  ; short         ; -                   ; open           ; open             ; open   ; 0 in             ; 0 H/in                 ; 0 F/in                 ; short        ; open          ; open            ; open  ; 0 V                 ; -                  ; n/a           ; n/a             ; n/a         ;
; FL_DQ[4]        ; 3.3-V LVTTL  ; 0 in              ; 0 H/in                  ; 0 F/in                  ; short         ; -                   ; open           ; open             ; open   ; 0 in             ; 0 H/in                 ; 0 F/in                 ; short        ; open          ; open            ; open  ; 0 V                 ; -                  ; n/a           ; n/a             ; n/a         ;
; FL_DQ[5]        ; 3.3-V LVTTL  ; 0 in              ; 0 H/in                  ; 0 F/in                  ; short         ; -                   ; open           ; open             ; open   ; 0 in             ; 0 H/in                 ; 0 F/in                 ; short        ; open          ; open            ; open  ; 0 V                 ; -                  ; n/a           ; n/a             ; n/a         ;
; FL_DQ[6]        ; 3.3-V LVTTL  ; 0 in              ; 0 H/in                  ; 0 F/in                  ; short         ; -                   ; open           ; open             ; open   ; 0 in             ; 0 H/in                 ; 0 F/in                 ; short        ; open          ; open            ; open  ; 0 V                 ; -                  ; n/a           ; n/a             ; n/a         ;
; FL_DQ[7]        ; 3.3-V LVTTL  ; 0 in              ; 0 H/in                  ; 0 F/in                  ; short         ; -                   ; open           ; open             ; open   ; 0 in             ; 0 H/in                 ; 0 F/in                 ; short        ; open          ; open            ; open  ; 0 V                 ; -                  ; n/a           ; n/a             ; n/a         ;
; FL_DQ[8]        ; 3.3-V LVTTL  ; 0 in              ; 0 H/in                  ; 0 F/in                  ; short         ; -                   ; open           ; open             ; open   ; 0 in             ; 0 H/in                 ; 0 F/in                 ; short        ; open          ; open            ; open  ; 0 V                 ; -                  ; n/a           ; n/a             ; n/a         ;
; FL_DQ[9]        ; 3.3-V LVTTL  ; 0 in              ; 0 H/in                  ; 0 F/in                  ; short         ; -                   ; open           ; open             ; open   ; 0 in             ; 0 H/in                 ; 0 F/in                 ; short        ; open          ; open            ; open  ; 0 V                 ; -                  ; n/a           ; n/a             ; n/a         ;
; FL_DQ[10]       ; 3.3-V LVTTL  ; 0 in              ; 0 H/in                  ; 0 F/in                  ; short         ; -                   ; open           ; open             ; open   ; 0 in             ; 0 H/in                 ; 0 F/in                 ; short        ; open          ; open            ; open  ; 0 V                 ; -                  ; n/a           ; n/a             ; n/a         ;
; FL_DQ[11]       ; 3.3-V LVTTL  ; 0 in              ; 0 H/in                  ; 0 F/in                  ; short         ; -                   ; open           ; open             ; open   ; 0 in             ; 0 H/in                 ; 0 F/in                 ; short        ; open          ; open            ; open  ; 0 V                 ; -                  ; n/a           ; n/a             ; n/a         ;
; FL_DQ[12]       ; 3.3-V LVTTL  ; 0 in              ; 0 H/in                  ; 0 F/in                  ; short         ; -                   ; open           ; open             ; open   ; 0 in             ; 0 H/in                 ; 0 F/in                 ; short        ; open          ; open            ; open  ; 0 V                 ; -                  ; n/a           ; n/a             ; n/a         ;
; FL_DQ[13]       ; 3.3-V LVTTL  ; 0 in              ; 0 H/in                  ; 0 F/in                  ; short         ; -                   ; open           ; open             ; open   ; 0 in             ; 0 H/in                 ; 0 F/in                 ; short        ; open          ; open            ; open  ; 0 V                 ; -                  ; n/a           ; n/a             ; n/a         ;
; FL_DQ[14]       ; 3.3-V LVTTL  ; 0 in              ; 0 H/in                  ; 0 F/in                  ; short         ; -                   ; open           ; open             ; open   ; 0 in             ; 0 H/in                 ; 0 F/in                 ; short        ; open          ; open            ; open  ; 0 V                 ; -                  ; n/a           ; n/a             ; n/a         ;
; FL_DQ15_AM1     ; 3.3-V LVTTL  ; 0 in              ; 0 H/in                  ; 0 F/in                  ; short         ; -                   ; open           ; open             ; open   ; 0 in             ; 0 H/in                 ; 0 F/in                 ; short        ; open          ; open            ; open  ; 0 V                 ; -                  ; n/a           ; n/a             ; n/a         ;
; LCD_DATA[0]     ; 3.3-V LVTTL  ; 0 in              ; 0 H/in                  ; 0 F/in                  ; short         ; -                   ; open           ; open             ; open   ; 0 in             ; 0 H/in                 ; 0 F/in                 ; short        ; open          ; open            ; open  ; 0 V                 ; -                  ; n/a           ; n/a             ; n/a         ;
; LCD_DATA[1]     ; 3.3-V LVTTL  ; 0 in              ; 0 H/in                  ; 0 F/in                  ; short         ; -                   ; open           ; open             ; open   ; 0 in             ; 0 H/in                 ; 0 F/in                 ; short        ; open          ; open            ; open  ; 0 V                 ; -                  ; n/a           ; n/a             ; n/a         ;
; LCD_DATA[2]     ; 3.3-V LVTTL  ; 0 in              ; 0 H/in                  ; 0 F/in                  ; short         ; -                   ; open           ; open             ; open   ; 0 in             ; 0 H/in                 ; 0 F/in                 ; short        ; open          ; open            ; open  ; 0 V                 ; -                  ; n/a           ; n/a             ; n/a         ;
; LCD_DATA[3]     ; 3.3-V LVTTL  ; 0 in              ; 0 H/in                  ; 0 F/in                  ; short         ; -                   ; open           ; open             ; open   ; 0 in             ; 0 H/in                 ; 0 F/in                 ; short        ; open          ; open            ; open  ; 0 V                 ; -                  ; n/a           ; n/a             ; n/a         ;
; LCD_DATA[4]     ; 3.3-V LVTTL  ; 0 in              ; 0 H/in                  ; 0 F/in                  ; short         ; -                   ; open           ; open             ; open   ; 0 in             ; 0 H/in                 ; 0 F/in                 ; short        ; open          ; open            ; open  ; 0 V                 ; -                  ; n/a           ; n/a             ; n/a         ;
; LCD_DATA[5]     ; 3.3-V LVTTL  ; 0 in              ; 0 H/in                  ; 0 F/in                  ; short         ; -                   ; open           ; open             ; open   ; 0 in             ; 0 H/in                 ; 0 F/in                 ; short        ; open          ; open            ; open  ; 0 V                 ; -                  ; n/a           ; n/a             ; n/a         ;
; LCD_DATA[6]     ; 3.3-V LVTTL  ; 0 in              ; 0 H/in                  ; 0 F/in                  ; short         ; -                   ; open           ; open             ; open   ; 0 in             ; 0 H/in                 ; 0 F/in                 ; short        ; open          ; open            ; open  ; 0 V                 ; -                  ; n/a           ; n/a             ; n/a         ;
; LCD_DATA[7]     ; 3.3-V LVTTL  ; 0 in              ; 0 H/in                  ; 0 F/in                  ; short         ; -                   ; open           ; open             ; open   ; 0 in             ; 0 H/in                 ; 0 F/in                 ; short        ; open          ; open            ; open  ; 0 V                 ; -                  ; n/a           ; n/a             ; n/a         ;
; SD_DAT0         ; 3.3-V LVTTL  ; 0 in              ; 0 H/in                  ; 0 F/in                  ; short         ; -                   ; open           ; open             ; open   ; 0 in             ; 0 H/in                 ; 0 F/in                 ; short        ; open          ; open            ; open  ; 0 V                 ; -                  ; n/a           ; n/a             ; n/a         ;
; SD_DAT3         ; 3.3-V LVTTL  ; 0 in              ; 0 H/in                  ; 0 F/in                  ; short         ; -                   ; open           ; open             ; open   ; 0 in             ; 0 H/in                 ; 0 F/in                 ; short        ; open          ; open            ; open  ; 0 V                 ; -                  ; n/a           ; n/a             ; n/a         ;
; SD_CMD          ; 3.3-V LVTTL  ; 0 in              ; 0 H/in                  ; 0 F/in                  ; short         ; -                   ; open           ; open             ; open   ; 0 in             ; 0 H/in                 ; 0 F/in                 ; short        ; open          ; open            ; open  ; 0 V                 ; -                  ; n/a           ; n/a             ; n/a         ;
; PS2_KBDAT       ; 3.3-V LVTTL  ; 0 in              ; 0 H/in                  ; 0 F/in                  ; short         ; -                   ; open           ; open             ; open   ; 0 in             ; 0 H/in                 ; 0 F/in                 ; short        ; open          ; open            ; open  ; 0 V                 ; -                  ; n/a           ; n/a             ; n/a         ;
; PS2_KBCLK       ; 3.3-V LVTTL  ; 0 in              ; 0 H/in                  ; 0 F/in                  ; short         ; -                   ; open           ; open             ; open   ; 0 in             ; 0 H/in                 ; 0 F/in                 ; short        ; open          ; open            ; open  ; 0 V                 ; -                  ; n/a           ; n/a             ; n/a         ;
; PS2_MSDAT       ; 3.3-V LVTTL  ; 0 in              ; 0 H/in                  ; 0 F/in                  ; short         ; -                   ; open           ; open             ; open   ; 0 in             ; 0 H/in                 ; 0 F/in                 ; short        ; open          ; open            ; open  ; 0 V                 ; -                  ; n/a           ; n/a             ; n/a         ;
; PS2_MSCLK       ; 3.3-V LVTTL  ; 0 in              ; 0 H/in                  ; 0 F/in                  ; short         ; -                   ; open           ; open             ; open   ; 0 in             ; 0 H/in                 ; 0 F/in                 ; short        ; open          ; open            ; open  ; 0 V                 ; -                  ; n/a           ; n/a             ; n/a         ;
; GPIO0_D[0]      ; 3.3-V LVTTL  ; 0 in              ; 0 H/in                  ; 0 F/in                  ; short         ; -                   ; open           ; open             ; open   ; 0 in             ; 0 H/in                 ; 0 F/in                 ; short        ; open          ; open            ; open  ; 0 V                 ; -                  ; n/a           ; n/a             ; n/a         ;
; GPIO0_D[1]      ; 3.3-V LVTTL  ; 0 in              ; 0 H/in                  ; 0 F/in                  ; short         ; -                   ; open           ; open             ; open   ; 0 in             ; 0 H/in                 ; 0 F/in                 ; short        ; open          ; open            ; open  ; 0 V                 ; -                  ; n/a           ; n/a             ; n/a         ;
; GPIO0_D[2]      ; 3.3-V LVTTL  ; 0 in              ; 0 H/in                  ; 0 F/in                  ; short         ; -                   ; open           ; open             ; open   ; 0 in             ; 0 H/in                 ; 0 F/in                 ; short        ; open          ; open            ; open  ; 0 V                 ; -                  ; n/a           ; n/a             ; n/a         ;
; GPIO0_D[3]      ; 3.3-V LVTTL  ; 0 in              ; 0 H/in                  ; 0 F/in                  ; short         ; -                   ; open           ; open             ; open   ; 0 in             ; 0 H/in                 ; 0 F/in                 ; short        ; open          ; open            ; open  ; 0 V                 ; -                  ; n/a           ; n/a             ; n/a         ;
; GPIO0_D[4]      ; 3.3-V LVTTL  ; 0 in              ; 0 H/in                  ; 0 F/in                  ; short         ; -                   ; open           ; open             ; open   ; 0 in             ; 0 H/in                 ; 0 F/in                 ; short        ; open          ; open            ; open  ; 0 V                 ; -                  ; n/a           ; n/a             ; n/a         ;
; GPIO0_D[5]      ; 3.3-V LVTTL  ; 0 in              ; 0 H/in                  ; 0 F/in                  ; short         ; -                   ; open           ; open             ; open   ; 0 in             ; 0 H/in                 ; 0 F/in                 ; short        ; open          ; open            ; open  ; 0 V                 ; -                  ; n/a           ; n/a             ; n/a         ;
; GPIO0_D[6]      ; 3.3-V LVTTL  ; 0 in              ; 0 H/in                  ; 0 F/in                  ; short         ; -                   ; open           ; open             ; open   ; 0 in             ; 0 H/in                 ; 0 F/in                 ; short        ; open          ; open            ; open  ; 0 V                 ; -                  ; n/a           ; n/a             ; n/a         ;
; GPIO0_D[7]      ; 3.3-V LVTTL  ; 0 in              ; 0 H/in                  ; 0 F/in                  ; short         ; -                   ; open           ; open             ; open   ; 0 in             ; 0 H/in                 ; 0 F/in                 ; short        ; open          ; open            ; open  ; 0 V                 ; -                  ; n/a           ; n/a             ; n/a         ;
; GPIO0_D[8]      ; 3.3-V LVTTL  ; 0 in              ; 0 H/in                  ; 0 F/in                  ; short         ; -                   ; open           ; open             ; open   ; 0 in             ; 0 H/in                 ; 0 F/in                 ; short        ; open          ; open            ; open  ; 0 V                 ; -                  ; n/a           ; n/a             ; n/a         ;
; GPIO0_D[9]      ; 3.3-V LVTTL  ; 0 in              ; 0 H/in                  ; 0 F/in                  ; short         ; -                   ; open           ; open             ; open   ; 0 in             ; 0 H/in                 ; 0 F/in                 ; short        ; open          ; open            ; open  ; 0 V                 ; -                  ; n/a           ; n/a             ; n/a         ;
; GPIO0_D[10]     ; 3.3-V LVTTL  ; 0 in              ; 0 H/in                  ; 0 F/in                  ; short         ; -                   ; open           ; open             ; open   ; 0 in             ; 0 H/in                 ; 0 F/in                 ; short        ; open          ; open            ; open  ; 0 V                 ; -                  ; n/a           ; n/a             ; n/a         ;
; GPIO0_D[11]     ; 3.3-V LVTTL  ; 0 in              ; 0 H/in                  ; 0 F/in                  ; short         ; -                   ; open           ; open             ; open   ; 0 in             ; 0 H/in                 ; 0 F/in                 ; short        ; open          ; open            ; open  ; 0 V                 ; -                  ; n/a           ; n/a             ; n/a         ;
; GPIO0_D[12]     ; 3.3-V LVTTL  ; 0 in              ; 0 H/in                  ; 0 F/in                  ; short         ; -                   ; open           ; open             ; open   ; 0 in             ; 0 H/in                 ; 0 F/in                 ; short        ; open          ; open            ; open  ; 0 V                 ; -                  ; n/a           ; n/a             ; n/a         ;
; GPIO0_D[13]     ; 3.3-V LVTTL  ; 0 in              ; 0 H/in                  ; 0 F/in                  ; short         ; -                   ; open           ; open             ; open   ; 0 in             ; 0 H/in                 ; 0 F/in                 ; short        ; open          ; open            ; open  ; 0 V                 ; -                  ; n/a           ; n/a             ; n/a         ;
; GPIO0_D[14]     ; 3.3-V LVTTL  ; 0 in              ; 0 H/in                  ; 0 F/in                  ; short         ; -                   ; open           ; open             ; open   ; 0 in             ; 0 H/in                 ; 0 F/in                 ; short        ; open          ; open            ; open  ; 0 V                 ; -                  ; n/a           ; n/a             ; n/a         ;
; GPIO0_D[15]     ; 3.3-V LVTTL  ; 0 in              ; 0 H/in                  ; 0 F/in                  ; short         ; -                   ; open           ; open             ; open   ; 0 in             ; 0 H/in                 ; 0 F/in                 ; short        ; open          ; open            ; open  ; 0 V                 ; -                  ; n/a           ; n/a             ; n/a         ;
; GPIO0_D[16]     ; 3.3-V LVTTL  ; 0 in              ; 0 H/in                  ; 0 F/in                  ; short         ; -                   ; open           ; open             ; open   ; 0 in             ; 0 H/in                 ; 0 F/in                 ; short        ; open          ; open            ; open  ; 0 V                 ; -                  ; n/a           ; n/a             ; n/a         ;
; GPIO0_D[17]     ; 3.3-V LVTTL  ; 0 in              ; 0 H/in                  ; 0 F/in                  ; short         ; -                   ; open           ; open             ; open   ; 0 in             ; 0 H/in                 ; 0 F/in                 ; short        ; open          ; open            ; open  ; 0 V                 ; -                  ; n/a           ; n/a             ; n/a         ;
; GPIO0_D[18]     ; 3.3-V LVTTL  ; 0 in              ; 0 H/in                  ; 0 F/in                  ; short         ; -                   ; open           ; open             ; open   ; 0 in             ; 0 H/in                 ; 0 F/in                 ; short        ; open          ; open            ; open  ; 0 V                 ; -                  ; n/a           ; n/a             ; n/a         ;
; GPIO0_D[19]     ; 3.3-V LVTTL  ; 0 in              ; 0 H/in                  ; 0 F/in                  ; short         ; -                   ; open           ; open             ; open   ; 0 in             ; 0 H/in                 ; 0 F/in                 ; short        ; open          ; open            ; open  ; 0 V                 ; -                  ; n/a           ; n/a             ; n/a         ;
; GPIO0_D[20]     ; 3.3-V LVTTL  ; 0 in              ; 0 H/in                  ; 0 F/in                  ; short         ; -                   ; open           ; open             ; open   ; 0 in             ; 0 H/in                 ; 0 F/in                 ; short        ; open          ; open            ; open  ; 0 V                 ; -                  ; n/a           ; n/a             ; n/a         ;
; GPIO0_D[21]     ; 3.3-V LVTTL  ; 0 in              ; 0 H/in                  ; 0 F/in                  ; short         ; -                   ; open           ; open             ; open   ; 0 in             ; 0 H/in                 ; 0 F/in                 ; short        ; open          ; open            ; open  ; 0 V                 ; -                  ; n/a           ; n/a             ; n/a         ;
; GPIO0_D[22]     ; 3.3-V LVTTL  ; 0 in              ; 0 H/in                  ; 0 F/in                  ; short         ; -                   ; open           ; open             ; open   ; 0 in             ; 0 H/in                 ; 0 F/in                 ; short        ; open          ; open            ; open  ; 0 V                 ; -                  ; n/a           ; n/a             ; n/a         ;
; GPIO0_D[23]     ; 3.3-V LVTTL  ; 0 in              ; 0 H/in                  ; 0 F/in                  ; short         ; -                   ; open           ; open             ; open   ; 0 in             ; 0 H/in                 ; 0 F/in                 ; short        ; open          ; open            ; open  ; 0 V                 ; -                  ; n/a           ; n/a             ; n/a         ;
; GPIO0_D[24]     ; 3.3-V LVTTL  ; 0 in              ; 0 H/in                  ; 0 F/in                  ; short         ; -                   ; open           ; open             ; open   ; 0 in             ; 0 H/in                 ; 0 F/in                 ; short        ; open          ; open            ; open  ; 0 V                 ; -                  ; n/a           ; n/a             ; n/a         ;
; GPIO0_D[25]     ; 3.3-V LVTTL  ; 0 in              ; 0 H/in                  ; 0 F/in                  ; short         ; -                   ; open           ; open             ; open   ; 0 in             ; 0 H/in                 ; 0 F/in                 ; short        ; open          ; open            ; open  ; 0 V                 ; -                  ; n/a           ; n/a             ; n/a         ;
; GPIO0_D[26]     ; 3.3-V LVTTL  ; 0 in              ; 0 H/in                  ; 0 F/in                  ; short         ; -                   ; open           ; open             ; open   ; 0 in             ; 0 H/in                 ; 0 F/in                 ; short        ; open          ; open            ; open  ; 0 V                 ; -                  ; n/a           ; n/a             ; n/a         ;
; GPIO0_D[27]     ; 3.3-V LVTTL  ; 0 in              ; 0 H/in                  ; 0 F/in                  ; short         ; -                   ; open           ; open             ; open   ; 0 in             ; 0 H/in                 ; 0 F/in                 ; short        ; open          ; open            ; open  ; 0 V                 ; -                  ; n/a           ; n/a             ; n/a         ;
; GPIO0_D[28]     ; 3.3-V LVTTL  ; 0 in              ; 0 H/in                  ; 0 F/in                  ; short         ; -                   ; open           ; open             ; open   ; 0 in             ; 0 H/in                 ; 0 F/in                 ; short        ; open          ; open            ; open  ; 0 V                 ; -                  ; n/a           ; n/a             ; n/a         ;
; GPIO0_D[29]     ; 3.3-V LVTTL  ; 0 in              ; 0 H/in                  ; 0 F/in                  ; short         ; -                   ; open           ; open             ; open   ; 0 in             ; 0 H/in                 ; 0 F/in                 ; short        ; open          ; open            ; open  ; 0 V                 ; -                  ; n/a           ; n/a             ; n/a         ;
; GPIO0_D[30]     ; 3.3-V LVTTL  ; 0 in              ; 0 H/in                  ; 0 F/in                  ; short         ; -                   ; open           ; open             ; open   ; 0 in             ; 0 H/in                 ; 0 F/in                 ; short        ; open          ; open            ; open  ; 0 V                 ; -                  ; n/a           ; n/a             ; n/a         ;
; GPIO0_D[31]     ; 3.3-V LVTTL  ; 0 in              ; 0 H/in                  ; 0 F/in                  ; short         ; -                   ; open           ; open             ; open   ; 0 in             ; 0 H/in                 ; 0 F/in                 ; short        ; open          ; open            ; open  ; 0 V                 ; -                  ; n/a           ; n/a             ; n/a         ;
; GPIO1_D[0]      ; 3.3-V LVTTL  ; 0 in              ; 0 H/in                  ; 0 F/in                  ; short         ; -                   ; open           ; open             ; open   ; 0 in             ; 0 H/in                 ; 0 F/in                 ; short        ; open          ; open            ; open  ; 0 V                 ; -                  ; n/a           ; n/a             ; n/a         ;
; GPIO1_D[1]      ; 3.3-V LVTTL  ; 0 in              ; 0 H/in                  ; 0 F/in                  ; short         ; -                   ; open           ; open             ; open   ; 0 in             ; 0 H/in                 ; 0 F/in                 ; short        ; open          ; open            ; open  ; 0 V                 ; -                  ; n/a           ; n/a             ; n/a         ;
; GPIO1_D[2]      ; 3.3-V LVTTL  ; 0 in              ; 0 H/in                  ; 0 F/in                  ; short         ; -                   ; open           ; open             ; open   ; 0 in             ; 0 H/in                 ; 0 F/in                 ; short        ; open          ; open            ; open  ; 0 V                 ; -                  ; n/a           ; n/a             ; n/a         ;
; GPIO1_D[3]      ; 3.3-V LVTTL  ; 0 in              ; 0 H/in                  ; 0 F/in                  ; short         ; -                   ; open           ; open             ; open   ; 0 in             ; 0 H/in                 ; 0 F/in                 ; short        ; open          ; open            ; open  ; 0 V                 ; -                  ; n/a           ; n/a             ; n/a         ;
; GPIO1_D[4]      ; 3.3-V LVTTL  ; 0 in              ; 0 H/in                  ; 0 F/in                  ; short         ; -                   ; open           ; open             ; open   ; 0 in             ; 0 H/in                 ; 0 F/in                 ; short        ; open          ; open            ; open  ; 0 V                 ; -                  ; n/a           ; n/a             ; n/a         ;
; GPIO1_D[5]      ; 3.3-V LVTTL  ; 0 in              ; 0 H/in                  ; 0 F/in                  ; short         ; -                   ; open           ; open             ; open   ; 0 in             ; 0 H/in                 ; 0 F/in                 ; short        ; open          ; open            ; open  ; 0 V                 ; -                  ; n/a           ; n/a             ; n/a         ;
; GPIO1_D[6]      ; 3.3-V LVTTL  ; 0 in              ; 0 H/in                  ; 0 F/in                  ; short         ; -                   ; open           ; open             ; open   ; 0 in             ; 0 H/in                 ; 0 F/in                 ; short        ; open          ; open            ; open  ; 0 V                 ; -                  ; n/a           ; n/a             ; n/a         ;
; GPIO1_D[7]      ; 3.3-V LVTTL  ; 0 in              ; 0 H/in                  ; 0 F/in                  ; short         ; -                   ; open           ; open             ; open   ; 0 in             ; 0 H/in                 ; 0 F/in                 ; short        ; open          ; open            ; open  ; 0 V                 ; -                  ; n/a           ; n/a             ; n/a         ;
; GPIO1_D[8]      ; 3.3-V LVTTL  ; 0 in              ; 0 H/in                  ; 0 F/in                  ; short         ; -                   ; open           ; open             ; open   ; 0 in             ; 0 H/in                 ; 0 F/in                 ; short        ; open          ; open            ; open  ; 0 V                 ; -                  ; n/a           ; n/a             ; n/a         ;
; GPIO1_D[9]      ; 3.3-V LVTTL  ; 0 in              ; 0 H/in                  ; 0 F/in                  ; short         ; -                   ; open           ; open             ; open   ; 0 in             ; 0 H/in                 ; 0 F/in                 ; short        ; open          ; open            ; open  ; 0 V                 ; -                  ; n/a           ; n/a             ; n/a         ;
; GPIO1_D[10]     ; 3.3-V LVTTL  ; 0 in              ; 0 H/in                  ; 0 F/in                  ; short         ; -                   ; open           ; open             ; open   ; 0 in             ; 0 H/in                 ; 0 F/in                 ; short        ; open          ; open            ; open  ; 0 V                 ; -                  ; n/a           ; n/a             ; n/a         ;
; GPIO1_D[11]     ; 3.3-V LVTTL  ; 0 in              ; 0 H/in                  ; 0 F/in                  ; short         ; -                   ; open           ; open             ; open   ; 0 in             ; 0 H/in                 ; 0 F/in                 ; short        ; open          ; open            ; open  ; 0 V                 ; -                  ; n/a           ; n/a             ; n/a         ;
; GPIO1_D[12]     ; 3.3-V LVTTL  ; 0 in              ; 0 H/in                  ; 0 F/in                  ; short         ; -                   ; open           ; open             ; open   ; 0 in             ; 0 H/in                 ; 0 F/in                 ; short        ; open          ; open            ; open  ; 0 V                 ; -                  ; n/a           ; n/a             ; n/a         ;
; GPIO1_D[13]     ; 3.3-V LVTTL  ; 0 in              ; 0 H/in                  ; 0 F/in                  ; short         ; -                   ; open           ; open             ; open   ; 0 in             ; 0 H/in                 ; 0 F/in                 ; short        ; open          ; open            ; open  ; 0 V                 ; -                  ; n/a           ; n/a             ; n/a         ;
; GPIO1_D[14]     ; 3.3-V LVTTL  ; 0 in              ; 0 H/in                  ; 0 F/in                  ; short         ; -                   ; open           ; open             ; open   ; 0 in             ; 0 H/in                 ; 0 F/in                 ; short        ; open          ; open            ; open  ; 0 V                 ; -                  ; n/a           ; n/a             ; n/a         ;
; GPIO1_D[15]     ; 3.3-V LVTTL  ; 0 in              ; 0 H/in                  ; 0 F/in                  ; short         ; -                   ; open           ; open             ; open   ; 0 in             ; 0 H/in                 ; 0 F/in                 ; short        ; open          ; open            ; open  ; 0 V                 ; -                  ; n/a           ; n/a             ; n/a         ;
; GPIO1_D[16]     ; 3.3-V LVTTL  ; 0 in              ; 0 H/in                  ; 0 F/in                  ; short         ; -                   ; open           ; open             ; open   ; 0 in             ; 0 H/in                 ; 0 F/in                 ; short        ; open          ; open            ; open  ; 0 V                 ; -                  ; n/a           ; n/a             ; n/a         ;
; GPIO1_D[17]     ; 3.3-V LVTTL  ; 0 in              ; 0 H/in                  ; 0 F/in                  ; short         ; -                   ; open           ; open             ; open   ; 0 in             ; 0 H/in                 ; 0 F/in                 ; short        ; open          ; open            ; open  ; 0 V                 ; -                  ; n/a           ; n/a             ; n/a         ;
; GPIO1_D[18]     ; 3.3-V LVTTL  ; 0 in              ; 0 H/in                  ; 0 F/in                  ; short         ; -                   ; open           ; open             ; open   ; 0 in             ; 0 H/in                 ; 0 F/in                 ; short        ; open          ; open            ; open  ; 0 V                 ; -                  ; n/a           ; n/a             ; n/a         ;
; GPIO1_D[19]     ; 3.3-V LVTTL  ; 0 in              ; 0 H/in                  ; 0 F/in                  ; short         ; -                   ; open           ; open             ; open   ; 0 in             ; 0 H/in                 ; 0 F/in                 ; short        ; open          ; open            ; open  ; 0 V                 ; -                  ; n/a           ; n/a             ; n/a         ;
; GPIO1_D[20]     ; 3.3-V LVTTL  ; 0 in              ; 0 H/in                  ; 0 F/in                  ; short         ; -                   ; open           ; open             ; open   ; 0 in             ; 0 H/in                 ; 0 F/in                 ; short        ; open          ; open            ; open  ; 0 V                 ; -                  ; n/a           ; n/a             ; n/a         ;
; GPIO1_D[21]     ; 3.3-V LVTTL  ; 0 in              ; 0 H/in                  ; 0 F/in                  ; short         ; -                   ; open           ; open             ; open   ; 0 in             ; 0 H/in                 ; 0 F/in                 ; short        ; open          ; open            ; open  ; 0 V                 ; -                  ; n/a           ; n/a             ; n/a         ;
; GPIO1_D[22]     ; 3.3-V LVTTL  ; 0 in              ; 0 H/in                  ; 0 F/in                  ; short         ; -                   ; open           ; open             ; open   ; 0 in             ; 0 H/in                 ; 0 F/in                 ; short        ; open          ; open            ; open  ; 0 V                 ; -                  ; n/a           ; n/a             ; n/a         ;
; GPIO1_D[23]     ; 3.3-V LVTTL  ; 0 in              ; 0 H/in                  ; 0 F/in                  ; short         ; -                   ; open           ; open             ; open   ; 0 in             ; 0 H/in                 ; 0 F/in                 ; short        ; open          ; open            ; open  ; 0 V                 ; -                  ; n/a           ; n/a             ; n/a         ;
; GPIO1_D[24]     ; 3.3-V LVTTL  ; 0 in              ; 0 H/in                  ; 0 F/in                  ; short         ; -                   ; open           ; open             ; open   ; 0 in             ; 0 H/in                 ; 0 F/in                 ; short        ; open          ; open            ; open  ; 0 V                 ; -                  ; n/a           ; n/a             ; n/a         ;
; GPIO1_D[25]     ; 3.3-V LVTTL  ; 0 in              ; 0 H/in                  ; 0 F/in                  ; short         ; -                   ; open           ; open             ; open   ; 0 in             ; 0 H/in                 ; 0 F/in                 ; short        ; open          ; open            ; open  ; 0 V                 ; -                  ; n/a           ; n/a             ; n/a         ;
; GPIO1_D[26]     ; 3.3-V LVTTL  ; 0 in              ; 0 H/in                  ; 0 F/in                  ; short         ; -                   ; open           ; open             ; open   ; 0 in             ; 0 H/in                 ; 0 F/in                 ; short        ; open          ; open            ; open  ; 0 V                 ; -                  ; n/a           ; n/a             ; n/a         ;
; GPIO1_D[27]     ; 3.3-V LVTTL  ; 0 in              ; 0 H/in                  ; 0 F/in                  ; short         ; -                   ; open           ; open             ; open   ; 0 in             ; 0 H/in                 ; 0 F/in                 ; short        ; open          ; open            ; open  ; 0 V                 ; -                  ; n/a           ; n/a             ; n/a         ;
; GPIO1_D[28]     ; 3.3-V LVTTL  ; 0 in              ; 0 H/in                  ; 0 F/in                  ; short         ; -                   ; open           ; open             ; open   ; 0 in             ; 0 H/in                 ; 0 F/in                 ; short        ; open          ; open            ; open  ; 0 V                 ; -                  ; n/a           ; n/a             ; n/a         ;
; GPIO1_D[29]     ; 3.3-V LVTTL  ; 0 in              ; 0 H/in                  ; 0 F/in                  ; short         ; -                   ; open           ; open             ; open   ; 0 in             ; 0 H/in                 ; 0 F/in                 ; short        ; open          ; open            ; open  ; 0 V                 ; -                  ; n/a           ; n/a             ; n/a         ;
; GPIO1_D[30]     ; 3.3-V LVTTL  ; 0 in              ; 0 H/in                  ; 0 F/in                  ; short         ; -                   ; open           ; open             ; open   ; 0 in             ; 0 H/in                 ; 0 F/in                 ; short        ; open          ; open            ; open  ; 0 V                 ; -                  ; n/a           ; n/a             ; n/a         ;
; GPIO1_D[31]     ; 3.3-V LVTTL  ; 0 in              ; 0 H/in                  ; 0 F/in                  ; short         ; -                   ; open           ; open             ; open   ; 0 in             ; 0 H/in                 ; 0 F/in                 ; short        ; open          ; open            ; open  ; 0 V                 ; -                  ; n/a           ; n/a             ; n/a         ;
; ~ALTERA_DCLK~   ; 3.3-V LVTTL  ; 0 in              ; 0 H/in                  ; 0 F/in                  ; short         ; -                   ; open           ; open             ; open   ; 0 in             ; 0 H/in                 ; 0 F/in                 ; short        ; open          ; open            ; open  ; 0 V                 ; -                  ; n/a           ; n/a             ; n/a         ;
+-----------------+--------------+-------------------+-------------------------+-------------------------+---------------+---------------------+----------------+------------------+--------+------------------+------------------------+------------------------+--------------+---------------+-----------------+-------+---------------------+--------------------+---------------+-----------------+-------------+


+----------------------------------------------------------------------------+
; Input Transition Times                                                     ;
+-------------------------+--------------+-----------------+-----------------+
; Pin                     ; I/O Standard ; 10-90 Rise Time ; 90-10 Fall Time ;
+-------------------------+--------------+-----------------+-----------------+
; CLOCK_50_2              ; 3.3-V LVTTL  ; 2640 ps         ; 2640 ps         ;
; BUTTON[0]               ; 3.3-V LVTTL  ; 2640 ps         ; 2640 ps         ;
; BUTTON[1]               ; 3.3-V LVTTL  ; 2640 ps         ; 2640 ps         ;
; BUTTON[2]               ; 3.3-V LVTTL  ; 2640 ps         ; 2640 ps         ;
; SW[4]                   ; 3.3-V LVTTL  ; 2640 ps         ; 2640 ps         ;
; SW[5]                   ; 3.3-V LVTTL  ; 2640 ps         ; 2640 ps         ;
; SW[6]                   ; 3.3-V LVTTL  ; 2640 ps         ; 2640 ps         ;
; SW[7]                   ; 3.3-V LVTTL  ; 2640 ps         ; 2640 ps         ;
; SW[8]                   ; 3.3-V LVTTL  ; 2640 ps         ; 2640 ps         ;
; UART_RXD                ; 3.3-V LVTTL  ; 2640 ps         ; 2640 ps         ;
; UART_RTS                ; 3.3-V LVTTL  ; 2640 ps         ; 2640 ps         ;
; FL_RY                   ; 3.3-V LVTTL  ; 2640 ps         ; 2640 ps         ;
; SD_WP_N                 ; 3.3-V LVTTL  ; 2640 ps         ; 2640 ps         ;
; GPIO0_CLKIN[0]          ; 3.3-V LVTTL  ; 2640 ps         ; 2640 ps         ;
; GPIO0_CLKIN[1]          ; 3.3-V LVTTL  ; 2640 ps         ; 2640 ps         ;
; GPIO1_CLKIN[0]          ; 3.3-V LVTTL  ; 2640 ps         ; 2640 ps         ;
; GPIO1_CLKIN[1]          ; 3.3-V LVTTL  ; 2640 ps         ; 2640 ps         ;
; DRAM_DQ[0]              ; 3.3-V LVTTL  ; 2640 ps         ; 2640 ps         ;
; DRAM_DQ[1]              ; 3.3-V LVTTL  ; 2640 ps         ; 2640 ps         ;
; DRAM_DQ[2]              ; 3.3-V LVTTL  ; 2640 ps         ; 2640 ps         ;
; DRAM_DQ[3]              ; 3.3-V LVTTL  ; 2640 ps         ; 2640 ps         ;
; DRAM_DQ[4]              ; 3.3-V LVTTL  ; 2640 ps         ; 2640 ps         ;
; DRAM_DQ[5]              ; 3.3-V LVTTL  ; 2640 ps         ; 2640 ps         ;
; DRAM_DQ[6]              ; 3.3-V LVTTL  ; 2640 ps         ; 2640 ps         ;
; DRAM_DQ[7]              ; 3.3-V LVTTL  ; 2640 ps         ; 2640 ps         ;
; DRAM_DQ[8]              ; 3.3-V LVTTL  ; 2640 ps         ; 2640 ps         ;
; DRAM_DQ[9]              ; 3.3-V LVTTL  ; 2640 ps         ; 2640 ps         ;
; DRAM_DQ[10]             ; 3.3-V LVTTL  ; 2640 ps         ; 2640 ps         ;
; DRAM_DQ[11]             ; 3.3-V LVTTL  ; 2640 ps         ; 2640 ps         ;
; DRAM_DQ[12]             ; 3.3-V LVTTL  ; 2640 ps         ; 2640 ps         ;
; DRAM_DQ[13]             ; 3.3-V LVTTL  ; 2640 ps         ; 2640 ps         ;
; DRAM_DQ[14]             ; 3.3-V LVTTL  ; 2640 ps         ; 2640 ps         ;
; DRAM_DQ[15]             ; 3.3-V LVTTL  ; 2640 ps         ; 2640 ps         ;
; FL_DQ[0]                ; 3.3-V LVTTL  ; 2640 ps         ; 2640 ps         ;
; FL_DQ[1]                ; 3.3-V LVTTL  ; 2640 ps         ; 2640 ps         ;
; FL_DQ[2]                ; 3.3-V LVTTL  ; 2640 ps         ; 2640 ps         ;
; FL_DQ[3]                ; 3.3-V LVTTL  ; 2640 ps         ; 2640 ps         ;
; FL_DQ[4]                ; 3.3-V LVTTL  ; 2640 ps         ; 2640 ps         ;
; FL_DQ[5]                ; 3.3-V LVTTL  ; 2640 ps         ; 2640 ps         ;
; FL_DQ[6]                ; 3.3-V LVTTL  ; 2640 ps         ; 2640 ps         ;
; FL_DQ[7]                ; 3.3-V LVTTL  ; 2640 ps         ; 2640 ps         ;
; FL_DQ[8]                ; 3.3-V LVTTL  ; 2640 ps         ; 2640 ps         ;
; FL_DQ[9]                ; 3.3-V LVTTL  ; 2640 ps         ; 2640 ps         ;
; FL_DQ[10]               ; 3.3-V LVTTL  ; 2640 ps         ; 2640 ps         ;
; FL_DQ[11]               ; 3.3-V LVTTL  ; 2640 ps         ; 2640 ps         ;
; FL_DQ[12]               ; 3.3-V LVTTL  ; 2640 ps         ; 2640 ps         ;
; FL_DQ[13]               ; 3.3-V LVTTL  ; 2640 ps         ; 2640 ps         ;
; FL_DQ[14]               ; 3.3-V LVTTL  ; 2640 ps         ; 2640 ps         ;
; FL_DQ15_AM1             ; 3.3-V LVTTL  ; 2640 ps         ; 2640 ps         ;
; LCD_DATA[0]             ; 3.3-V LVTTL  ; 2640 ps         ; 2640 ps         ;
; LCD_DATA[1]             ; 3.3-V LVTTL  ; 2640 ps         ; 2640 ps         ;
; LCD_DATA[2]             ; 3.3-V LVTTL  ; 2640 ps         ; 2640 ps         ;
; LCD_DATA[3]             ; 3.3-V LVTTL  ; 2640 ps         ; 2640 ps         ;
; LCD_DATA[4]             ; 3.3-V LVTTL  ; 2640 ps         ; 2640 ps         ;
; LCD_DATA[5]             ; 3.3-V LVTTL  ; 2640 ps         ; 2640 ps         ;
; LCD_DATA[6]             ; 3.3-V LVTTL  ; 2640 ps         ; 2640 ps         ;
; LCD_DATA[7]             ; 3.3-V LVTTL  ; 2640 ps         ; 2640 ps         ;
; SD_DAT0                 ; 3.3-V LVTTL  ; 2640 ps         ; 2640 ps         ;
; SD_DAT3                 ; 3.3-V LVTTL  ; 2640 ps         ; 2640 ps         ;
; SD_CMD                  ; 3.3-V LVTTL  ; 2640 ps         ; 2640 ps         ;
; PS2_KBDAT               ; 3.3-V LVTTL  ; 2640 ps         ; 2640 ps         ;
; PS2_KBCLK               ; 3.3-V LVTTL  ; 2640 ps         ; 2640 ps         ;
; PS2_MSDAT               ; 3.3-V LVTTL  ; 2640 ps         ; 2640 ps         ;
; PS2_MSCLK               ; 3.3-V LVTTL  ; 2640 ps         ; 2640 ps         ;
; GPIO0_D[0]              ; 3.3-V LVTTL  ; 2640 ps         ; 2640 ps         ;
; GPIO0_D[1]              ; 3.3-V LVTTL  ; 2640 ps         ; 2640 ps         ;
; GPIO0_D[2]              ; 3.3-V LVTTL  ; 2640 ps         ; 2640 ps         ;
; GPIO0_D[3]              ; 3.3-V LVTTL  ; 2640 ps         ; 2640 ps         ;
; GPIO0_D[4]              ; 3.3-V LVTTL  ; 2640 ps         ; 2640 ps         ;
; GPIO0_D[5]              ; 3.3-V LVTTL  ; 2640 ps         ; 2640 ps         ;
; GPIO0_D[6]              ; 3.3-V LVTTL  ; 2640 ps         ; 2640 ps         ;
; GPIO0_D[7]              ; 3.3-V LVTTL  ; 2640 ps         ; 2640 ps         ;
; GPIO0_D[8]              ; 3.3-V LVTTL  ; 2640 ps         ; 2640 ps         ;
; GPIO0_D[9]              ; 3.3-V LVTTL  ; 2640 ps         ; 2640 ps         ;
; GPIO0_D[10]             ; 3.3-V LVTTL  ; 2640 ps         ; 2640 ps         ;
; GPIO0_D[11]             ; 3.3-V LVTTL  ; 2640 ps         ; 2640 ps         ;
; GPIO0_D[12]             ; 3.3-V LVTTL  ; 2640 ps         ; 2640 ps         ;
; GPIO0_D[13]             ; 3.3-V LVTTL  ; 2640 ps         ; 2640 ps         ;
; GPIO0_D[14]             ; 3.3-V LVTTL  ; 2640 ps         ; 2640 ps         ;
; GPIO0_D[15]             ; 3.3-V LVTTL  ; 2640 ps         ; 2640 ps         ;
; GPIO0_D[16]             ; 3.3-V LVTTL  ; 2640 ps         ; 2640 ps         ;
; GPIO0_D[17]             ; 3.3-V LVTTL  ; 2640 ps         ; 2640 ps         ;
; GPIO0_D[18]             ; 3.3-V LVTTL  ; 2640 ps         ; 2640 ps         ;
; GPIO0_D[19]             ; 3.3-V LVTTL  ; 2640 ps         ; 2640 ps         ;
; GPIO0_D[20]             ; 3.3-V LVTTL  ; 2640 ps         ; 2640 ps         ;
; GPIO0_D[21]             ; 3.3-V LVTTL  ; 2640 ps         ; 2640 ps         ;
; GPIO0_D[22]             ; 3.3-V LVTTL  ; 2640 ps         ; 2640 ps         ;
; GPIO0_D[23]             ; 3.3-V LVTTL  ; 2640 ps         ; 2640 ps         ;
; GPIO0_D[24]             ; 3.3-V LVTTL  ; 2640 ps         ; 2640 ps         ;
; GPIO0_D[25]             ; 3.3-V LVTTL  ; 2640 ps         ; 2640 ps         ;
; GPIO0_D[26]             ; 3.3-V LVTTL  ; 2640 ps         ; 2640 ps         ;
; GPIO0_D[27]             ; 3.3-V LVTTL  ; 2640 ps         ; 2640 ps         ;
; GPIO0_D[28]             ; 3.3-V LVTTL  ; 2640 ps         ; 2640 ps         ;
; GPIO0_D[29]             ; 3.3-V LVTTL  ; 2640 ps         ; 2640 ps         ;
; GPIO0_D[30]             ; 3.3-V LVTTL  ; 2640 ps         ; 2640 ps         ;
; GPIO0_D[31]             ; 3.3-V LVTTL  ; 2640 ps         ; 2640 ps         ;
; GPIO1_D[0]              ; 3.3-V LVTTL  ; 2640 ps         ; 2640 ps         ;
; GPIO1_D[1]              ; 3.3-V LVTTL  ; 2640 ps         ; 2640 ps         ;
; GPIO1_D[2]              ; 3.3-V LVTTL  ; 2640 ps         ; 2640 ps         ;
; GPIO1_D[3]              ; 3.3-V LVTTL  ; 2640 ps         ; 2640 ps         ;
; GPIO1_D[4]              ; 3.3-V LVTTL  ; 2640 ps         ; 2640 ps         ;
; GPIO1_D[5]              ; 3.3-V LVTTL  ; 2640 ps         ; 2640 ps         ;
; GPIO1_D[6]              ; 3.3-V LVTTL  ; 2640 ps         ; 2640 ps         ;
; GPIO1_D[7]              ; 3.3-V LVTTL  ; 2640 ps         ; 2640 ps         ;
; GPIO1_D[8]              ; 3.3-V LVTTL  ; 2640 ps         ; 2640 ps         ;
; GPIO1_D[9]              ; 3.3-V LVTTL  ; 2640 ps         ; 2640 ps         ;
; GPIO1_D[10]             ; 3.3-V LVTTL  ; 2640 ps         ; 2640 ps         ;
; GPIO1_D[11]             ; 3.3-V LVTTL  ; 2640 ps         ; 2640 ps         ;
; GPIO1_D[12]             ; 3.3-V LVTTL  ; 2640 ps         ; 2640 ps         ;
; GPIO1_D[13]             ; 3.3-V LVTTL  ; 2640 ps         ; 2640 ps         ;
; GPIO1_D[14]             ; 3.3-V LVTTL  ; 2640 ps         ; 2640 ps         ;
; GPIO1_D[15]             ; 3.3-V LVTTL  ; 2640 ps         ; 2640 ps         ;
; GPIO1_D[16]             ; 3.3-V LVTTL  ; 2640 ps         ; 2640 ps         ;
; GPIO1_D[17]             ; 3.3-V LVTTL  ; 2640 ps         ; 2640 ps         ;
; GPIO1_D[18]             ; 3.3-V LVTTL  ; 2640 ps         ; 2640 ps         ;
; GPIO1_D[19]             ; 3.3-V LVTTL  ; 2640 ps         ; 2640 ps         ;
; GPIO1_D[20]             ; 3.3-V LVTTL  ; 2640 ps         ; 2640 ps         ;
; GPIO1_D[21]             ; 3.3-V LVTTL  ; 2640 ps         ; 2640 ps         ;
; GPIO1_D[22]             ; 3.3-V LVTTL  ; 2640 ps         ; 2640 ps         ;
; GPIO1_D[23]             ; 3.3-V LVTTL  ; 2640 ps         ; 2640 ps         ;
; GPIO1_D[24]             ; 3.3-V LVTTL  ; 2640 ps         ; 2640 ps         ;
; GPIO1_D[25]             ; 3.3-V LVTTL  ; 2640 ps         ; 2640 ps         ;
; GPIO1_D[26]             ; 3.3-V LVTTL  ; 2640 ps         ; 2640 ps         ;
; GPIO1_D[27]             ; 3.3-V LVTTL  ; 2640 ps         ; 2640 ps         ;
; GPIO1_D[28]             ; 3.3-V LVTTL  ; 2640 ps         ; 2640 ps         ;
; GPIO1_D[29]             ; 3.3-V LVTTL  ; 2640 ps         ; 2640 ps         ;
; GPIO1_D[30]             ; 3.3-V LVTTL  ; 2640 ps         ; 2640 ps         ;
; GPIO1_D[31]             ; 3.3-V LVTTL  ; 2640 ps         ; 2640 ps         ;
; SW[9]                   ; 3.3-V LVTTL  ; 2640 ps         ; 2640 ps         ;
; CLOCK_50                ; 3.3-V LVTTL  ; 2640 ps         ; 2640 ps         ;
; SW[0]                   ; 3.3-V LVTTL  ; 2640 ps         ; 2640 ps         ;
; SW[1]                   ; 3.3-V LVTTL  ; 2640 ps         ; 2640 ps         ;
; SW[2]                   ; 3.3-V LVTTL  ; 2640 ps         ; 2640 ps         ;
; SW[3]                   ; 3.3-V LVTTL  ; 2640 ps         ; 2640 ps         ;
; ~ALTERA_ASDO_DATA1~     ; 3.3-V LVTTL  ; 2640 ps         ; 2640 ps         ;
; ~ALTERA_FLASH_nCE_nCSO~ ; 3.3-V LVTTL  ; 2640 ps         ; 2640 ps         ;
; ~ALTERA_DATA0~          ; 3.3-V LVTTL  ; 2640 ps         ; 2640 ps         ;
+-------------------------+--------------+-----------------+-----------------+


+----------------------------------------------------------------------------------------------------------------------------------------------------------------------------------------------------------------------------------------------------------------------------------------------------------------------------------------------------------------------------------------------------------------------------------------------------------------------------------------------------------------------------------------------------------------------------------------------------------------------------------------------------------------------------------------------+
; Slow Corner Signal Integrity Metrics                                                                                                                                                                                                                                                                                                                                                                                                                                                                                                                                                                                                                                                         ;
+-----------------+--------------+---------------------+---------------------+------------------------------+------------------------------+---------------------+---------------------+--------------------------------------+--------------------------------------+-----------------------------+-----------------------------+----------------------------+----------------------------+-----------------------------+-----------------------------+--------------------+--------------------+-------------------------------------+-------------------------------------+----------------------------+----------------------------+---------------------------+---------------------------+
; Pin             ; I/O Standard ; Board Delay on Rise ; Board Delay on Fall ; Steady State Voh at FPGA Pin ; Steady State Vol at FPGA Pin ; Voh Max at FPGA Pin ; Vol Min at FPGA Pin ; Ringback Voltage on Rise at FPGA Pin ; Ringback Voltage on Fall at FPGA Pin ; 10-90 Rise Time at FPGA Pin ; 90-10 Fall Time at FPGA Pin ; Monotonic Rise at FPGA Pin ; Monotonic Fall at FPGA Pin ; Steady State Voh at Far-end ; Steady State Vol at Far-end ; Voh Max at Far-end ; Vol Min at Far-end ; Ringback Voltage on Rise at Far-end ; Ringback Voltage on Fall at Far-end ; 10-90 Rise Time at Far-end ; 90-10 Fall Time at Far-end ; Monotonic Rise at Far-end ; Monotonic Fall at Far-end ;
+-----------------+--------------+---------------------+---------------------+------------------------------+------------------------------+---------------------+---------------------+--------------------------------------+--------------------------------------+-----------------------------+-----------------------------+----------------------------+----------------------------+-----------------------------+-----------------------------+--------------------+--------------------+-------------------------------------+-------------------------------------+----------------------------+----------------------------+---------------------------+---------------------------+
; HEX0_D[0]       ; 3.3-V LVTTL  ; 0 s                 ; 0 s                 ; 3.08 V                       ; 3.08e-06 V                   ; 3.13 V              ; -0.0523 V           ; 0.237 V                              ; 0.168 V                              ; 6.67e-10 s                  ; 6.11e-10 s                  ; No                         ; No                         ; 3.08 V                      ; 3.08e-06 V                  ; 3.13 V             ; -0.0523 V          ; 0.237 V                             ; 0.168 V                             ; 6.67e-10 s                 ; 6.11e-10 s                 ; No                        ; No                        ;
; HEX0_D[1]       ; 3.3-V LVTTL  ; 0 s                 ; 0 s                 ; 3.08 V                       ; 3.08e-06 V                   ; 3.13 V              ; -0.0523 V           ; 0.237 V                              ; 0.168 V                              ; 6.67e-10 s                  ; 6.11e-10 s                  ; No                         ; No                         ; 3.08 V                      ; 3.08e-06 V                  ; 3.13 V             ; -0.0523 V          ; 0.237 V                             ; 0.168 V                             ; 6.67e-10 s                 ; 6.11e-10 s                 ; No                        ; No                        ;
; HEX0_D[2]       ; 3.3-V LVTTL  ; 0 s                 ; 0 s                 ; 3.08 V                       ; 3.08e-06 V                   ; 3.13 V              ; -0.0523 V           ; 0.237 V                              ; 0.168 V                              ; 6.67e-10 s                  ; 6.11e-10 s                  ; No                         ; No                         ; 3.08 V                      ; 3.08e-06 V                  ; 3.13 V             ; -0.0523 V          ; 0.237 V                             ; 0.168 V                             ; 6.67e-10 s                 ; 6.11e-10 s                 ; No                        ; No                        ;
; HEX0_D[3]       ; 3.3-V LVTTL  ; 0 s                 ; 0 s                 ; 3.08 V                       ; 3.08e-06 V                   ; 3.13 V              ; -0.0523 V           ; 0.237 V                              ; 0.168 V                              ; 6.67e-10 s                  ; 6.11e-10 s                  ; No                         ; No                         ; 3.08 V                      ; 3.08e-06 V                  ; 3.13 V             ; -0.0523 V          ; 0.237 V                             ; 0.168 V                             ; 6.67e-10 s                 ; 6.11e-10 s                 ; No                        ; No                        ;
; HEX0_D[4]       ; 3.3-V LVTTL  ; 0 s                 ; 0 s                 ; 3.08 V                       ; 3.08e-06 V                   ; 3.13 V              ; -0.0523 V           ; 0.237 V                              ; 0.168 V                              ; 6.67e-10 s                  ; 6.11e-10 s                  ; No                         ; No                         ; 3.08 V                      ; 3.08e-06 V                  ; 3.13 V             ; -0.0523 V          ; 0.237 V                             ; 0.168 V                             ; 6.67e-10 s                 ; 6.11e-10 s                 ; No                        ; No                        ;
; HEX0_D[5]       ; 3.3-V LVTTL  ; 0 s                 ; 0 s                 ; 3.08 V                       ; 3.08e-06 V                   ; 3.13 V              ; -0.0523 V           ; 0.237 V                              ; 0.168 V                              ; 6.67e-10 s                  ; 6.11e-10 s                  ; No                         ; No                         ; 3.08 V                      ; 3.08e-06 V                  ; 3.13 V             ; -0.0523 V          ; 0.237 V                             ; 0.168 V                             ; 6.67e-10 s                 ; 6.11e-10 s                 ; No                        ; No                        ;
; HEX0_D[6]       ; 3.3-V LVTTL  ; 0 s                 ; 0 s                 ; 3.08 V                       ; 3.08e-06 V                   ; 3.13 V              ; -0.0523 V           ; 0.237 V                              ; 0.168 V                              ; 6.67e-10 s                  ; 6.11e-10 s                  ; No                         ; No                         ; 3.08 V                      ; 3.08e-06 V                  ; 3.13 V             ; -0.0523 V          ; 0.237 V                             ; 0.168 V                             ; 6.67e-10 s                 ; 6.11e-10 s                 ; No                        ; No                        ;
; HEX0_DP         ; 3.3-V LVTTL  ; 0 s                 ; 0 s                 ; 3.08 V                       ; 3.08e-06 V                   ; 3.13 V              ; -0.0523 V           ; 0.237 V                              ; 0.168 V                              ; 6.67e-10 s                  ; 6.11e-10 s                  ; No                         ; No                         ; 3.08 V                      ; 3.08e-06 V                  ; 3.13 V             ; -0.0523 V          ; 0.237 V                             ; 0.168 V                             ; 6.67e-10 s                 ; 6.11e-10 s                 ; No                        ; No                        ;
; HEX1_D[0]       ; 3.3-V LVTTL  ; 0 s                 ; 0 s                 ; 3.08 V                       ; 3.08e-06 V                   ; 3.13 V              ; -0.0523 V           ; 0.237 V                              ; 0.168 V                              ; 6.67e-10 s                  ; 6.11e-10 s                  ; No                         ; No                         ; 3.08 V                      ; 3.08e-06 V                  ; 3.13 V             ; -0.0523 V          ; 0.237 V                             ; 0.168 V                             ; 6.67e-10 s                 ; 6.11e-10 s                 ; No                        ; No                        ;
; HEX1_D[1]       ; 3.3-V LVTTL  ; 0 s                 ; 0 s                 ; 3.08 V                       ; 3.08e-06 V                   ; 3.13 V              ; -0.0523 V           ; 0.237 V                              ; 0.168 V                              ; 6.67e-10 s                  ; 6.11e-10 s                  ; No                         ; No                         ; 3.08 V                      ; 3.08e-06 V                  ; 3.13 V             ; -0.0523 V          ; 0.237 V                             ; 0.168 V                             ; 6.67e-10 s                 ; 6.11e-10 s                 ; No                        ; No                        ;
; HEX1_D[2]       ; 3.3-V LVTTL  ; 0 s                 ; 0 s                 ; 3.08 V                       ; 3.08e-06 V                   ; 3.13 V              ; -0.0523 V           ; 0.237 V                              ; 0.168 V                              ; 6.67e-10 s                  ; 6.11e-10 s                  ; No                         ; No                         ; 3.08 V                      ; 3.08e-06 V                  ; 3.13 V             ; -0.0523 V          ; 0.237 V                             ; 0.168 V                             ; 6.67e-10 s                 ; 6.11e-10 s                 ; No                        ; No                        ;
; HEX1_D[3]       ; 3.3-V LVTTL  ; 0 s                 ; 0 s                 ; 3.08 V                       ; 3.08e-06 V                   ; 3.13 V              ; -0.0523 V           ; 0.237 V                              ; 0.168 V                              ; 6.67e-10 s                  ; 6.11e-10 s                  ; No                         ; No                         ; 3.08 V                      ; 3.08e-06 V                  ; 3.13 V             ; -0.0523 V          ; 0.237 V                             ; 0.168 V                             ; 6.67e-10 s                 ; 6.11e-10 s                 ; No                        ; No                        ;
; HEX1_D[4]       ; 3.3-V LVTTL  ; 0 s                 ; 0 s                 ; 3.08 V                       ; 3.08e-06 V                   ; 3.13 V              ; -0.0523 V           ; 0.237 V                              ; 0.168 V                              ; 6.67e-10 s                  ; 6.11e-10 s                  ; No                         ; No                         ; 3.08 V                      ; 3.08e-06 V                  ; 3.13 V             ; -0.0523 V          ; 0.237 V                             ; 0.168 V                             ; 6.67e-10 s                 ; 6.11e-10 s                 ; No                        ; No                        ;
; HEX1_D[5]       ; 3.3-V LVTTL  ; 0 s                 ; 0 s                 ; 3.08 V                       ; 3.08e-06 V                   ; 3.13 V              ; -0.0523 V           ; 0.237 V                              ; 0.168 V                              ; 6.67e-10 s                  ; 6.11e-10 s                  ; No                         ; No                         ; 3.08 V                      ; 3.08e-06 V                  ; 3.13 V             ; -0.0523 V          ; 0.237 V                             ; 0.168 V                             ; 6.67e-10 s                 ; 6.11e-10 s                 ; No                        ; No                        ;
; HEX1_D[6]       ; 3.3-V LVTTL  ; 0 s                 ; 0 s                 ; 3.08 V                       ; 3.08e-06 V                   ; 3.13 V              ; -0.0523 V           ; 0.237 V                              ; 0.168 V                              ; 6.67e-10 s                  ; 6.11e-10 s                  ; No                         ; No                         ; 3.08 V                      ; 3.08e-06 V                  ; 3.13 V             ; -0.0523 V          ; 0.237 V                             ; 0.168 V                             ; 6.67e-10 s                 ; 6.11e-10 s                 ; No                        ; No                        ;
; HEX1_DP         ; 3.3-V LVTTL  ; 0 s                 ; 0 s                 ; 3.08 V                       ; 3.08e-06 V                   ; 3.13 V              ; -0.0523 V           ; 0.237 V                              ; 0.168 V                              ; 6.67e-10 s                  ; 6.11e-10 s                  ; No                         ; No                         ; 3.08 V                      ; 3.08e-06 V                  ; 3.13 V             ; -0.0523 V          ; 0.237 V                             ; 0.168 V                             ; 6.67e-10 s                 ; 6.11e-10 s                 ; No                        ; No                        ;
; HEX2_D[0]       ; 3.3-V LVTTL  ; 0 s                 ; 0 s                 ; 3.08 V                       ; 3.08e-06 V                   ; 3.13 V              ; -0.0523 V           ; 0.237 V                              ; 0.168 V                              ; 6.67e-10 s                  ; 6.11e-10 s                  ; No                         ; No                         ; 3.08 V                      ; 3.08e-06 V                  ; 3.13 V             ; -0.0523 V          ; 0.237 V                             ; 0.168 V                             ; 6.67e-10 s                 ; 6.11e-10 s                 ; No                        ; No                        ;
; HEX2_D[1]       ; 3.3-V LVTTL  ; 0 s                 ; 0 s                 ; 3.08 V                       ; 3.08e-06 V                   ; 3.13 V              ; -0.0523 V           ; 0.237 V                              ; 0.168 V                              ; 6.67e-10 s                  ; 6.11e-10 s                  ; No                         ; No                         ; 3.08 V                      ; 3.08e-06 V                  ; 3.13 V             ; -0.0523 V          ; 0.237 V                             ; 0.168 V                             ; 6.67e-10 s                 ; 6.11e-10 s                 ; No                        ; No                        ;
; HEX2_D[2]       ; 3.3-V LVTTL  ; 0 s                 ; 0 s                 ; 3.08 V                       ; 3.08e-06 V                   ; 3.13 V              ; -0.0523 V           ; 0.237 V                              ; 0.168 V                              ; 6.67e-10 s                  ; 6.11e-10 s                  ; No                         ; No                         ; 3.08 V                      ; 3.08e-06 V                  ; 3.13 V             ; -0.0523 V          ; 0.237 V                             ; 0.168 V                             ; 6.67e-10 s                 ; 6.11e-10 s                 ; No                        ; No                        ;
; HEX2_D[3]       ; 3.3-V LVTTL  ; 0 s                 ; 0 s                 ; 3.08 V                       ; 3.08e-06 V                   ; 3.13 V              ; -0.0523 V           ; 0.237 V                              ; 0.168 V                              ; 6.67e-10 s                  ; 6.11e-10 s                  ; No                         ; No                         ; 3.08 V                      ; 3.08e-06 V                  ; 3.13 V             ; -0.0523 V          ; 0.237 V                             ; 0.168 V                             ; 6.67e-10 s                 ; 6.11e-10 s                 ; No                        ; No                        ;
; HEX2_D[4]       ; 3.3-V LVTTL  ; 0 s                 ; 0 s                 ; 3.08 V                       ; 3.08e-06 V                   ; 3.13 V              ; -0.0523 V           ; 0.237 V                              ; 0.168 V                              ; 6.67e-10 s                  ; 6.11e-10 s                  ; No                         ; No                         ; 3.08 V                      ; 3.08e-06 V                  ; 3.13 V             ; -0.0523 V          ; 0.237 V                             ; 0.168 V                             ; 6.67e-10 s                 ; 6.11e-10 s                 ; No                        ; No                        ;
; HEX2_D[5]       ; 3.3-V LVTTL  ; 0 s                 ; 0 s                 ; 3.08 V                       ; 3.08e-06 V                   ; 3.13 V              ; -0.0523 V           ; 0.237 V                              ; 0.168 V                              ; 6.67e-10 s                  ; 6.11e-10 s                  ; No                         ; No                         ; 3.08 V                      ; 3.08e-06 V                  ; 3.13 V             ; -0.0523 V          ; 0.237 V                             ; 0.168 V                             ; 6.67e-10 s                 ; 6.11e-10 s                 ; No                        ; No                        ;
; HEX2_D[6]       ; 3.3-V LVTTL  ; 0 s                 ; 0 s                 ; 3.08 V                       ; 3.08e-06 V                   ; 3.13 V              ; -0.0523 V           ; 0.237 V                              ; 0.168 V                              ; 6.67e-10 s                  ; 6.11e-10 s                  ; No                         ; No                         ; 3.08 V                      ; 3.08e-06 V                  ; 3.13 V             ; -0.0523 V          ; 0.237 V                             ; 0.168 V                             ; 6.67e-10 s                 ; 6.11e-10 s                 ; No                        ; No                        ;
; HEX2_DP         ; 3.3-V LVTTL  ; 0 s                 ; 0 s                 ; 3.08 V                       ; 3.08e-06 V                   ; 3.13 V              ; -0.0523 V           ; 0.237 V                              ; 0.168 V                              ; 6.67e-10 s                  ; 6.11e-10 s                  ; No                         ; No                         ; 3.08 V                      ; 3.08e-06 V                  ; 3.13 V             ; -0.0523 V          ; 0.237 V                             ; 0.168 V                             ; 6.67e-10 s                 ; 6.11e-10 s                 ; No                        ; No                        ;
; HEX3_D[0]       ; 3.3-V LVTTL  ; 0 s                 ; 0 s                 ; 3.08 V                       ; 3.08e-06 V                   ; 3.13 V              ; -0.0523 V           ; 0.237 V                              ; 0.168 V                              ; 6.67e-10 s                  ; 6.11e-10 s                  ; No                         ; No                         ; 3.08 V                      ; 3.08e-06 V                  ; 3.13 V             ; -0.0523 V          ; 0.237 V                             ; 0.168 V                             ; 6.67e-10 s                 ; 6.11e-10 s                 ; No                        ; No                        ;
; HEX3_D[1]       ; 3.3-V LVTTL  ; 0 s                 ; 0 s                 ; 3.08 V                       ; 3.08e-06 V                   ; 3.13 V              ; -0.0523 V           ; 0.237 V                              ; 0.168 V                              ; 6.67e-10 s                  ; 6.11e-10 s                  ; No                         ; No                         ; 3.08 V                      ; 3.08e-06 V                  ; 3.13 V             ; -0.0523 V          ; 0.237 V                             ; 0.168 V                             ; 6.67e-10 s                 ; 6.11e-10 s                 ; No                        ; No                        ;
; HEX3_D[2]       ; 3.3-V LVTTL  ; 0 s                 ; 0 s                 ; 3.08 V                       ; 3.08e-06 V                   ; 3.13 V              ; -0.0523 V           ; 0.237 V                              ; 0.168 V                              ; 6.67e-10 s                  ; 6.11e-10 s                  ; No                         ; No                         ; 3.08 V                      ; 3.08e-06 V                  ; 3.13 V             ; -0.0523 V          ; 0.237 V                             ; 0.168 V                             ; 6.67e-10 s                 ; 6.11e-10 s                 ; No                        ; No                        ;
; HEX3_D[3]       ; 3.3-V LVTTL  ; 0 s                 ; 0 s                 ; 3.08 V                       ; 3.08e-06 V                   ; 3.13 V              ; -0.0523 V           ; 0.237 V                              ; 0.168 V                              ; 6.67e-10 s                  ; 6.11e-10 s                  ; No                         ; No                         ; 3.08 V                      ; 3.08e-06 V                  ; 3.13 V             ; -0.0523 V          ; 0.237 V                             ; 0.168 V                             ; 6.67e-10 s                 ; 6.11e-10 s                 ; No                        ; No                        ;
; HEX3_D[4]       ; 3.3-V LVTTL  ; 0 s                 ; 0 s                 ; 3.08 V                       ; 3.08e-06 V                   ; 3.13 V              ; -0.0523 V           ; 0.237 V                              ; 0.168 V                              ; 6.67e-10 s                  ; 6.11e-10 s                  ; No                         ; No                         ; 3.08 V                      ; 3.08e-06 V                  ; 3.13 V             ; -0.0523 V          ; 0.237 V                             ; 0.168 V                             ; 6.67e-10 s                 ; 6.11e-10 s                 ; No                        ; No                        ;
; HEX3_D[5]       ; 3.3-V LVTTL  ; 0 s                 ; 0 s                 ; 3.08 V                       ; 3.08e-06 V                   ; 3.13 V              ; -0.0523 V           ; 0.237 V                              ; 0.168 V                              ; 6.67e-10 s                  ; 6.11e-10 s                  ; No                         ; No                         ; 3.08 V                      ; 3.08e-06 V                  ; 3.13 V             ; -0.0523 V          ; 0.237 V                             ; 0.168 V                             ; 6.67e-10 s                 ; 6.11e-10 s                 ; No                        ; No                        ;
; HEX3_D[6]       ; 3.3-V LVTTL  ; 0 s                 ; 0 s                 ; 3.08 V                       ; 3.08e-06 V                   ; 3.13 V              ; -0.0523 V           ; 0.237 V                              ; 0.168 V                              ; 6.67e-10 s                  ; 6.11e-10 s                  ; No                         ; No                         ; 3.08 V                      ; 3.08e-06 V                  ; 3.13 V             ; -0.0523 V          ; 0.237 V                             ; 0.168 V                             ; 6.67e-10 s                 ; 6.11e-10 s                 ; No                        ; No                        ;
; HEX3_DP         ; 3.3-V LVTTL  ; 0 s                 ; 0 s                 ; 3.08 V                       ; 3.08e-06 V                   ; 3.13 V              ; -0.0523 V           ; 0.237 V                              ; 0.168 V                              ; 6.67e-10 s                  ; 6.11e-10 s                  ; No                         ; No                         ; 3.08 V                      ; 3.08e-06 V                  ; 3.13 V             ; -0.0523 V          ; 0.237 V                             ; 0.168 V                             ; 6.67e-10 s                 ; 6.11e-10 s                 ; No                        ; No                        ;
; LEDG[0]         ; 3.3-V LVTTL  ; 0 s                 ; 0 s                 ; 3.08 V                       ; 2.06e-06 V                   ; 3.12 V              ; -0.0308 V           ; 0.224 V                              ; 0.218 V                              ; 1.32e-09 s                  ; 1.07e-09 s                  ; No                         ; Yes                        ; 3.08 V                      ; 2.06e-06 V                  ; 3.12 V             ; -0.0308 V          ; 0.224 V                             ; 0.218 V                             ; 1.32e-09 s                 ; 1.07e-09 s                 ; No                        ; Yes                       ;
; LEDG[1]         ; 3.3-V LVTTL  ; 0 s                 ; 0 s                 ; 3.08 V                       ; 2.06e-06 V                   ; 3.12 V              ; -0.0308 V           ; 0.224 V                              ; 0.218 V                              ; 1.32e-09 s                  ; 1.07e-09 s                  ; No                         ; Yes                        ; 3.08 V                      ; 2.06e-06 V                  ; 3.12 V             ; -0.0308 V          ; 0.224 V                             ; 0.218 V                             ; 1.32e-09 s                 ; 1.07e-09 s                 ; No                        ; Yes                       ;
; LEDG[2]         ; 3.3-V LVTTL  ; 0 s                 ; 0 s                 ; 3.08 V                       ; 2.06e-06 V                   ; 3.08 V              ; -0.00513 V          ; 0.274 V                              ; 0.267 V                              ; 5.67e-09 s                  ; 4.62e-09 s                  ; No                         ; Yes                        ; 3.08 V                      ; 2.06e-06 V                  ; 3.08 V             ; -0.00513 V         ; 0.274 V                             ; 0.267 V                             ; 5.67e-09 s                 ; 4.62e-09 s                 ; No                        ; Yes                       ;
; LEDG[3]         ; 3.3-V LVTTL  ; 0 s                 ; 0 s                 ; 3.08 V                       ; 2.06e-06 V                   ; 3.12 V              ; -0.0308 V           ; 0.224 V                              ; 0.218 V                              ; 1.32e-09 s                  ; 1.07e-09 s                  ; No                         ; Yes                        ; 3.08 V                      ; 2.06e-06 V                  ; 3.12 V             ; -0.0308 V          ; 0.224 V                             ; 0.218 V                             ; 1.32e-09 s                 ; 1.07e-09 s                 ; No                        ; Yes                       ;
; LEDG[4]         ; 3.3-V LVTTL  ; 0 s                 ; 0 s                 ; 3.08 V                       ; 2.06e-06 V                   ; 3.12 V              ; -0.0308 V           ; 0.224 V                              ; 0.218 V                              ; 1.32e-09 s                  ; 1.07e-09 s                  ; No                         ; Yes                        ; 3.08 V                      ; 2.06e-06 V                  ; 3.12 V             ; -0.0308 V          ; 0.224 V                             ; 0.218 V                             ; 1.32e-09 s                 ; 1.07e-09 s                 ; No                        ; Yes                       ;
; LEDG[5]         ; 3.3-V LVTTL  ; 0 s                 ; 0 s                 ; 3.08 V                       ; 2.06e-06 V                   ; 3.12 V              ; -0.0308 V           ; 0.224 V                              ; 0.218 V                              ; 1.32e-09 s                  ; 1.07e-09 s                  ; No                         ; Yes                        ; 3.08 V                      ; 2.06e-06 V                  ; 3.12 V             ; -0.0308 V          ; 0.224 V                             ; 0.218 V                             ; 1.32e-09 s                 ; 1.07e-09 s                 ; No                        ; Yes                       ;
; LEDG[6]         ; 3.3-V LVTTL  ; 0 s                 ; 0 s                 ; 3.08 V                       ; 2.06e-06 V                   ; 3.12 V              ; -0.0308 V           ; 0.224 V                              ; 0.218 V                              ; 1.32e-09 s                  ; 1.07e-09 s                  ; No                         ; Yes                        ; 3.08 V                      ; 2.06e-06 V                  ; 3.12 V             ; -0.0308 V          ; 0.224 V                             ; 0.218 V                             ; 1.32e-09 s                 ; 1.07e-09 s                 ; No                        ; Yes                       ;
; LEDG[7]         ; 3.3-V LVTTL  ; 0 s                 ; 0 s                 ; 3.08 V                       ; 2.06e-06 V                   ; 3.12 V              ; -0.0308 V           ; 0.224 V                              ; 0.218 V                              ; 1.32e-09 s                  ; 1.07e-09 s                  ; No                         ; Yes                        ; 3.08 V                      ; 2.06e-06 V                  ; 3.12 V             ; -0.0308 V          ; 0.224 V                             ; 0.218 V                             ; 1.32e-09 s                 ; 1.07e-09 s                 ; No                        ; Yes                       ;
; LEDG[8]         ; 3.3-V LVTTL  ; 0 s                 ; 0 s                 ; 3.08 V                       ; 2.06e-06 V                   ; 3.12 V              ; -0.0308 V           ; 0.224 V                              ; 0.218 V                              ; 1.32e-09 s                  ; 1.07e-09 s                  ; No                         ; Yes                        ; 3.08 V                      ; 2.06e-06 V                  ; 3.12 V             ; -0.0308 V          ; 0.224 V                             ; 0.218 V                             ; 1.32e-09 s                 ; 1.07e-09 s                 ; No                        ; Yes                       ;
; LEDG[9]         ; 3.3-V LVTTL  ; 0 s                 ; 0 s                 ; 3.08 V                       ; 2.06e-06 V                   ; 3.12 V              ; -0.0308 V           ; 0.224 V                              ; 0.218 V                              ; 1.32e-09 s                  ; 1.07e-09 s                  ; No                         ; Yes                        ; 3.08 V                      ; 2.06e-06 V                  ; 3.12 V             ; -0.0308 V          ; 0.224 V                             ; 0.218 V                             ; 1.32e-09 s                 ; 1.07e-09 s                 ; No                        ; Yes                       ;
; UART_TXD        ; 3.3-V LVTTL  ; 0 s                 ; 0 s                 ; 3.08 V                       ; 2.06e-06 V                   ; 3.12 V              ; -0.0308 V           ; 0.224 V                              ; 0.218 V                              ; 1.32e-09 s                  ; 1.07e-09 s                  ; No                         ; Yes                        ; 3.08 V                      ; 2.06e-06 V                  ; 3.12 V             ; -0.0308 V          ; 0.224 V                             ; 0.218 V                             ; 1.32e-09 s                 ; 1.07e-09 s                 ; No                        ; Yes                       ;
; UART_CTS        ; 3.3-V LVTTL  ; 0 s                 ; 0 s                 ; 3.08 V                       ; 2.06e-06 V                   ; 3.12 V              ; -0.0308 V           ; 0.224 V                              ; 0.218 V                              ; 1.32e-09 s                  ; 1.07e-09 s                  ; No                         ; Yes                        ; 3.08 V                      ; 2.06e-06 V                  ; 3.12 V             ; -0.0308 V          ; 0.224 V                             ; 0.218 V                             ; 1.32e-09 s                 ; 1.07e-09 s                 ; No                        ; Yes                       ;
; DRAM_ADDR[0]    ; 3.3-V LVTTL  ; 0 s                 ; 0 s                 ; 3.08 V                       ; 3.08e-06 V                   ; 3.13 V              ; -0.0523 V           ; 0.237 V                              ; 0.168 V                              ; 6.67e-10 s                  ; 6.11e-10 s                  ; No                         ; No                         ; 3.08 V                      ; 3.08e-06 V                  ; 3.13 V             ; -0.0523 V          ; 0.237 V                             ; 0.168 V                             ; 6.67e-10 s                 ; 6.11e-10 s                 ; No                        ; No                        ;
; DRAM_ADDR[1]    ; 3.3-V LVTTL  ; 0 s                 ; 0 s                 ; 3.08 V                       ; 3.08e-06 V                   ; 3.13 V              ; -0.0523 V           ; 0.237 V                              ; 0.168 V                              ; 6.67e-10 s                  ; 6.11e-10 s                  ; No                         ; No                         ; 3.08 V                      ; 3.08e-06 V                  ; 3.13 V             ; -0.0523 V          ; 0.237 V                             ; 0.168 V                             ; 6.67e-10 s                 ; 6.11e-10 s                 ; No                        ; No                        ;
; DRAM_ADDR[2]    ; 3.3-V LVTTL  ; 0 s                 ; 0 s                 ; 3.08 V                       ; 3.08e-06 V                   ; 3.13 V              ; -0.0523 V           ; 0.237 V                              ; 0.168 V                              ; 6.67e-10 s                  ; 6.11e-10 s                  ; No                         ; No                         ; 3.08 V                      ; 3.08e-06 V                  ; 3.13 V             ; -0.0523 V          ; 0.237 V                             ; 0.168 V                             ; 6.67e-10 s                 ; 6.11e-10 s                 ; No                        ; No                        ;
; DRAM_ADDR[3]    ; 3.3-V LVTTL  ; 0 s                 ; 0 s                 ; 3.08 V                       ; 3.08e-06 V                   ; 3.13 V              ; -0.0523 V           ; 0.237 V                              ; 0.168 V                              ; 6.67e-10 s                  ; 6.11e-10 s                  ; No                         ; No                         ; 3.08 V                      ; 3.08e-06 V                  ; 3.13 V             ; -0.0523 V          ; 0.237 V                             ; 0.168 V                             ; 6.67e-10 s                 ; 6.11e-10 s                 ; No                        ; No                        ;
; DRAM_ADDR[4]    ; 3.3-V LVTTL  ; 0 s                 ; 0 s                 ; 3.08 V                       ; 3.08e-06 V                   ; 3.13 V              ; -0.0523 V           ; 0.237 V                              ; 0.168 V                              ; 6.67e-10 s                  ; 6.11e-10 s                  ; No                         ; No                         ; 3.08 V                      ; 3.08e-06 V                  ; 3.13 V             ; -0.0523 V          ; 0.237 V                             ; 0.168 V                             ; 6.67e-10 s                 ; 6.11e-10 s                 ; No                        ; No                        ;
; DRAM_ADDR[5]    ; 3.3-V LVTTL  ; 0 s                 ; 0 s                 ; 3.08 V                       ; 3.08e-06 V                   ; 3.13 V              ; -0.0523 V           ; 0.237 V                              ; 0.168 V                              ; 6.67e-10 s                  ; 6.11e-10 s                  ; No                         ; No                         ; 3.08 V                      ; 3.08e-06 V                  ; 3.13 V             ; -0.0523 V          ; 0.237 V                             ; 0.168 V                             ; 6.67e-10 s                 ; 6.11e-10 s                 ; No                        ; No                        ;
; DRAM_ADDR[6]    ; 3.3-V LVTTL  ; 0 s                 ; 0 s                 ; 3.08 V                       ; 3.08e-06 V                   ; 3.13 V              ; -0.0523 V           ; 0.237 V                              ; 0.168 V                              ; 6.67e-10 s                  ; 6.11e-10 s                  ; No                         ; No                         ; 3.08 V                      ; 3.08e-06 V                  ; 3.13 V             ; -0.0523 V          ; 0.237 V                             ; 0.168 V                             ; 6.67e-10 s                 ; 6.11e-10 s                 ; No                        ; No                        ;
; DRAM_ADDR[7]    ; 3.3-V LVTTL  ; 0 s                 ; 0 s                 ; 3.08 V                       ; 3.08e-06 V                   ; 3.13 V              ; -0.0523 V           ; 0.237 V                              ; 0.168 V                              ; 6.67e-10 s                  ; 6.11e-10 s                  ; No                         ; No                         ; 3.08 V                      ; 3.08e-06 V                  ; 3.13 V             ; -0.0523 V          ; 0.237 V                             ; 0.168 V                             ; 6.67e-10 s                 ; 6.11e-10 s                 ; No                        ; No                        ;
; DRAM_ADDR[8]    ; 3.3-V LVTTL  ; 0 s                 ; 0 s                 ; 3.08 V                       ; 3.08e-06 V                   ; 3.13 V              ; -0.0523 V           ; 0.237 V                              ; 0.168 V                              ; 6.67e-10 s                  ; 6.11e-10 s                  ; No                         ; No                         ; 3.08 V                      ; 3.08e-06 V                  ; 3.13 V             ; -0.0523 V          ; 0.237 V                             ; 0.168 V                             ; 6.67e-10 s                 ; 6.11e-10 s                 ; No                        ; No                        ;
; DRAM_ADDR[9]    ; 3.3-V LVTTL  ; 0 s                 ; 0 s                 ; 3.08 V                       ; 3.08e-06 V                   ; 3.13 V              ; -0.0523 V           ; 0.237 V                              ; 0.168 V                              ; 6.67e-10 s                  ; 6.11e-10 s                  ; No                         ; No                         ; 3.08 V                      ; 3.08e-06 V                  ; 3.13 V             ; -0.0523 V          ; 0.237 V                             ; 0.168 V                             ; 6.67e-10 s                 ; 6.11e-10 s                 ; No                        ; No                        ;
; DRAM_ADDR[10]   ; 3.3-V LVTTL  ; 0 s                 ; 0 s                 ; 3.08 V                       ; 3.08e-06 V                   ; 3.13 V              ; -0.0523 V           ; 0.237 V                              ; 0.168 V                              ; 6.67e-10 s                  ; 6.11e-10 s                  ; No                         ; No                         ; 3.08 V                      ; 3.08e-06 V                  ; 3.13 V             ; -0.0523 V          ; 0.237 V                             ; 0.168 V                             ; 6.67e-10 s                 ; 6.11e-10 s                 ; No                        ; No                        ;
; DRAM_ADDR[11]   ; 3.3-V LVTTL  ; 0 s                 ; 0 s                 ; 3.08 V                       ; 3.08e-06 V                   ; 3.13 V              ; -0.0523 V           ; 0.237 V                              ; 0.168 V                              ; 6.67e-10 s                  ; 6.11e-10 s                  ; No                         ; No                         ; 3.08 V                      ; 3.08e-06 V                  ; 3.13 V             ; -0.0523 V          ; 0.237 V                             ; 0.168 V                             ; 6.67e-10 s                 ; 6.11e-10 s                 ; No                        ; No                        ;
; DRAM_ADDR[12]   ; 3.3-V LVTTL  ; 0 s                 ; 0 s                 ; 3.08 V                       ; 3.08e-06 V                   ; 3.13 V              ; -0.0523 V           ; 0.237 V                              ; 0.168 V                              ; 6.67e-10 s                  ; 6.11e-10 s                  ; No                         ; No                         ; 3.08 V                      ; 3.08e-06 V                  ; 3.13 V             ; -0.0523 V          ; 0.237 V                             ; 0.168 V                             ; 6.67e-10 s                 ; 6.11e-10 s                 ; No                        ; No                        ;
; DRAM_LDQM       ; 3.3-V LVTTL  ; 0 s                 ; 0 s                 ; 3.08 V                       ; 3.08e-06 V                   ; 3.13 V              ; -0.0523 V           ; 0.237 V                              ; 0.168 V                              ; 6.67e-10 s                  ; 6.11e-10 s                  ; No                         ; No                         ; 3.08 V                      ; 3.08e-06 V                  ; 3.13 V             ; -0.0523 V          ; 0.237 V                             ; 0.168 V                             ; 6.67e-10 s                 ; 6.11e-10 s                 ; No                        ; No                        ;
; DRAM_UDQM       ; 3.3-V LVTTL  ; 0 s                 ; 0 s                 ; 3.08 V                       ; 3.08e-06 V                   ; 3.13 V              ; -0.0523 V           ; 0.237 V                              ; 0.168 V                              ; 6.67e-10 s                  ; 6.11e-10 s                  ; No                         ; No                         ; 3.08 V                      ; 3.08e-06 V                  ; 3.13 V             ; -0.0523 V          ; 0.237 V                             ; 0.168 V                             ; 6.67e-10 s                 ; 6.11e-10 s                 ; No                        ; No                        ;
; DRAM_WE_N       ; 3.3-V LVTTL  ; 0 s                 ; 0 s                 ; 3.08 V                       ; 3.08e-06 V                   ; 3.08 V              ; -0.00596 V          ; 0.305 V                              ; 0.266 V                              ; 5.3e-09 s                   ; 4.39e-09 s                  ; Yes                        ; Yes                        ; 3.08 V                      ; 3.08e-06 V                  ; 3.08 V             ; -0.00596 V         ; 0.305 V                             ; 0.266 V                             ; 5.3e-09 s                  ; 4.39e-09 s                 ; Yes                       ; Yes                       ;
; DRAM_CAS_N      ; 3.3-V LVTTL  ; 0 s                 ; 0 s                 ; 3.08 V                       ; 3.08e-06 V                   ; 3.13 V              ; -0.0523 V           ; 0.237 V                              ; 0.168 V                              ; 6.67e-10 s                  ; 6.11e-10 s                  ; No                         ; No                         ; 3.08 V                      ; 3.08e-06 V                  ; 3.13 V             ; -0.0523 V          ; 0.237 V                             ; 0.168 V                             ; 6.67e-10 s                 ; 6.11e-10 s                 ; No                        ; No                        ;
; DRAM_RAS_N      ; 3.3-V LVTTL  ; 0 s                 ; 0 s                 ; 3.08 V                       ; 3.08e-06 V                   ; 3.13 V              ; -0.0523 V           ; 0.237 V                              ; 0.168 V                              ; 6.67e-10 s                  ; 6.11e-10 s                  ; No                         ; No                         ; 3.08 V                      ; 3.08e-06 V                  ; 3.13 V             ; -0.0523 V          ; 0.237 V                             ; 0.168 V                             ; 6.67e-10 s                 ; 6.11e-10 s                 ; No                        ; No                        ;
; DRAM_CS_N       ; 3.3-V LVTTL  ; 0 s                 ; 0 s                 ; 3.08 V                       ; 3.08e-06 V                   ; 3.13 V              ; -0.0523 V           ; 0.237 V                              ; 0.168 V                              ; 6.67e-10 s                  ; 6.11e-10 s                  ; No                         ; No                         ; 3.08 V                      ; 3.08e-06 V                  ; 3.13 V             ; -0.0523 V          ; 0.237 V                             ; 0.168 V                             ; 6.67e-10 s                 ; 6.11e-10 s                 ; No                        ; No                        ;
; DRAM_BA_0       ; 3.3-V LVTTL  ; 0 s                 ; 0 s                 ; 3.08 V                       ; 3.08e-06 V                   ; 3.13 V              ; -0.0523 V           ; 0.237 V                              ; 0.168 V                              ; 6.67e-10 s                  ; 6.11e-10 s                  ; No                         ; No                         ; 3.08 V                      ; 3.08e-06 V                  ; 3.13 V             ; -0.0523 V          ; 0.237 V                             ; 0.168 V                             ; 6.67e-10 s                 ; 6.11e-10 s                 ; No                        ; No                        ;
; DRAM_BA_1       ; 3.3-V LVTTL  ; 0 s                 ; 0 s                 ; 3.08 V                       ; 3.08e-06 V                   ; 3.13 V              ; -0.0523 V           ; 0.237 V                              ; 0.168 V                              ; 6.67e-10 s                  ; 6.11e-10 s                  ; No                         ; No                         ; 3.08 V                      ; 3.08e-06 V                  ; 3.13 V             ; -0.0523 V          ; 0.237 V                             ; 0.168 V                             ; 6.67e-10 s                 ; 6.11e-10 s                 ; No                        ; No                        ;
; DRAM_CLK        ; 3.3-V LVTTL  ; 0 s                 ; 0 s                 ; 3.08 V                       ; 3.08e-06 V                   ; 3.13 V              ; -0.0523 V           ; 0.237 V                              ; 0.168 V                              ; 6.67e-10 s                  ; 6.11e-10 s                  ; No                         ; No                         ; 3.08 V                      ; 3.08e-06 V                  ; 3.13 V             ; -0.0523 V          ; 0.237 V                             ; 0.168 V                             ; 6.67e-10 s                 ; 6.11e-10 s                 ; No                        ; No                        ;
; DRAM_CKE        ; 3.3-V LVTTL  ; 0 s                 ; 0 s                 ; 3.08 V                       ; 3.08e-06 V                   ; 3.13 V              ; -0.0523 V           ; 0.237 V                              ; 0.168 V                              ; 6.67e-10 s                  ; 6.11e-10 s                  ; No                         ; No                         ; 3.08 V                      ; 3.08e-06 V                  ; 3.13 V             ; -0.0523 V          ; 0.237 V                             ; 0.168 V                             ; 6.67e-10 s                 ; 6.11e-10 s                 ; No                        ; No                        ;
; FL_ADDR[0]      ; 3.3-V LVTTL  ; 0 s                 ; 0 s                 ; 3.08 V                       ; 2.06e-06 V                   ; 3.12 V              ; -0.0308 V           ; 0.224 V                              ; 0.218 V                              ; 1.32e-09 s                  ; 1.07e-09 s                  ; No                         ; Yes                        ; 3.08 V                      ; 2.06e-06 V                  ; 3.12 V             ; -0.0308 V          ; 0.224 V                             ; 0.218 V                             ; 1.32e-09 s                 ; 1.07e-09 s                 ; No                        ; Yes                       ;
; FL_ADDR[1]      ; 3.3-V LVTTL  ; 0 s                 ; 0 s                 ; 3.08 V                       ; 2.06e-06 V                   ; 3.12 V              ; -0.0394 V           ; 0.292 V                              ; 0.189 V                              ; 9.15e-10 s                  ; 8.34e-10 s                  ; No                         ; Yes                        ; 3.08 V                      ; 2.06e-06 V                  ; 3.12 V             ; -0.0394 V          ; 0.292 V                             ; 0.189 V                             ; 9.15e-10 s                 ; 8.34e-10 s                 ; No                        ; Yes                       ;
; FL_ADDR[2]      ; 3.3-V LVTTL  ; 0 s                 ; 0 s                 ; 3.08 V                       ; 2.06e-06 V                   ; 3.12 V              ; -0.0308 V           ; 0.224 V                              ; 0.218 V                              ; 1.32e-09 s                  ; 1.07e-09 s                  ; No                         ; Yes                        ; 3.08 V                      ; 2.06e-06 V                  ; 3.12 V             ; -0.0308 V          ; 0.224 V                             ; 0.218 V                             ; 1.32e-09 s                 ; 1.07e-09 s                 ; No                        ; Yes                       ;
; FL_ADDR[3]      ; 3.3-V LVTTL  ; 0 s                 ; 0 s                 ; 3.08 V                       ; 2.06e-06 V                   ; 3.12 V              ; -0.0308 V           ; 0.224 V                              ; 0.218 V                              ; 1.32e-09 s                  ; 1.07e-09 s                  ; No                         ; Yes                        ; 3.08 V                      ; 2.06e-06 V                  ; 3.12 V             ; -0.0308 V          ; 0.224 V                             ; 0.218 V                             ; 1.32e-09 s                 ; 1.07e-09 s                 ; No                        ; Yes                       ;
; FL_ADDR[4]      ; 3.3-V LVTTL  ; 0 s                 ; 0 s                 ; 3.08 V                       ; 2.06e-06 V                   ; 3.12 V              ; -0.0394 V           ; 0.292 V                              ; 0.189 V                              ; 9.15e-10 s                  ; 8.34e-10 s                  ; No                         ; Yes                        ; 3.08 V                      ; 2.06e-06 V                  ; 3.12 V             ; -0.0394 V          ; 0.292 V                             ; 0.189 V                             ; 9.15e-10 s                 ; 8.34e-10 s                 ; No                        ; Yes                       ;
; FL_ADDR[5]      ; 3.3-V LVTTL  ; 0 s                 ; 0 s                 ; 3.08 V                       ; 2.06e-06 V                   ; 3.12 V              ; -0.0308 V           ; 0.224 V                              ; 0.218 V                              ; 1.32e-09 s                  ; 1.07e-09 s                  ; No                         ; Yes                        ; 3.08 V                      ; 2.06e-06 V                  ; 3.12 V             ; -0.0308 V          ; 0.224 V                             ; 0.218 V                             ; 1.32e-09 s                 ; 1.07e-09 s                 ; No                        ; Yes                       ;
; FL_ADDR[6]      ; 3.3-V LVTTL  ; 0 s                 ; 0 s                 ; 3.08 V                       ; 2.06e-06 V                   ; 3.12 V              ; -0.0308 V           ; 0.224 V                              ; 0.218 V                              ; 1.32e-09 s                  ; 1.07e-09 s                  ; No                         ; Yes                        ; 3.08 V                      ; 2.06e-06 V                  ; 3.12 V             ; -0.0308 V          ; 0.224 V                             ; 0.218 V                             ; 1.32e-09 s                 ; 1.07e-09 s                 ; No                        ; Yes                       ;
; FL_ADDR[7]      ; 3.3-V LVTTL  ; 0 s                 ; 0 s                 ; 3.08 V                       ; 2.06e-06 V                   ; 3.12 V              ; -0.0308 V           ; 0.224 V                              ; 0.218 V                              ; 1.32e-09 s                  ; 1.07e-09 s                  ; No                         ; Yes                        ; 3.08 V                      ; 2.06e-06 V                  ; 3.12 V             ; -0.0308 V          ; 0.224 V                             ; 0.218 V                             ; 1.32e-09 s                 ; 1.07e-09 s                 ; No                        ; Yes                       ;
; FL_ADDR[8]      ; 3.3-V LVTTL  ; 0 s                 ; 0 s                 ; 3.08 V                       ; 2.06e-06 V                   ; 3.12 V              ; -0.0308 V           ; 0.224 V                              ; 0.218 V                              ; 1.32e-09 s                  ; 1.07e-09 s                  ; No                         ; Yes                        ; 3.08 V                      ; 2.06e-06 V                  ; 3.12 V             ; -0.0308 V          ; 0.224 V                             ; 0.218 V                             ; 1.32e-09 s                 ; 1.07e-09 s                 ; No                        ; Yes                       ;
; FL_ADDR[9]      ; 3.3-V LVTTL  ; 0 s                 ; 0 s                 ; 3.08 V                       ; 2.06e-06 V                   ; 3.12 V              ; -0.0308 V           ; 0.224 V                              ; 0.218 V                              ; 1.32e-09 s                  ; 1.07e-09 s                  ; No                         ; Yes                        ; 3.08 V                      ; 2.06e-06 V                  ; 3.12 V             ; -0.0308 V          ; 0.224 V                             ; 0.218 V                             ; 1.32e-09 s                 ; 1.07e-09 s                 ; No                        ; Yes                       ;
; FL_ADDR[10]     ; 3.3-V LVTTL  ; 0 s                 ; 0 s                 ; 3.08 V                       ; 2.06e-06 V                   ; 3.12 V              ; -0.0308 V           ; 0.224 V                              ; 0.218 V                              ; 1.32e-09 s                  ; 1.07e-09 s                  ; No                         ; Yes                        ; 3.08 V                      ; 2.06e-06 V                  ; 3.12 V             ; -0.0308 V          ; 0.224 V                             ; 0.218 V                             ; 1.32e-09 s                 ; 1.07e-09 s                 ; No                        ; Yes                       ;
; FL_ADDR[11]     ; 3.3-V LVTTL  ; 0 s                 ; 0 s                 ; 3.08 V                       ; 2.06e-06 V                   ; 3.12 V              ; -0.0308 V           ; 0.224 V                              ; 0.218 V                              ; 1.32e-09 s                  ; 1.07e-09 s                  ; No                         ; Yes                        ; 3.08 V                      ; 2.06e-06 V                  ; 3.12 V             ; -0.0308 V          ; 0.224 V                             ; 0.218 V                             ; 1.32e-09 s                 ; 1.07e-09 s                 ; No                        ; Yes                       ;
; FL_ADDR[12]     ; 3.3-V LVTTL  ; 0 s                 ; 0 s                 ; 3.08 V                       ; 2.06e-06 V                   ; 3.12 V              ; -0.0308 V           ; 0.224 V                              ; 0.218 V                              ; 1.32e-09 s                  ; 1.07e-09 s                  ; No                         ; Yes                        ; 3.08 V                      ; 2.06e-06 V                  ; 3.12 V             ; -0.0308 V          ; 0.224 V                             ; 0.218 V                             ; 1.32e-09 s                 ; 1.07e-09 s                 ; No                        ; Yes                       ;
; FL_ADDR[13]     ; 3.3-V LVTTL  ; 0 s                 ; 0 s                 ; 3.08 V                       ; 2.06e-06 V                   ; 3.12 V              ; -0.0308 V           ; 0.224 V                              ; 0.218 V                              ; 1.32e-09 s                  ; 1.07e-09 s                  ; No                         ; Yes                        ; 3.08 V                      ; 2.06e-06 V                  ; 3.12 V             ; -0.0308 V          ; 0.224 V                             ; 0.218 V                             ; 1.32e-09 s                 ; 1.07e-09 s                 ; No                        ; Yes                       ;
; FL_ADDR[14]     ; 3.3-V LVTTL  ; 0 s                 ; 0 s                 ; 3.08 V                       ; 2.06e-06 V                   ; 3.12 V              ; -0.0394 V           ; 0.292 V                              ; 0.189 V                              ; 9.15e-10 s                  ; 8.34e-10 s                  ; No                         ; Yes                        ; 3.08 V                      ; 2.06e-06 V                  ; 3.12 V             ; -0.0394 V          ; 0.292 V                             ; 0.189 V                             ; 9.15e-10 s                 ; 8.34e-10 s                 ; No                        ; Yes                       ;
; FL_ADDR[15]     ; 3.3-V LVTTL  ; 0 s                 ; 0 s                 ; 3.08 V                       ; 2.06e-06 V                   ; 3.12 V              ; -0.0308 V           ; 0.224 V                              ; 0.218 V                              ; 1.32e-09 s                  ; 1.07e-09 s                  ; No                         ; Yes                        ; 3.08 V                      ; 2.06e-06 V                  ; 3.12 V             ; -0.0308 V          ; 0.224 V                             ; 0.218 V                             ; 1.32e-09 s                 ; 1.07e-09 s                 ; No                        ; Yes                       ;
; FL_ADDR[16]     ; 3.3-V LVTTL  ; 0 s                 ; 0 s                 ; 3.08 V                       ; 2.06e-06 V                   ; 3.12 V              ; -0.0308 V           ; 0.224 V                              ; 0.218 V                              ; 1.32e-09 s                  ; 1.07e-09 s                  ; No                         ; Yes                        ; 3.08 V                      ; 2.06e-06 V                  ; 3.12 V             ; -0.0308 V          ; 0.224 V                             ; 0.218 V                             ; 1.32e-09 s                 ; 1.07e-09 s                 ; No                        ; Yes                       ;
; FL_ADDR[17]     ; 3.3-V LVTTL  ; 0 s                 ; 0 s                 ; 3.08 V                       ; 2.06e-06 V                   ; 3.08 V              ; -0.00513 V          ; 0.274 V                              ; 0.267 V                              ; 5.67e-09 s                  ; 4.62e-09 s                  ; No                         ; Yes                        ; 3.08 V                      ; 2.06e-06 V                  ; 3.08 V             ; -0.00513 V         ; 0.274 V                             ; 0.267 V                             ; 5.67e-09 s                 ; 4.62e-09 s                 ; No                        ; Yes                       ;
; FL_ADDR[18]     ; 3.3-V LVTTL  ; 0 s                 ; 0 s                 ; 3.08 V                       ; 2.06e-06 V                   ; 3.12 V              ; -0.0308 V           ; 0.224 V                              ; 0.218 V                              ; 1.32e-09 s                  ; 1.07e-09 s                  ; No                         ; Yes                        ; 3.08 V                      ; 2.06e-06 V                  ; 3.12 V             ; -0.0308 V          ; 0.224 V                             ; 0.218 V                             ; 1.32e-09 s                 ; 1.07e-09 s                 ; No                        ; Yes                       ;
; FL_ADDR[19]     ; 3.3-V LVTTL  ; 0 s                 ; 0 s                 ; 3.08 V                       ; 2.06e-06 V                   ; 3.12 V              ; -0.0308 V           ; 0.224 V                              ; 0.218 V                              ; 1.32e-09 s                  ; 1.07e-09 s                  ; No                         ; Yes                        ; 3.08 V                      ; 2.06e-06 V                  ; 3.12 V             ; -0.0308 V          ; 0.224 V                             ; 0.218 V                             ; 1.32e-09 s                 ; 1.07e-09 s                 ; No                        ; Yes                       ;
; FL_ADDR[20]     ; 3.3-V LVTTL  ; 0 s                 ; 0 s                 ; 3.08 V                       ; 2.06e-06 V                   ; 3.12 V              ; -0.0308 V           ; 0.224 V                              ; 0.218 V                              ; 1.32e-09 s                  ; 1.07e-09 s                  ; No                         ; Yes                        ; 3.08 V                      ; 2.06e-06 V                  ; 3.12 V             ; -0.0308 V          ; 0.224 V                             ; 0.218 V                             ; 1.32e-09 s                 ; 1.07e-09 s                 ; No                        ; Yes                       ;
; FL_ADDR[21]     ; 3.3-V LVTTL  ; 0 s                 ; 0 s                 ; 3.08 V                       ; 2.06e-06 V                   ; 3.12 V              ; -0.0308 V           ; 0.224 V                              ; 0.218 V                              ; 1.32e-09 s                  ; 1.07e-09 s                  ; No                         ; Yes                        ; 3.08 V                      ; 2.06e-06 V                  ; 3.12 V             ; -0.0308 V          ; 0.224 V                             ; 0.218 V                             ; 1.32e-09 s                 ; 1.07e-09 s                 ; No                        ; Yes                       ;
; FL_WE_N         ; 3.3-V LVTTL  ; 0 s                 ; 0 s                 ; 3.08 V                       ; 2.06e-06 V                   ; 3.12 V              ; -0.0308 V           ; 0.224 V                              ; 0.218 V                              ; 1.32e-09 s                  ; 1.07e-09 s                  ; No                         ; Yes                        ; 3.08 V                      ; 2.06e-06 V                  ; 3.12 V             ; -0.0308 V          ; 0.224 V                             ; 0.218 V                             ; 1.32e-09 s                 ; 1.07e-09 s                 ; No                        ; Yes                       ;
; FL_RST_N        ; 3.3-V LVTTL  ; 0 s                 ; 0 s                 ; 3.08 V                       ; 2.06e-06 V                   ; 3.12 V              ; -0.0308 V           ; 0.224 V                              ; 0.218 V                              ; 1.32e-09 s                  ; 1.07e-09 s                  ; No                         ; Yes                        ; 3.08 V                      ; 2.06e-06 V                  ; 3.12 V             ; -0.0308 V          ; 0.224 V                             ; 0.218 V                             ; 1.32e-09 s                 ; 1.07e-09 s                 ; No                        ; Yes                       ;
; FL_OE_N         ; 3.3-V LVTTL  ; 0 s                 ; 0 s                 ; 3.08 V                       ; 2.06e-06 V                   ; 3.12 V              ; -0.0308 V           ; 0.224 V                              ; 0.218 V                              ; 1.32e-09 s                  ; 1.07e-09 s                  ; No                         ; Yes                        ; 3.08 V                      ; 2.06e-06 V                  ; 3.12 V             ; -0.0308 V          ; 0.224 V                             ; 0.218 V                             ; 1.32e-09 s                 ; 1.07e-09 s                 ; No                        ; Yes                       ;
; FL_CE_N         ; 3.3-V LVTTL  ; 0 s                 ; 0 s                 ; 3.08 V                       ; 2.06e-06 V                   ; 3.12 V              ; -0.0308 V           ; 0.224 V                              ; 0.218 V                              ; 1.32e-09 s                  ; 1.07e-09 s                  ; No                         ; Yes                        ; 3.08 V                      ; 2.06e-06 V                  ; 3.12 V             ; -0.0308 V          ; 0.224 V                             ; 0.218 V                             ; 1.32e-09 s                 ; 1.07e-09 s                 ; No                        ; Yes                       ;
; FL_WP_N         ; 3.3-V LVTTL  ; 0 s                 ; 0 s                 ; 3.08 V                       ; 2.06e-06 V                   ; 3.08 V              ; -0.00513 V          ; 0.274 V                              ; 0.267 V                              ; 5.67e-09 s                  ; 4.62e-09 s                  ; No                         ; Yes                        ; 3.08 V                      ; 2.06e-06 V                  ; 3.08 V             ; -0.00513 V         ; 0.274 V                             ; 0.267 V                             ; 5.67e-09 s                 ; 4.62e-09 s                 ; No                        ; Yes                       ;
; FL_BYTE_N       ; 3.3-V LVTTL  ; 0 s                 ; 0 s                 ; 3.08 V                       ; 2.06e-06 V                   ; 3.12 V              ; -0.0308 V           ; 0.224 V                              ; 0.218 V                              ; 1.32e-09 s                  ; 1.07e-09 s                  ; No                         ; Yes                        ; 3.08 V                      ; 2.06e-06 V                  ; 3.12 V             ; -0.0308 V          ; 0.224 V                             ; 0.218 V                             ; 1.32e-09 s                 ; 1.07e-09 s                 ; No                        ; Yes                       ;
; LCD_BLON        ; 3.3-V LVTTL  ; 0 s                 ; 0 s                 ; 3.08 V                       ; 2.06e-06 V                   ; 3.12 V              ; -0.0308 V           ; 0.224 V                              ; 0.218 V                              ; 1.32e-09 s                  ; 1.07e-09 s                  ; No                         ; Yes                        ; 3.08 V                      ; 2.06e-06 V                  ; 3.12 V             ; -0.0308 V          ; 0.224 V                             ; 0.218 V                             ; 1.32e-09 s                 ; 1.07e-09 s                 ; No                        ; Yes                       ;
; LCD_RW          ; 3.3-V LVTTL  ; 0 s                 ; 0 s                 ; 3.08 V                       ; 2.06e-06 V                   ; 3.12 V              ; -0.0308 V           ; 0.224 V                              ; 0.218 V                              ; 1.32e-09 s                  ; 1.07e-09 s                  ; No                         ; Yes                        ; 3.08 V                      ; 2.06e-06 V                  ; 3.12 V             ; -0.0308 V          ; 0.224 V                             ; 0.218 V                             ; 1.32e-09 s                 ; 1.07e-09 s                 ; No                        ; Yes                       ;
; LCD_EN          ; 3.3-V LVTTL  ; 0 s                 ; 0 s                 ; 3.08 V                       ; 2.06e-06 V                   ; 3.12 V              ; -0.0308 V           ; 0.224 V                              ; 0.218 V                              ; 1.32e-09 s                  ; 1.07e-09 s                  ; No                         ; Yes                        ; 3.08 V                      ; 2.06e-06 V                  ; 3.12 V             ; -0.0308 V          ; 0.224 V                             ; 0.218 V                             ; 1.32e-09 s                 ; 1.07e-09 s                 ; No                        ; Yes                       ;
; LCD_RS          ; 3.3-V LVTTL  ; 0 s                 ; 0 s                 ; 3.08 V                       ; 2.06e-06 V                   ; 3.12 V              ; -0.0308 V           ; 0.224 V                              ; 0.218 V                              ; 1.32e-09 s                  ; 1.07e-09 s                  ; No                         ; Yes                        ; 3.08 V                      ; 2.06e-06 V                  ; 3.12 V             ; -0.0308 V          ; 0.224 V                             ; 0.218 V                             ; 1.32e-09 s                 ; 1.07e-09 s                 ; No                        ; Yes                       ;
; SD_CLK          ; 3.3-V LVTTL  ; 0 s                 ; 0 s                 ; 3.08 V                       ; 2.06e-06 V                   ; 3.12 V              ; -0.0308 V           ; 0.224 V                              ; 0.218 V                              ; 1.32e-09 s                  ; 1.07e-09 s                  ; No                         ; Yes                        ; 3.08 V                      ; 2.06e-06 V                  ; 3.12 V             ; -0.0308 V          ; 0.224 V                             ; 0.218 V                             ; 1.32e-09 s                 ; 1.07e-09 s                 ; No                        ; Yes                       ;
; VGA_HS          ; 3.3-V LVTTL  ; 0 s                 ; 0 s                 ; 3.08 V                       ; 2.06e-06 V                   ; 3.12 V              ; -0.0308 V           ; 0.224 V                              ; 0.218 V                              ; 1.32e-09 s                  ; 1.07e-09 s                  ; No                         ; Yes                        ; 3.08 V                      ; 2.06e-06 V                  ; 3.12 V             ; -0.0308 V          ; 0.224 V                             ; 0.218 V                             ; 1.32e-09 s                 ; 1.07e-09 s                 ; No                        ; Yes                       ;
; VGA_VS          ; 3.3-V LVTTL  ; 0 s                 ; 0 s                 ; 3.08 V                       ; 2.06e-06 V                   ; 3.12 V              ; -0.0308 V           ; 0.224 V                              ; 0.218 V                              ; 1.32e-09 s                  ; 1.07e-09 s                  ; No                         ; Yes                        ; 3.08 V                      ; 2.06e-06 V                  ; 3.12 V             ; -0.0308 V          ; 0.224 V                             ; 0.218 V                             ; 1.32e-09 s                 ; 1.07e-09 s                 ; No                        ; Yes                       ;
; VGA_R[0]        ; 3.3-V LVTTL  ; 0 s                 ; 0 s                 ; 3.08 V                       ; 2.06e-06 V                   ; 3.12 V              ; -0.0308 V           ; 0.224 V                              ; 0.218 V                              ; 1.32e-09 s                  ; 1.07e-09 s                  ; No                         ; Yes                        ; 3.08 V                      ; 2.06e-06 V                  ; 3.12 V             ; -0.0308 V          ; 0.224 V                             ; 0.218 V                             ; 1.32e-09 s                 ; 1.07e-09 s                 ; No                        ; Yes                       ;
; VGA_R[1]        ; 3.3-V LVTTL  ; 0 s                 ; 0 s                 ; 3.08 V                       ; 2.06e-06 V                   ; 3.12 V              ; -0.0308 V           ; 0.224 V                              ; 0.218 V                              ; 1.32e-09 s                  ; 1.07e-09 s                  ; No                         ; Yes                        ; 3.08 V                      ; 2.06e-06 V                  ; 3.12 V             ; -0.0308 V          ; 0.224 V                             ; 0.218 V                             ; 1.32e-09 s                 ; 1.07e-09 s                 ; No                        ; Yes                       ;
; VGA_R[2]        ; 3.3-V LVTTL  ; 0 s                 ; 0 s                 ; 3.08 V                       ; 2.06e-06 V                   ; 3.12 V              ; -0.0308 V           ; 0.224 V                              ; 0.218 V                              ; 1.32e-09 s                  ; 1.07e-09 s                  ; No                         ; Yes                        ; 3.08 V                      ; 2.06e-06 V                  ; 3.12 V             ; -0.0308 V          ; 0.224 V                             ; 0.218 V                             ; 1.32e-09 s                 ; 1.07e-09 s                 ; No                        ; Yes                       ;
; VGA_R[3]        ; 3.3-V LVTTL  ; 0 s                 ; 0 s                 ; 3.08 V                       ; 2.06e-06 V                   ; 3.12 V              ; -0.0308 V           ; 0.224 V                              ; 0.218 V                              ; 1.32e-09 s                  ; 1.07e-09 s                  ; No                         ; Yes                        ; 3.08 V                      ; 2.06e-06 V                  ; 3.12 V             ; -0.0308 V          ; 0.224 V                             ; 0.218 V                             ; 1.32e-09 s                 ; 1.07e-09 s                 ; No                        ; Yes                       ;
; VGA_G[0]        ; 3.3-V LVTTL  ; 0 s                 ; 0 s                 ; 3.08 V                       ; 2.06e-06 V                   ; 3.12 V              ; -0.0308 V           ; 0.224 V                              ; 0.218 V                              ; 1.32e-09 s                  ; 1.07e-09 s                  ; No                         ; Yes                        ; 3.08 V                      ; 2.06e-06 V                  ; 3.12 V             ; -0.0308 V          ; 0.224 V                             ; 0.218 V                             ; 1.32e-09 s                 ; 1.07e-09 s                 ; No                        ; Yes                       ;
; VGA_G[1]        ; 3.3-V LVTTL  ; 0 s                 ; 0 s                 ; 3.08 V                       ; 2.06e-06 V                   ; 3.12 V              ; -0.0308 V           ; 0.224 V                              ; 0.218 V                              ; 1.32e-09 s                  ; 1.07e-09 s                  ; No                         ; Yes                        ; 3.08 V                      ; 2.06e-06 V                  ; 3.12 V             ; -0.0308 V          ; 0.224 V                             ; 0.218 V                             ; 1.32e-09 s                 ; 1.07e-09 s                 ; No                        ; Yes                       ;
; VGA_G[2]        ; 3.3-V LVTTL  ; 0 s                 ; 0 s                 ; 3.08 V                       ; 2.06e-06 V                   ; 3.12 V              ; -0.0308 V           ; 0.224 V                              ; 0.218 V                              ; 1.32e-09 s                  ; 1.07e-09 s                  ; No                         ; Yes                        ; 3.08 V                      ; 2.06e-06 V                  ; 3.12 V             ; -0.0308 V          ; 0.224 V                             ; 0.218 V                             ; 1.32e-09 s                 ; 1.07e-09 s                 ; No                        ; Yes                       ;
; VGA_G[3]        ; 3.3-V LVTTL  ; 0 s                 ; 0 s                 ; 3.08 V                       ; 2.06e-06 V                   ; 3.12 V              ; -0.0308 V           ; 0.224 V                              ; 0.218 V                              ; 1.32e-09 s                  ; 1.07e-09 s                  ; No                         ; Yes                        ; 3.08 V                      ; 2.06e-06 V                  ; 3.12 V             ; -0.0308 V          ; 0.224 V                             ; 0.218 V                             ; 1.32e-09 s                 ; 1.07e-09 s                 ; No                        ; Yes                       ;
; VGA_B[0]        ; 3.3-V LVTTL  ; 0 s                 ; 0 s                 ; 3.08 V                       ; 2.06e-06 V                   ; 3.12 V              ; -0.0308 V           ; 0.224 V                              ; 0.218 V                              ; 1.32e-09 s                  ; 1.07e-09 s                  ; No                         ; Yes                        ; 3.08 V                      ; 2.06e-06 V                  ; 3.12 V             ; -0.0308 V          ; 0.224 V                             ; 0.218 V                             ; 1.32e-09 s                 ; 1.07e-09 s                 ; No                        ; Yes                       ;
; VGA_B[1]        ; 3.3-V LVTTL  ; 0 s                 ; 0 s                 ; 3.08 V                       ; 2.06e-06 V                   ; 3.12 V              ; -0.0308 V           ; 0.224 V                              ; 0.218 V                              ; 1.32e-09 s                  ; 1.07e-09 s                  ; No                         ; Yes                        ; 3.08 V                      ; 2.06e-06 V                  ; 3.12 V             ; -0.0308 V          ; 0.224 V                             ; 0.218 V                             ; 1.32e-09 s                 ; 1.07e-09 s                 ; No                        ; Yes                       ;
; VGA_B[2]        ; 3.3-V LVTTL  ; 0 s                 ; 0 s                 ; 3.08 V                       ; 2.06e-06 V                   ; 3.12 V              ; -0.0308 V           ; 0.224 V                              ; 0.218 V                              ; 1.32e-09 s                  ; 1.07e-09 s                  ; No                         ; Yes                        ; 3.08 V                      ; 2.06e-06 V                  ; 3.12 V             ; -0.0308 V          ; 0.224 V                             ; 0.218 V                             ; 1.32e-09 s                 ; 1.07e-09 s                 ; No                        ; Yes                       ;
; VGA_B[3]        ; 3.3-V LVTTL  ; 0 s                 ; 0 s                 ; 3.08 V                       ; 2.06e-06 V                   ; 3.12 V              ; -0.0308 V           ; 0.224 V                              ; 0.218 V                              ; 1.32e-09 s                  ; 1.07e-09 s                  ; No                         ; Yes                        ; 3.08 V                      ; 2.06e-06 V                  ; 3.12 V             ; -0.0308 V          ; 0.224 V                             ; 0.218 V                             ; 1.32e-09 s                 ; 1.07e-09 s                 ; No                        ; Yes                       ;
; GPIO0_CLKOUT[0] ; 3.3-V LVTTL  ; 0 s                 ; 0 s                 ; 3.08 V                       ; 3.08e-06 V                   ; 3.13 V              ; -0.0523 V           ; 0.237 V                              ; 0.168 V                              ; 6.67e-10 s                  ; 6.11e-10 s                  ; No                         ; No                         ; 3.08 V                      ; 3.08e-06 V                  ; 3.13 V             ; -0.0523 V          ; 0.237 V                             ; 0.168 V                             ; 6.67e-10 s                 ; 6.11e-10 s                 ; No                        ; No                        ;
; GPIO0_CLKOUT[1] ; 3.3-V LVTTL  ; 0 s                 ; 0 s                 ; 3.08 V                       ; 3.08e-06 V                   ; 3.13 V              ; -0.0523 V           ; 0.237 V                              ; 0.168 V                              ; 6.67e-10 s                  ; 6.11e-10 s                  ; No                         ; No                         ; 3.08 V                      ; 3.08e-06 V                  ; 3.13 V             ; -0.0523 V          ; 0.237 V                             ; 0.168 V                             ; 6.67e-10 s                 ; 6.11e-10 s                 ; No                        ; No                        ;
; GPIO1_CLKOUT[0] ; 3.3-V LVTTL  ; 0 s                 ; 0 s                 ; 3.08 V                       ; 3.08e-06 V                   ; 3.13 V              ; -0.0523 V           ; 0.237 V                              ; 0.168 V                              ; 6.67e-10 s                  ; 6.11e-10 s                  ; No                         ; No                         ; 3.08 V                      ; 3.08e-06 V                  ; 3.13 V             ; -0.0523 V          ; 0.237 V                             ; 0.168 V                             ; 6.67e-10 s                 ; 6.11e-10 s                 ; No                        ; No                        ;
; GPIO1_CLKOUT[1] ; 3.3-V LVTTL  ; 0 s                 ; 0 s                 ; 3.08 V                       ; 3.08e-06 V                   ; 3.13 V              ; -0.0523 V           ; 0.237 V                              ; 0.168 V                              ; 6.67e-10 s                  ; 6.11e-10 s                  ; No                         ; No                         ; 3.08 V                      ; 3.08e-06 V                  ; 3.13 V             ; -0.0523 V          ; 0.237 V                             ; 0.168 V                             ; 6.67e-10 s                 ; 6.11e-10 s                 ; No                        ; No                        ;
; DRAM_DQ[0]      ; 3.3-V LVTTL  ; 0 s                 ; 0 s                 ; 3.08 V                       ; 3.08e-06 V                   ; 3.13 V              ; -0.0523 V           ; 0.237 V                              ; 0.168 V                              ; 6.67e-10 s                  ; 6.11e-10 s                  ; No                         ; No                         ; 3.08 V                      ; 3.08e-06 V                  ; 3.13 V             ; -0.0523 V          ; 0.237 V                             ; 0.168 V                             ; 6.67e-10 s                 ; 6.11e-10 s                 ; No                        ; No                        ;
; DRAM_DQ[1]      ; 3.3-V LVTTL  ; 0 s                 ; 0 s                 ; 3.08 V                       ; 3.08e-06 V                   ; 3.13 V              ; -0.0523 V           ; 0.237 V                              ; 0.168 V                              ; 6.67e-10 s                  ; 6.11e-10 s                  ; No                         ; No                         ; 3.08 V                      ; 3.08e-06 V                  ; 3.13 V             ; -0.0523 V          ; 0.237 V                             ; 0.168 V                             ; 6.67e-10 s                 ; 6.11e-10 s                 ; No                        ; No                        ;
; DRAM_DQ[2]      ; 3.3-V LVTTL  ; 0 s                 ; 0 s                 ; 3.08 V                       ; 3.08e-06 V                   ; 3.13 V              ; -0.0523 V           ; 0.237 V                              ; 0.168 V                              ; 6.67e-10 s                  ; 6.11e-10 s                  ; No                         ; No                         ; 3.08 V                      ; 3.08e-06 V                  ; 3.13 V             ; -0.0523 V          ; 0.237 V                             ; 0.168 V                             ; 6.67e-10 s                 ; 6.11e-10 s                 ; No                        ; No                        ;
; DRAM_DQ[3]      ; 3.3-V LVTTL  ; 0 s                 ; 0 s                 ; 3.08 V                       ; 3.08e-06 V                   ; 3.08 V              ; -0.00596 V          ; 0.305 V                              ; 0.266 V                              ; 5.3e-09 s                   ; 4.39e-09 s                  ; Yes                        ; Yes                        ; 3.08 V                      ; 3.08e-06 V                  ; 3.08 V             ; -0.00596 V         ; 0.305 V                             ; 0.266 V                             ; 5.3e-09 s                  ; 4.39e-09 s                 ; Yes                       ; Yes                       ;
; DRAM_DQ[4]      ; 3.3-V LVTTL  ; 0 s                 ; 0 s                 ; 3.08 V                       ; 3.08e-06 V                   ; 3.13 V              ; -0.0523 V           ; 0.237 V                              ; 0.168 V                              ; 6.67e-10 s                  ; 6.11e-10 s                  ; No                         ; No                         ; 3.08 V                      ; 3.08e-06 V                  ; 3.13 V             ; -0.0523 V          ; 0.237 V                             ; 0.168 V                             ; 6.67e-10 s                 ; 6.11e-10 s                 ; No                        ; No                        ;
; DRAM_DQ[5]      ; 3.3-V LVTTL  ; 0 s                 ; 0 s                 ; 3.08 V                       ; 3.08e-06 V                   ; 3.13 V              ; -0.0523 V           ; 0.237 V                              ; 0.168 V                              ; 6.67e-10 s                  ; 6.11e-10 s                  ; No                         ; No                         ; 3.08 V                      ; 3.08e-06 V                  ; 3.13 V             ; -0.0523 V          ; 0.237 V                             ; 0.168 V                             ; 6.67e-10 s                 ; 6.11e-10 s                 ; No                        ; No                        ;
; DRAM_DQ[6]      ; 3.3-V LVTTL  ; 0 s                 ; 0 s                 ; 3.08 V                       ; 3.08e-06 V                   ; 3.13 V              ; -0.0523 V           ; 0.237 V                              ; 0.168 V                              ; 6.67e-10 s                  ; 6.11e-10 s                  ; No                         ; No                         ; 3.08 V                      ; 3.08e-06 V                  ; 3.13 V             ; -0.0523 V          ; 0.237 V                             ; 0.168 V                             ; 6.67e-10 s                 ; 6.11e-10 s                 ; No                        ; No                        ;
; DRAM_DQ[7]      ; 3.3-V LVTTL  ; 0 s                 ; 0 s                 ; 3.08 V                       ; 3.08e-06 V                   ; 3.13 V              ; -0.0523 V           ; 0.237 V                              ; 0.168 V                              ; 6.67e-10 s                  ; 6.11e-10 s                  ; No                         ; No                         ; 3.08 V                      ; 3.08e-06 V                  ; 3.13 V             ; -0.0523 V          ; 0.237 V                             ; 0.168 V                             ; 6.67e-10 s                 ; 6.11e-10 s                 ; No                        ; No                        ;
; DRAM_DQ[8]      ; 3.3-V LVTTL  ; 0 s                 ; 0 s                 ; 3.08 V                       ; 3.08e-06 V                   ; 3.13 V              ; -0.0523 V           ; 0.237 V                              ; 0.168 V                              ; 6.67e-10 s                  ; 6.11e-10 s                  ; No                         ; No                         ; 3.08 V                      ; 3.08e-06 V                  ; 3.13 V             ; -0.0523 V          ; 0.237 V                             ; 0.168 V                             ; 6.67e-10 s                 ; 6.11e-10 s                 ; No                        ; No                        ;
; DRAM_DQ[9]      ; 3.3-V LVTTL  ; 0 s                 ; 0 s                 ; 3.08 V                       ; 3.08e-06 V                   ; 3.13 V              ; -0.0523 V           ; 0.237 V                              ; 0.168 V                              ; 6.67e-10 s                  ; 6.11e-10 s                  ; No                         ; No                         ; 3.08 V                      ; 3.08e-06 V                  ; 3.13 V             ; -0.0523 V          ; 0.237 V                             ; 0.168 V                             ; 6.67e-10 s                 ; 6.11e-10 s                 ; No                        ; No                        ;
; DRAM_DQ[10]     ; 3.3-V LVTTL  ; 0 s                 ; 0 s                 ; 3.08 V                       ; 3.08e-06 V                   ; 3.13 V              ; -0.0523 V           ; 0.237 V                              ; 0.168 V                              ; 6.67e-10 s                  ; 6.11e-10 s                  ; No                         ; No                         ; 3.08 V                      ; 3.08e-06 V                  ; 3.13 V             ; -0.0523 V          ; 0.237 V                             ; 0.168 V                             ; 6.67e-10 s                 ; 6.11e-10 s                 ; No                        ; No                        ;
; DRAM_DQ[11]     ; 3.3-V LVTTL  ; 0 s                 ; 0 s                 ; 3.08 V                       ; 3.08e-06 V                   ; 3.13 V              ; -0.0523 V           ; 0.237 V                              ; 0.168 V                              ; 6.67e-10 s                  ; 6.11e-10 s                  ; No                         ; No                         ; 3.08 V                      ; 3.08e-06 V                  ; 3.13 V             ; -0.0523 V          ; 0.237 V                             ; 0.168 V                             ; 6.67e-10 s                 ; 6.11e-10 s                 ; No                        ; No                        ;
; DRAM_DQ[12]     ; 3.3-V LVTTL  ; 0 s                 ; 0 s                 ; 3.08 V                       ; 3.08e-06 V                   ; 3.13 V              ; -0.0523 V           ; 0.237 V                              ; 0.168 V                              ; 6.67e-10 s                  ; 6.11e-10 s                  ; No                         ; No                         ; 3.08 V                      ; 3.08e-06 V                  ; 3.13 V             ; -0.0523 V          ; 0.237 V                             ; 0.168 V                             ; 6.67e-10 s                 ; 6.11e-10 s                 ; No                        ; No                        ;
; DRAM_DQ[13]     ; 3.3-V LVTTL  ; 0 s                 ; 0 s                 ; 3.08 V                       ; 3.08e-06 V                   ; 3.13 V              ; -0.0523 V           ; 0.237 V                              ; 0.168 V                              ; 6.67e-10 s                  ; 6.11e-10 s                  ; No                         ; No                         ; 3.08 V                      ; 3.08e-06 V                  ; 3.13 V             ; -0.0523 V          ; 0.237 V                             ; 0.168 V                             ; 6.67e-10 s                 ; 6.11e-10 s                 ; No                        ; No                        ;
; DRAM_DQ[14]     ; 3.3-V LVTTL  ; 0 s                 ; 0 s                 ; 3.08 V                       ; 3.08e-06 V                   ; 3.13 V              ; -0.0523 V           ; 0.237 V                              ; 0.168 V                              ; 6.67e-10 s                  ; 6.11e-10 s                  ; No                         ; No                         ; 3.08 V                      ; 3.08e-06 V                  ; 3.13 V             ; -0.0523 V          ; 0.237 V                             ; 0.168 V                             ; 6.67e-10 s                 ; 6.11e-10 s                 ; No                        ; No                        ;
; DRAM_DQ[15]     ; 3.3-V LVTTL  ; 0 s                 ; 0 s                 ; 3.08 V                       ; 3.08e-06 V                   ; 3.13 V              ; -0.0523 V           ; 0.237 V                              ; 0.168 V                              ; 6.67e-10 s                  ; 6.11e-10 s                  ; No                         ; No                         ; 3.08 V                      ; 3.08e-06 V                  ; 3.13 V             ; -0.0523 V          ; 0.237 V                             ; 0.168 V                             ; 6.67e-10 s                 ; 6.11e-10 s                 ; No                        ; No                        ;
; FL_DQ[0]        ; 3.3-V LVTTL  ; 0 s                 ; 0 s                 ; 3.08 V                       ; 2.06e-06 V                   ; 3.12 V              ; -0.0308 V           ; 0.224 V                              ; 0.218 V                              ; 1.32e-09 s                  ; 1.07e-09 s                  ; No                         ; Yes                        ; 3.08 V                      ; 2.06e-06 V                  ; 3.12 V             ; -0.0308 V          ; 0.224 V                             ; 0.218 V                             ; 1.32e-09 s                 ; 1.07e-09 s                 ; No                        ; Yes                       ;
; FL_DQ[1]        ; 3.3-V LVTTL  ; 0 s                 ; 0 s                 ; 3.08 V                       ; 2.06e-06 V                   ; 3.12 V              ; -0.0308 V           ; 0.224 V                              ; 0.218 V                              ; 1.32e-09 s                  ; 1.07e-09 s                  ; No                         ; Yes                        ; 3.08 V                      ; 2.06e-06 V                  ; 3.12 V             ; -0.0308 V          ; 0.224 V                             ; 0.218 V                             ; 1.32e-09 s                 ; 1.07e-09 s                 ; No                        ; Yes                       ;
; FL_DQ[2]        ; 3.3-V LVTTL  ; 0 s                 ; 0 s                 ; 3.08 V                       ; 2.06e-06 V                   ; 3.12 V              ; -0.0308 V           ; 0.224 V                              ; 0.218 V                              ; 1.32e-09 s                  ; 1.07e-09 s                  ; No                         ; Yes                        ; 3.08 V                      ; 2.06e-06 V                  ; 3.12 V             ; -0.0308 V          ; 0.224 V                             ; 0.218 V                             ; 1.32e-09 s                 ; 1.07e-09 s                 ; No                        ; Yes                       ;
; FL_DQ[3]        ; 3.3-V LVTTL  ; 0 s                 ; 0 s                 ; 3.08 V                       ; 2.06e-06 V                   ; 3.12 V              ; -0.0308 V           ; 0.224 V                              ; 0.218 V                              ; 1.32e-09 s                  ; 1.07e-09 s                  ; No                         ; Yes                        ; 3.08 V                      ; 2.06e-06 V                  ; 3.12 V             ; -0.0308 V          ; 0.224 V                             ; 0.218 V                             ; 1.32e-09 s                 ; 1.07e-09 s                 ; No                        ; Yes                       ;
; FL_DQ[4]        ; 3.3-V LVTTL  ; 0 s                 ; 0 s                 ; 3.08 V                       ; 2.06e-06 V                   ; 3.12 V              ; -0.0308 V           ; 0.224 V                              ; 0.218 V                              ; 1.32e-09 s                  ; 1.07e-09 s                  ; No                         ; Yes                        ; 3.08 V                      ; 2.06e-06 V                  ; 3.12 V             ; -0.0308 V          ; 0.224 V                             ; 0.218 V                             ; 1.32e-09 s                 ; 1.07e-09 s                 ; No                        ; Yes                       ;
; FL_DQ[5]        ; 3.3-V LVTTL  ; 0 s                 ; 0 s                 ; 3.08 V                       ; 2.06e-06 V                   ; 3.12 V              ; -0.0394 V           ; 0.292 V                              ; 0.189 V                              ; 9.15e-10 s                  ; 8.34e-10 s                  ; No                         ; Yes                        ; 3.08 V                      ; 2.06e-06 V                  ; 3.12 V             ; -0.0394 V          ; 0.292 V                             ; 0.189 V                             ; 9.15e-10 s                 ; 8.34e-10 s                 ; No                        ; Yes                       ;
; FL_DQ[6]        ; 3.3-V LVTTL  ; 0 s                 ; 0 s                 ; 3.08 V                       ; 2.06e-06 V                   ; 3.12 V              ; -0.0308 V           ; 0.224 V                              ; 0.218 V                              ; 1.32e-09 s                  ; 1.07e-09 s                  ; No                         ; Yes                        ; 3.08 V                      ; 2.06e-06 V                  ; 3.12 V             ; -0.0308 V          ; 0.224 V                             ; 0.218 V                             ; 1.32e-09 s                 ; 1.07e-09 s                 ; No                        ; Yes                       ;
; FL_DQ[7]        ; 3.3-V LVTTL  ; 0 s                 ; 0 s                 ; 3.08 V                       ; 2.06e-06 V                   ; 3.12 V              ; -0.0308 V           ; 0.224 V                              ; 0.218 V                              ; 1.32e-09 s                  ; 1.07e-09 s                  ; No                         ; Yes                        ; 3.08 V                      ; 2.06e-06 V                  ; 3.12 V             ; -0.0308 V          ; 0.224 V                             ; 0.218 V                             ; 1.32e-09 s                 ; 1.07e-09 s                 ; No                        ; Yes                       ;
; FL_DQ[8]        ; 3.3-V LVTTL  ; 0 s                 ; 0 s                 ; 3.08 V                       ; 2.06e-06 V                   ; 3.12 V              ; -0.0308 V           ; 0.224 V                              ; 0.218 V                              ; 1.32e-09 s                  ; 1.07e-09 s                  ; No                         ; Yes                        ; 3.08 V                      ; 2.06e-06 V                  ; 3.12 V             ; -0.0308 V          ; 0.224 V                             ; 0.218 V                             ; 1.32e-09 s                 ; 1.07e-09 s                 ; No                        ; Yes                       ;
; FL_DQ[9]        ; 3.3-V LVTTL  ; 0 s                 ; 0 s                 ; 3.08 V                       ; 2.06e-06 V                   ; 3.12 V              ; -0.0308 V           ; 0.224 V                              ; 0.218 V                              ; 1.32e-09 s                  ; 1.07e-09 s                  ; No                         ; Yes                        ; 3.08 V                      ; 2.06e-06 V                  ; 3.12 V             ; -0.0308 V          ; 0.224 V                             ; 0.218 V                             ; 1.32e-09 s                 ; 1.07e-09 s                 ; No                        ; Yes                       ;
; FL_DQ[10]       ; 3.3-V LVTTL  ; 0 s                 ; 0 s                 ; 3.08 V                       ; 2.06e-06 V                   ; 3.12 V              ; -0.0394 V           ; 0.292 V                              ; 0.189 V                              ; 9.15e-10 s                  ; 8.34e-10 s                  ; No                         ; Yes                        ; 3.08 V                      ; 2.06e-06 V                  ; 3.12 V             ; -0.0394 V          ; 0.292 V                             ; 0.189 V                             ; 9.15e-10 s                 ; 8.34e-10 s                 ; No                        ; Yes                       ;
; FL_DQ[11]       ; 3.3-V LVTTL  ; 0 s                 ; 0 s                 ; 3.08 V                       ; 2.06e-06 V                   ; 3.12 V              ; -0.0308 V           ; 0.224 V                              ; 0.218 V                              ; 1.32e-09 s                  ; 1.07e-09 s                  ; No                         ; Yes                        ; 3.08 V                      ; 2.06e-06 V                  ; 3.12 V             ; -0.0308 V          ; 0.224 V                             ; 0.218 V                             ; 1.32e-09 s                 ; 1.07e-09 s                 ; No                        ; Yes                       ;
; FL_DQ[12]       ; 3.3-V LVTTL  ; 0 s                 ; 0 s                 ; 3.08 V                       ; 2.06e-06 V                   ; 3.12 V              ; -0.0308 V           ; 0.224 V                              ; 0.218 V                              ; 1.32e-09 s                  ; 1.07e-09 s                  ; No                         ; Yes                        ; 3.08 V                      ; 2.06e-06 V                  ; 3.12 V             ; -0.0308 V          ; 0.224 V                             ; 0.218 V                             ; 1.32e-09 s                 ; 1.07e-09 s                 ; No                        ; Yes                       ;
; FL_DQ[13]       ; 3.3-V LVTTL  ; 0 s                 ; 0 s                 ; 3.08 V                       ; 2.06e-06 V                   ; 3.12 V              ; -0.0394 V           ; 0.292 V                              ; 0.189 V                              ; 9.15e-10 s                  ; 8.34e-10 s                  ; No                         ; Yes                        ; 3.08 V                      ; 2.06e-06 V                  ; 3.12 V             ; -0.0394 V          ; 0.292 V                             ; 0.189 V                             ; 9.15e-10 s                 ; 8.34e-10 s                 ; No                        ; Yes                       ;
; FL_DQ[14]       ; 3.3-V LVTTL  ; 0 s                 ; 0 s                 ; 3.08 V                       ; 2.06e-06 V                   ; 3.12 V              ; -0.0308 V           ; 0.224 V                              ; 0.218 V                              ; 1.32e-09 s                  ; 1.07e-09 s                  ; No                         ; Yes                        ; 3.08 V                      ; 2.06e-06 V                  ; 3.12 V             ; -0.0308 V          ; 0.224 V                             ; 0.218 V                             ; 1.32e-09 s                 ; 1.07e-09 s                 ; No                        ; Yes                       ;
; FL_DQ15_AM1     ; 3.3-V LVTTL  ; 0 s                 ; 0 s                 ; 3.08 V                       ; 2.06e-06 V                   ; 3.12 V              ; -0.0308 V           ; 0.224 V                              ; 0.218 V                              ; 1.32e-09 s                  ; 1.07e-09 s                  ; No                         ; Yes                        ; 3.08 V                      ; 2.06e-06 V                  ; 3.12 V             ; -0.0308 V          ; 0.224 V                             ; 0.218 V                             ; 1.32e-09 s                 ; 1.07e-09 s                 ; No                        ; Yes                       ;
; LCD_DATA[0]     ; 3.3-V LVTTL  ; 0 s                 ; 0 s                 ; 3.08 V                       ; 2.06e-06 V                   ; 3.12 V              ; -0.0308 V           ; 0.224 V                              ; 0.218 V                              ; 1.32e-09 s                  ; 1.07e-09 s                  ; No                         ; Yes                        ; 3.08 V                      ; 2.06e-06 V                  ; 3.12 V             ; -0.0308 V          ; 0.224 V                             ; 0.218 V                             ; 1.32e-09 s                 ; 1.07e-09 s                 ; No                        ; Yes                       ;
; LCD_DATA[1]     ; 3.3-V LVTTL  ; 0 s                 ; 0 s                 ; 3.08 V                       ; 2.06e-06 V                   ; 3.12 V              ; -0.0308 V           ; 0.224 V                              ; 0.218 V                              ; 1.32e-09 s                  ; 1.07e-09 s                  ; No                         ; Yes                        ; 3.08 V                      ; 2.06e-06 V                  ; 3.12 V             ; -0.0308 V          ; 0.224 V                             ; 0.218 V                             ; 1.32e-09 s                 ; 1.07e-09 s                 ; No                        ; Yes                       ;
; LCD_DATA[2]     ; 3.3-V LVTTL  ; 0 s                 ; 0 s                 ; 3.08 V                       ; 2.06e-06 V                   ; 3.12 V              ; -0.0308 V           ; 0.224 V                              ; 0.218 V                              ; 1.32e-09 s                  ; 1.07e-09 s                  ; No                         ; Yes                        ; 3.08 V                      ; 2.06e-06 V                  ; 3.12 V             ; -0.0308 V          ; 0.224 V                             ; 0.218 V                             ; 1.32e-09 s                 ; 1.07e-09 s                 ; No                        ; Yes                       ;
; LCD_DATA[3]     ; 3.3-V LVTTL  ; 0 s                 ; 0 s                 ; 3.08 V                       ; 2.06e-06 V                   ; 3.12 V              ; -0.0308 V           ; 0.224 V                              ; 0.218 V                              ; 1.32e-09 s                  ; 1.07e-09 s                  ; No                         ; Yes                        ; 3.08 V                      ; 2.06e-06 V                  ; 3.12 V             ; -0.0308 V          ; 0.224 V                             ; 0.218 V                             ; 1.32e-09 s                 ; 1.07e-09 s                 ; No                        ; Yes                       ;
; LCD_DATA[4]     ; 3.3-V LVTTL  ; 0 s                 ; 0 s                 ; 3.08 V                       ; 2.06e-06 V                   ; 3.12 V              ; -0.0308 V           ; 0.224 V                              ; 0.218 V                              ; 1.32e-09 s                  ; 1.07e-09 s                  ; No                         ; Yes                        ; 3.08 V                      ; 2.06e-06 V                  ; 3.12 V             ; -0.0308 V          ; 0.224 V                             ; 0.218 V                             ; 1.32e-09 s                 ; 1.07e-09 s                 ; No                        ; Yes                       ;
; LCD_DATA[5]     ; 3.3-V LVTTL  ; 0 s                 ; 0 s                 ; 3.08 V                       ; 2.06e-06 V                   ; 3.12 V              ; -0.0308 V           ; 0.224 V                              ; 0.218 V                              ; 1.32e-09 s                  ; 1.07e-09 s                  ; No                         ; Yes                        ; 3.08 V                      ; 2.06e-06 V                  ; 3.12 V             ; -0.0308 V          ; 0.224 V                             ; 0.218 V                             ; 1.32e-09 s                 ; 1.07e-09 s                 ; No                        ; Yes                       ;
; LCD_DATA[6]     ; 3.3-V LVTTL  ; 0 s                 ; 0 s                 ; 3.08 V                       ; 2.06e-06 V                   ; 3.12 V              ; -0.0308 V           ; 0.224 V                              ; 0.218 V                              ; 1.32e-09 s                  ; 1.07e-09 s                  ; No                         ; Yes                        ; 3.08 V                      ; 2.06e-06 V                  ; 3.12 V             ; -0.0308 V          ; 0.224 V                             ; 0.218 V                             ; 1.32e-09 s                 ; 1.07e-09 s                 ; No                        ; Yes                       ;
; LCD_DATA[7]     ; 3.3-V LVTTL  ; 0 s                 ; 0 s                 ; 3.08 V                       ; 2.06e-06 V                   ; 3.12 V              ; -0.0308 V           ; 0.224 V                              ; 0.218 V                              ; 1.32e-09 s                  ; 1.07e-09 s                  ; No                         ; Yes                        ; 3.08 V                      ; 2.06e-06 V                  ; 3.12 V             ; -0.0308 V          ; 0.224 V                             ; 0.218 V                             ; 1.32e-09 s                 ; 1.07e-09 s                 ; No                        ; Yes                       ;
; SD_DAT0         ; 3.3-V LVTTL  ; 0 s                 ; 0 s                 ; 3.08 V                       ; 2.06e-06 V                   ; 3.12 V              ; -0.0308 V           ; 0.224 V                              ; 0.218 V                              ; 1.32e-09 s                  ; 1.07e-09 s                  ; No                         ; Yes                        ; 3.08 V                      ; 2.06e-06 V                  ; 3.12 V             ; -0.0308 V          ; 0.224 V                             ; 0.218 V                             ; 1.32e-09 s                 ; 1.07e-09 s                 ; No                        ; Yes                       ;
; SD_DAT3         ; 3.3-V LVTTL  ; 0 s                 ; 0 s                 ; 3.08 V                       ; 2.06e-06 V                   ; 3.12 V              ; -0.0308 V           ; 0.224 V                              ; 0.218 V                              ; 1.32e-09 s                  ; 1.07e-09 s                  ; No                         ; Yes                        ; 3.08 V                      ; 2.06e-06 V                  ; 3.12 V             ; -0.0308 V          ; 0.224 V                             ; 0.218 V                             ; 1.32e-09 s                 ; 1.07e-09 s                 ; No                        ; Yes                       ;
; SD_CMD          ; 3.3-V LVTTL  ; 0 s                 ; 0 s                 ; 3.08 V                       ; 2.06e-06 V                   ; 3.12 V              ; -0.0308 V           ; 0.224 V                              ; 0.218 V                              ; 1.32e-09 s                  ; 1.07e-09 s                  ; No                         ; Yes                        ; 3.08 V                      ; 2.06e-06 V                  ; 3.12 V             ; -0.0308 V          ; 0.224 V                             ; 0.218 V                             ; 1.32e-09 s                 ; 1.07e-09 s                 ; No                        ; Yes                       ;
; PS2_KBDAT       ; 3.3-V LVTTL  ; 0 s                 ; 0 s                 ; 3.08 V                       ; 2.06e-06 V                   ; 3.12 V              ; -0.0308 V           ; 0.224 V                              ; 0.218 V                              ; 1.32e-09 s                  ; 1.07e-09 s                  ; No                         ; Yes                        ; 3.08 V                      ; 2.06e-06 V                  ; 3.12 V             ; -0.0308 V          ; 0.224 V                             ; 0.218 V                             ; 1.32e-09 s                 ; 1.07e-09 s                 ; No                        ; Yes                       ;
; PS2_KBCLK       ; 3.3-V LVTTL  ; 0 s                 ; 0 s                 ; 3.08 V                       ; 2.06e-06 V                   ; 3.12 V              ; -0.0308 V           ; 0.224 V                              ; 0.218 V                              ; 1.32e-09 s                  ; 1.07e-09 s                  ; No                         ; Yes                        ; 3.08 V                      ; 2.06e-06 V                  ; 3.12 V             ; -0.0308 V          ; 0.224 V                             ; 0.218 V                             ; 1.32e-09 s                 ; 1.07e-09 s                 ; No                        ; Yes                       ;
; PS2_MSDAT       ; 3.3-V LVTTL  ; 0 s                 ; 0 s                 ; 3.08 V                       ; 2.06e-06 V                   ; 3.12 V              ; -0.0308 V           ; 0.224 V                              ; 0.218 V                              ; 1.32e-09 s                  ; 1.07e-09 s                  ; No                         ; Yes                        ; 3.08 V                      ; 2.06e-06 V                  ; 3.12 V             ; -0.0308 V          ; 0.224 V                             ; 0.218 V                             ; 1.32e-09 s                 ; 1.07e-09 s                 ; No                        ; Yes                       ;
; PS2_MSCLK       ; 3.3-V LVTTL  ; 0 s                 ; 0 s                 ; 3.08 V                       ; 2.06e-06 V                   ; 3.12 V              ; -0.0308 V           ; 0.224 V                              ; 0.218 V                              ; 1.32e-09 s                  ; 1.07e-09 s                  ; No                         ; Yes                        ; 3.08 V                      ; 2.06e-06 V                  ; 3.12 V             ; -0.0308 V          ; 0.224 V                             ; 0.218 V                             ; 1.32e-09 s                 ; 1.07e-09 s                 ; No                        ; Yes                       ;
; GPIO0_D[0]      ; 3.3-V LVTTL  ; 0 s                 ; 0 s                 ; 3.08 V                       ; 3.08e-06 V                   ; 3.13 V              ; -0.0523 V           ; 0.237 V                              ; 0.168 V                              ; 6.67e-10 s                  ; 6.11e-10 s                  ; No                         ; No                         ; 3.08 V                      ; 3.08e-06 V                  ; 3.13 V             ; -0.0523 V          ; 0.237 V                             ; 0.168 V                             ; 6.67e-10 s                 ; 6.11e-10 s                 ; No                        ; No                        ;
; GPIO0_D[1]      ; 3.3-V LVTTL  ; 0 s                 ; 0 s                 ; 3.08 V                       ; 3.08e-06 V                   ; 3.13 V              ; -0.0523 V           ; 0.237 V                              ; 0.168 V                              ; 6.67e-10 s                  ; 6.11e-10 s                  ; No                         ; No                         ; 3.08 V                      ; 3.08e-06 V                  ; 3.13 V             ; -0.0523 V          ; 0.237 V                             ; 0.168 V                             ; 6.67e-10 s                 ; 6.11e-10 s                 ; No                        ; No                        ;
; GPIO0_D[2]      ; 3.3-V LVTTL  ; 0 s                 ; 0 s                 ; 3.08 V                       ; 3.08e-06 V                   ; 3.13 V              ; -0.0523 V           ; 0.237 V                              ; 0.168 V                              ; 6.67e-10 s                  ; 6.11e-10 s                  ; No                         ; No                         ; 3.08 V                      ; 3.08e-06 V                  ; 3.13 V             ; -0.0523 V          ; 0.237 V                             ; 0.168 V                             ; 6.67e-10 s                 ; 6.11e-10 s                 ; No                        ; No                        ;
; GPIO0_D[3]      ; 3.3-V LVTTL  ; 0 s                 ; 0 s                 ; 3.08 V                       ; 3.08e-06 V                   ; 3.13 V              ; -0.0523 V           ; 0.237 V                              ; 0.168 V                              ; 6.67e-10 s                  ; 6.11e-10 s                  ; No                         ; No                         ; 3.08 V                      ; 3.08e-06 V                  ; 3.13 V             ; -0.0523 V          ; 0.237 V                             ; 0.168 V                             ; 6.67e-10 s                 ; 6.11e-10 s                 ; No                        ; No                        ;
; GPIO0_D[4]      ; 3.3-V LVTTL  ; 0 s                 ; 0 s                 ; 3.08 V                       ; 3.08e-06 V                   ; 3.13 V              ; -0.0523 V           ; 0.237 V                              ; 0.168 V                              ; 6.67e-10 s                  ; 6.11e-10 s                  ; No                         ; No                         ; 3.08 V                      ; 3.08e-06 V                  ; 3.13 V             ; -0.0523 V          ; 0.237 V                             ; 0.168 V                             ; 6.67e-10 s                 ; 6.11e-10 s                 ; No                        ; No                        ;
; GPIO0_D[5]      ; 3.3-V LVTTL  ; 0 s                 ; 0 s                 ; 3.08 V                       ; 3.08e-06 V                   ; 3.13 V              ; -0.0523 V           ; 0.237 V                              ; 0.168 V                              ; 6.67e-10 s                  ; 6.11e-10 s                  ; No                         ; No                         ; 3.08 V                      ; 3.08e-06 V                  ; 3.13 V             ; -0.0523 V          ; 0.237 V                             ; 0.168 V                             ; 6.67e-10 s                 ; 6.11e-10 s                 ; No                        ; No                        ;
; GPIO0_D[6]      ; 3.3-V LVTTL  ; 0 s                 ; 0 s                 ; 3.08 V                       ; 3.08e-06 V                   ; 3.13 V              ; -0.0523 V           ; 0.237 V                              ; 0.168 V                              ; 6.67e-10 s                  ; 6.11e-10 s                  ; No                         ; No                         ; 3.08 V                      ; 3.08e-06 V                  ; 3.13 V             ; -0.0523 V          ; 0.237 V                             ; 0.168 V                             ; 6.67e-10 s                 ; 6.11e-10 s                 ; No                        ; No                        ;
; GPIO0_D[7]      ; 3.3-V LVTTL  ; 0 s                 ; 0 s                 ; 3.08 V                       ; 3.08e-06 V                   ; 3.13 V              ; -0.0523 V           ; 0.237 V                              ; 0.168 V                              ; 6.67e-10 s                  ; 6.11e-10 s                  ; No                         ; No                         ; 3.08 V                      ; 3.08e-06 V                  ; 3.13 V             ; -0.0523 V          ; 0.237 V                             ; 0.168 V                             ; 6.67e-10 s                 ; 6.11e-10 s                 ; No                        ; No                        ;
; GPIO0_D[8]      ; 3.3-V LVTTL  ; 0 s                 ; 0 s                 ; 3.08 V                       ; 3.08e-06 V                   ; 3.13 V              ; -0.0523 V           ; 0.237 V                              ; 0.168 V                              ; 6.67e-10 s                  ; 6.11e-10 s                  ; No                         ; No                         ; 3.08 V                      ; 3.08e-06 V                  ; 3.13 V             ; -0.0523 V          ; 0.237 V                             ; 0.168 V                             ; 6.67e-10 s                 ; 6.11e-10 s                 ; No                        ; No                        ;
; GPIO0_D[9]      ; 3.3-V LVTTL  ; 0 s                 ; 0 s                 ; 3.08 V                       ; 3.08e-06 V                   ; 3.13 V              ; -0.0523 V           ; 0.237 V                              ; 0.168 V                              ; 6.67e-10 s                  ; 6.11e-10 s                  ; No                         ; No                         ; 3.08 V                      ; 3.08e-06 V                  ; 3.13 V             ; -0.0523 V          ; 0.237 V                             ; 0.168 V                             ; 6.67e-10 s                 ; 6.11e-10 s                 ; No                        ; No                        ;
; GPIO0_D[10]     ; 3.3-V LVTTL  ; 0 s                 ; 0 s                 ; 3.08 V                       ; 3.08e-06 V                   ; 3.13 V              ; -0.0523 V           ; 0.237 V                              ; 0.168 V                              ; 6.67e-10 s                  ; 6.11e-10 s                  ; No                         ; No                         ; 3.08 V                      ; 3.08e-06 V                  ; 3.13 V             ; -0.0523 V          ; 0.237 V                             ; 0.168 V                             ; 6.67e-10 s                 ; 6.11e-10 s                 ; No                        ; No                        ;
; GPIO0_D[11]     ; 3.3-V LVTTL  ; 0 s                 ; 0 s                 ; 3.08 V                       ; 3.08e-06 V                   ; 3.13 V              ; -0.0523 V           ; 0.237 V                              ; 0.168 V                              ; 6.67e-10 s                  ; 6.11e-10 s                  ; No                         ; No                         ; 3.08 V                      ; 3.08e-06 V                  ; 3.13 V             ; -0.0523 V          ; 0.237 V                             ; 0.168 V                             ; 6.67e-10 s                 ; 6.11e-10 s                 ; No                        ; No                        ;
; GPIO0_D[12]     ; 3.3-V LVTTL  ; 0 s                 ; 0 s                 ; 3.08 V                       ; 3.08e-06 V                   ; 3.13 V              ; -0.0523 V           ; 0.237 V                              ; 0.168 V                              ; 6.67e-10 s                  ; 6.11e-10 s                  ; No                         ; No                         ; 3.08 V                      ; 3.08e-06 V                  ; 3.13 V             ; -0.0523 V          ; 0.237 V                             ; 0.168 V                             ; 6.67e-10 s                 ; 6.11e-10 s                 ; No                        ; No                        ;
; GPIO0_D[13]     ; 3.3-V LVTTL  ; 0 s                 ; 0 s                 ; 3.08 V                       ; 3.08e-06 V                   ; 3.13 V              ; -0.0523 V           ; 0.237 V                              ; 0.168 V                              ; 6.67e-10 s                  ; 6.11e-10 s                  ; No                         ; No                         ; 3.08 V                      ; 3.08e-06 V                  ; 3.13 V             ; -0.0523 V          ; 0.237 V                             ; 0.168 V                             ; 6.67e-10 s                 ; 6.11e-10 s                 ; No                        ; No                        ;
; GPIO0_D[14]     ; 3.3-V LVTTL  ; 0 s                 ; 0 s                 ; 3.08 V                       ; 3.08e-06 V                   ; 3.13 V              ; -0.0523 V           ; 0.237 V                              ; 0.168 V                              ; 6.67e-10 s                  ; 6.11e-10 s                  ; No                         ; No                         ; 3.08 V                      ; 3.08e-06 V                  ; 3.13 V             ; -0.0523 V          ; 0.237 V                             ; 0.168 V                             ; 6.67e-10 s                 ; 6.11e-10 s                 ; No                        ; No                        ;
; GPIO0_D[15]     ; 3.3-V LVTTL  ; 0 s                 ; 0 s                 ; 3.08 V                       ; 3.08e-06 V                   ; 3.13 V              ; -0.0523 V           ; 0.237 V                              ; 0.168 V                              ; 6.67e-10 s                  ; 6.11e-10 s                  ; No                         ; No                         ; 3.08 V                      ; 3.08e-06 V                  ; 3.13 V             ; -0.0523 V          ; 0.237 V                             ; 0.168 V                             ; 6.67e-10 s                 ; 6.11e-10 s                 ; No                        ; No                        ;
; GPIO0_D[16]     ; 3.3-V LVTTL  ; 0 s                 ; 0 s                 ; 3.08 V                       ; 3.08e-06 V                   ; 3.13 V              ; -0.0523 V           ; 0.237 V                              ; 0.168 V                              ; 6.67e-10 s                  ; 6.11e-10 s                  ; No                         ; No                         ; 3.08 V                      ; 3.08e-06 V                  ; 3.13 V             ; -0.0523 V          ; 0.237 V                             ; 0.168 V                             ; 6.67e-10 s                 ; 6.11e-10 s                 ; No                        ; No                        ;
; GPIO0_D[17]     ; 3.3-V LVTTL  ; 0 s                 ; 0 s                 ; 3.08 V                       ; 3.08e-06 V                   ; 3.13 V              ; -0.0523 V           ; 0.237 V                              ; 0.168 V                              ; 6.67e-10 s                  ; 6.11e-10 s                  ; No                         ; No                         ; 3.08 V                      ; 3.08e-06 V                  ; 3.13 V             ; -0.0523 V          ; 0.237 V                             ; 0.168 V                             ; 6.67e-10 s                 ; 6.11e-10 s                 ; No                        ; No                        ;
; GPIO0_D[18]     ; 3.3-V LVTTL  ; 0 s                 ; 0 s                 ; 3.08 V                       ; 3.08e-06 V                   ; 3.13 V              ; -0.0523 V           ; 0.237 V                              ; 0.168 V                              ; 6.67e-10 s                  ; 6.11e-10 s                  ; No                         ; No                         ; 3.08 V                      ; 3.08e-06 V                  ; 3.13 V             ; -0.0523 V          ; 0.237 V                             ; 0.168 V                             ; 6.67e-10 s                 ; 6.11e-10 s                 ; No                        ; No                        ;
; GPIO0_D[19]     ; 3.3-V LVTTL  ; 0 s                 ; 0 s                 ; 3.08 V                       ; 3.08e-06 V                   ; 3.13 V              ; -0.0523 V           ; 0.237 V                              ; 0.168 V                              ; 6.67e-10 s                  ; 6.11e-10 s                  ; No                         ; No                         ; 3.08 V                      ; 3.08e-06 V                  ; 3.13 V             ; -0.0523 V          ; 0.237 V                             ; 0.168 V                             ; 6.67e-10 s                 ; 6.11e-10 s                 ; No                        ; No                        ;
; GPIO0_D[20]     ; 3.3-V LVTTL  ; 0 s                 ; 0 s                 ; 3.08 V                       ; 3.08e-06 V                   ; 3.13 V              ; -0.0523 V           ; 0.237 V                              ; 0.168 V                              ; 6.67e-10 s                  ; 6.11e-10 s                  ; No                         ; No                         ; 3.08 V                      ; 3.08e-06 V                  ; 3.13 V             ; -0.0523 V          ; 0.237 V                             ; 0.168 V                             ; 6.67e-10 s                 ; 6.11e-10 s                 ; No                        ; No                        ;
; GPIO0_D[21]     ; 3.3-V LVTTL  ; 0 s                 ; 0 s                 ; 3.08 V                       ; 3.08e-06 V                   ; 3.13 V              ; -0.0523 V           ; 0.237 V                              ; 0.168 V                              ; 6.67e-10 s                  ; 6.11e-10 s                  ; No                         ; No                         ; 3.08 V                      ; 3.08e-06 V                  ; 3.13 V             ; -0.0523 V          ; 0.237 V                             ; 0.168 V                             ; 6.67e-10 s                 ; 6.11e-10 s                 ; No                        ; No                        ;
; GPIO0_D[22]     ; 3.3-V LVTTL  ; 0 s                 ; 0 s                 ; 3.08 V                       ; 3.08e-06 V                   ; 3.13 V              ; -0.0523 V           ; 0.237 V                              ; 0.168 V                              ; 6.67e-10 s                  ; 6.11e-10 s                  ; No                         ; No                         ; 3.08 V                      ; 3.08e-06 V                  ; 3.13 V             ; -0.0523 V          ; 0.237 V                             ; 0.168 V                             ; 6.67e-10 s                 ; 6.11e-10 s                 ; No                        ; No                        ;
; GPIO0_D[23]     ; 3.3-V LVTTL  ; 0 s                 ; 0 s                 ; 3.08 V                       ; 3.08e-06 V                   ; 3.13 V              ; -0.0523 V           ; 0.237 V                              ; 0.168 V                              ; 6.67e-10 s                  ; 6.11e-10 s                  ; No                         ; No                         ; 3.08 V                      ; 3.08e-06 V                  ; 3.13 V             ; -0.0523 V          ; 0.237 V                             ; 0.168 V                             ; 6.67e-10 s                 ; 6.11e-10 s                 ; No                        ; No                        ;
; GPIO0_D[24]     ; 3.3-V LVTTL  ; 0 s                 ; 0 s                 ; 3.08 V                       ; 3.08e-06 V                   ; 3.13 V              ; -0.0523 V           ; 0.237 V                              ; 0.168 V                              ; 6.67e-10 s                  ; 6.11e-10 s                  ; No                         ; No                         ; 3.08 V                      ; 3.08e-06 V                  ; 3.13 V             ; -0.0523 V          ; 0.237 V                             ; 0.168 V                             ; 6.67e-10 s                 ; 6.11e-10 s                 ; No                        ; No                        ;
; GPIO0_D[25]     ; 3.3-V LVTTL  ; 0 s                 ; 0 s                 ; 3.08 V                       ; 3.08e-06 V                   ; 3.13 V              ; -0.0523 V           ; 0.237 V                              ; 0.168 V                              ; 6.67e-10 s                  ; 6.11e-10 s                  ; No                         ; No                         ; 3.08 V                      ; 3.08e-06 V                  ; 3.13 V             ; -0.0523 V          ; 0.237 V                             ; 0.168 V                             ; 6.67e-10 s                 ; 6.11e-10 s                 ; No                        ; No                        ;
; GPIO0_D[26]     ; 3.3-V LVTTL  ; 0 s                 ; 0 s                 ; 3.08 V                       ; 3.08e-06 V                   ; 3.13 V              ; -0.0523 V           ; 0.237 V                              ; 0.168 V                              ; 6.67e-10 s                  ; 6.11e-10 s                  ; No                         ; No                         ; 3.08 V                      ; 3.08e-06 V                  ; 3.13 V             ; -0.0523 V          ; 0.237 V                             ; 0.168 V                             ; 6.67e-10 s                 ; 6.11e-10 s                 ; No                        ; No                        ;
; GPIO0_D[27]     ; 3.3-V LVTTL  ; 0 s                 ; 0 s                 ; 3.08 V                       ; 3.08e-06 V                   ; 3.13 V              ; -0.0523 V           ; 0.237 V                              ; 0.168 V                              ; 6.67e-10 s                  ; 6.11e-10 s                  ; No                         ; No                         ; 3.08 V                      ; 3.08e-06 V                  ; 3.13 V             ; -0.0523 V          ; 0.237 V                             ; 0.168 V                             ; 6.67e-10 s                 ; 6.11e-10 s                 ; No                        ; No                        ;
; GPIO0_D[28]     ; 3.3-V LVTTL  ; 0 s                 ; 0 s                 ; 3.08 V                       ; 3.08e-06 V                   ; 3.13 V              ; -0.0523 V           ; 0.237 V                              ; 0.168 V                              ; 6.67e-10 s                  ; 6.11e-10 s                  ; No                         ; No                         ; 3.08 V                      ; 3.08e-06 V                  ; 3.13 V             ; -0.0523 V          ; 0.237 V                             ; 0.168 V                             ; 6.67e-10 s                 ; 6.11e-10 s                 ; No                        ; No                        ;
; GPIO0_D[29]     ; 3.3-V LVTTL  ; 0 s                 ; 0 s                 ; 3.08 V                       ; 3.08e-06 V                   ; 3.13 V              ; -0.0523 V           ; 0.237 V                              ; 0.168 V                              ; 6.67e-10 s                  ; 6.11e-10 s                  ; No                         ; No                         ; 3.08 V                      ; 3.08e-06 V                  ; 3.13 V             ; -0.0523 V          ; 0.237 V                             ; 0.168 V                             ; 6.67e-10 s                 ; 6.11e-10 s                 ; No                        ; No                        ;
; GPIO0_D[30]     ; 3.3-V LVTTL  ; 0 s                 ; 0 s                 ; 3.08 V                       ; 3.08e-06 V                   ; 3.13 V              ; -0.0523 V           ; 0.237 V                              ; 0.168 V                              ; 6.67e-10 s                  ; 6.11e-10 s                  ; No                         ; No                         ; 3.08 V                      ; 3.08e-06 V                  ; 3.13 V             ; -0.0523 V          ; 0.237 V                             ; 0.168 V                             ; 6.67e-10 s                 ; 6.11e-10 s                 ; No                        ; No                        ;
; GPIO0_D[31]     ; 3.3-V LVTTL  ; 0 s                 ; 0 s                 ; 3.08 V                       ; 3.08e-06 V                   ; 3.13 V              ; -0.0523 V           ; 0.237 V                              ; 0.168 V                              ; 6.67e-10 s                  ; 6.11e-10 s                  ; No                         ; No                         ; 3.08 V                      ; 3.08e-06 V                  ; 3.13 V             ; -0.0523 V          ; 0.237 V                             ; 0.168 V                             ; 6.67e-10 s                 ; 6.11e-10 s                 ; No                        ; No                        ;
; GPIO1_D[0]      ; 3.3-V LVTTL  ; 0 s                 ; 0 s                 ; 3.08 V                       ; 3.08e-06 V                   ; 3.13 V              ; -0.0523 V           ; 0.237 V                              ; 0.168 V                              ; 6.67e-10 s                  ; 6.11e-10 s                  ; No                         ; No                         ; 3.08 V                      ; 3.08e-06 V                  ; 3.13 V             ; -0.0523 V          ; 0.237 V                             ; 0.168 V                             ; 6.67e-10 s                 ; 6.11e-10 s                 ; No                        ; No                        ;
; GPIO1_D[1]      ; 3.3-V LVTTL  ; 0 s                 ; 0 s                 ; 3.08 V                       ; 3.08e-06 V                   ; 3.13 V              ; -0.0523 V           ; 0.237 V                              ; 0.168 V                              ; 6.67e-10 s                  ; 6.11e-10 s                  ; No                         ; No                         ; 3.08 V                      ; 3.08e-06 V                  ; 3.13 V             ; -0.0523 V          ; 0.237 V                             ; 0.168 V                             ; 6.67e-10 s                 ; 6.11e-10 s                 ; No                        ; No                        ;
; GPIO1_D[2]      ; 3.3-V LVTTL  ; 0 s                 ; 0 s                 ; 3.08 V                       ; 3.08e-06 V                   ; 3.13 V              ; -0.0523 V           ; 0.237 V                              ; 0.168 V                              ; 6.67e-10 s                  ; 6.11e-10 s                  ; No                         ; No                         ; 3.08 V                      ; 3.08e-06 V                  ; 3.13 V             ; -0.0523 V          ; 0.237 V                             ; 0.168 V                             ; 6.67e-10 s                 ; 6.11e-10 s                 ; No                        ; No                        ;
; GPIO1_D[3]      ; 3.3-V LVTTL  ; 0 s                 ; 0 s                 ; 3.08 V                       ; 3.08e-06 V                   ; 3.13 V              ; -0.0523 V           ; 0.237 V                              ; 0.168 V                              ; 6.67e-10 s                  ; 6.11e-10 s                  ; No                         ; No                         ; 3.08 V                      ; 3.08e-06 V                  ; 3.13 V             ; -0.0523 V          ; 0.237 V                             ; 0.168 V                             ; 6.67e-10 s                 ; 6.11e-10 s                 ; No                        ; No                        ;
; GPIO1_D[4]      ; 3.3-V LVTTL  ; 0 s                 ; 0 s                 ; 3.08 V                       ; 3.08e-06 V                   ; 3.13 V              ; -0.0523 V           ; 0.237 V                              ; 0.168 V                              ; 6.67e-10 s                  ; 6.11e-10 s                  ; No                         ; No                         ; 3.08 V                      ; 3.08e-06 V                  ; 3.13 V             ; -0.0523 V          ; 0.237 V                             ; 0.168 V                             ; 6.67e-10 s                 ; 6.11e-10 s                 ; No                        ; No                        ;
; GPIO1_D[5]      ; 3.3-V LVTTL  ; 0 s                 ; 0 s                 ; 3.08 V                       ; 3.08e-06 V                   ; 3.13 V              ; -0.0523 V           ; 0.237 V                              ; 0.168 V                              ; 6.67e-10 s                  ; 6.11e-10 s                  ; No                         ; No                         ; 3.08 V                      ; 3.08e-06 V                  ; 3.13 V             ; -0.0523 V          ; 0.237 V                             ; 0.168 V                             ; 6.67e-10 s                 ; 6.11e-10 s                 ; No                        ; No                        ;
; GPIO1_D[6]      ; 3.3-V LVTTL  ; 0 s                 ; 0 s                 ; 3.08 V                       ; 3.08e-06 V                   ; 3.13 V              ; -0.0523 V           ; 0.237 V                              ; 0.168 V                              ; 6.67e-10 s                  ; 6.11e-10 s                  ; No                         ; No                         ; 3.08 V                      ; 3.08e-06 V                  ; 3.13 V             ; -0.0523 V          ; 0.237 V                             ; 0.168 V                             ; 6.67e-10 s                 ; 6.11e-10 s                 ; No                        ; No                        ;
; GPIO1_D[7]      ; 3.3-V LVTTL  ; 0 s                 ; 0 s                 ; 3.08 V                       ; 3.08e-06 V                   ; 3.13 V              ; -0.0523 V           ; 0.237 V                              ; 0.168 V                              ; 6.67e-10 s                  ; 6.11e-10 s                  ; No                         ; No                         ; 3.08 V                      ; 3.08e-06 V                  ; 3.13 V             ; -0.0523 V          ; 0.237 V                             ; 0.168 V                             ; 6.67e-10 s                 ; 6.11e-10 s                 ; No                        ; No                        ;
; GPIO1_D[8]      ; 3.3-V LVTTL  ; 0 s                 ; 0 s                 ; 3.08 V                       ; 3.08e-06 V                   ; 3.13 V              ; -0.0523 V           ; 0.237 V                              ; 0.168 V                              ; 6.67e-10 s                  ; 6.11e-10 s                  ; No                         ; No                         ; 3.08 V                      ; 3.08e-06 V                  ; 3.13 V             ; -0.0523 V          ; 0.237 V                             ; 0.168 V                             ; 6.67e-10 s                 ; 6.11e-10 s                 ; No                        ; No                        ;
; GPIO1_D[9]      ; 3.3-V LVTTL  ; 0 s                 ; 0 s                 ; 3.08 V                       ; 3.08e-06 V                   ; 3.13 V              ; -0.0523 V           ; 0.237 V                              ; 0.168 V                              ; 6.67e-10 s                  ; 6.11e-10 s                  ; No                         ; No                         ; 3.08 V                      ; 3.08e-06 V                  ; 3.13 V             ; -0.0523 V          ; 0.237 V                             ; 0.168 V                             ; 6.67e-10 s                 ; 6.11e-10 s                 ; No                        ; No                        ;
; GPIO1_D[10]     ; 3.3-V LVTTL  ; 0 s                 ; 0 s                 ; 3.08 V                       ; 3.08e-06 V                   ; 3.13 V              ; -0.0523 V           ; 0.237 V                              ; 0.168 V                              ; 6.67e-10 s                  ; 6.11e-10 s                  ; No                         ; No                         ; 3.08 V                      ; 3.08e-06 V                  ; 3.13 V             ; -0.0523 V          ; 0.237 V                             ; 0.168 V                             ; 6.67e-10 s                 ; 6.11e-10 s                 ; No                        ; No                        ;
; GPIO1_D[11]     ; 3.3-V LVTTL  ; 0 s                 ; 0 s                 ; 3.08 V                       ; 3.08e-06 V                   ; 3.13 V              ; -0.0523 V           ; 0.237 V                              ; 0.168 V                              ; 6.67e-10 s                  ; 6.11e-10 s                  ; No                         ; No                         ; 3.08 V                      ; 3.08e-06 V                  ; 3.13 V             ; -0.0523 V          ; 0.237 V                             ; 0.168 V                             ; 6.67e-10 s                 ; 6.11e-10 s                 ; No                        ; No                        ;
; GPIO1_D[12]     ; 3.3-V LVTTL  ; 0 s                 ; 0 s                 ; 3.08 V                       ; 3.08e-06 V                   ; 3.13 V              ; -0.0523 V           ; 0.237 V                              ; 0.168 V                              ; 6.67e-10 s                  ; 6.11e-10 s                  ; No                         ; No                         ; 3.08 V                      ; 3.08e-06 V                  ; 3.13 V             ; -0.0523 V          ; 0.237 V                             ; 0.168 V                             ; 6.67e-10 s                 ; 6.11e-10 s                 ; No                        ; No                        ;
; GPIO1_D[13]     ; 3.3-V LVTTL  ; 0 s                 ; 0 s                 ; 3.08 V                       ; 3.08e-06 V                   ; 3.13 V              ; -0.0523 V           ; 0.237 V                              ; 0.168 V                              ; 6.67e-10 s                  ; 6.11e-10 s                  ; No                         ; No                         ; 3.08 V                      ; 3.08e-06 V                  ; 3.13 V             ; -0.0523 V          ; 0.237 V                             ; 0.168 V                             ; 6.67e-10 s                 ; 6.11e-10 s                 ; No                        ; No                        ;
; GPIO1_D[14]     ; 3.3-V LVTTL  ; 0 s                 ; 0 s                 ; 3.08 V                       ; 3.08e-06 V                   ; 3.13 V              ; -0.0523 V           ; 0.237 V                              ; 0.168 V                              ; 6.67e-10 s                  ; 6.11e-10 s                  ; No                         ; No                         ; 3.08 V                      ; 3.08e-06 V                  ; 3.13 V             ; -0.0523 V          ; 0.237 V                             ; 0.168 V                             ; 6.67e-10 s                 ; 6.11e-10 s                 ; No                        ; No                        ;
; GPIO1_D[15]     ; 3.3-V LVTTL  ; 0 s                 ; 0 s                 ; 3.08 V                       ; 3.08e-06 V                   ; 3.13 V              ; -0.0523 V           ; 0.237 V                              ; 0.168 V                              ; 6.67e-10 s                  ; 6.11e-10 s                  ; No                         ; No                         ; 3.08 V                      ; 3.08e-06 V                  ; 3.13 V             ; -0.0523 V          ; 0.237 V                             ; 0.168 V                             ; 6.67e-10 s                 ; 6.11e-10 s                 ; No                        ; No                        ;
; GPIO1_D[16]     ; 3.3-V LVTTL  ; 0 s                 ; 0 s                 ; 3.08 V                       ; 3.08e-06 V                   ; 3.13 V              ; -0.0523 V           ; 0.237 V                              ; 0.168 V                              ; 6.67e-10 s                  ; 6.11e-10 s                  ; No                         ; No                         ; 3.08 V                      ; 3.08e-06 V                  ; 3.13 V             ; -0.0523 V          ; 0.237 V                             ; 0.168 V                             ; 6.67e-10 s                 ; 6.11e-10 s                 ; No                        ; No                        ;
; GPIO1_D[17]     ; 3.3-V LVTTL  ; 0 s                 ; 0 s                 ; 3.08 V                       ; 3.08e-06 V                   ; 3.13 V              ; -0.0523 V           ; 0.237 V                              ; 0.168 V                              ; 6.67e-10 s                  ; 6.11e-10 s                  ; No                         ; No                         ; 3.08 V                      ; 3.08e-06 V                  ; 3.13 V             ; -0.0523 V          ; 0.237 V                             ; 0.168 V                             ; 6.67e-10 s                 ; 6.11e-10 s                 ; No                        ; No                        ;
; GPIO1_D[18]     ; 3.3-V LVTTL  ; 0 s                 ; 0 s                 ; 3.08 V                       ; 3.08e-06 V                   ; 3.13 V              ; -0.0523 V           ; 0.237 V                              ; 0.168 V                              ; 6.67e-10 s                  ; 6.11e-10 s                  ; No                         ; No                         ; 3.08 V                      ; 3.08e-06 V                  ; 3.13 V             ; -0.0523 V          ; 0.237 V                             ; 0.168 V                             ; 6.67e-10 s                 ; 6.11e-10 s                 ; No                        ; No                        ;
; GPIO1_D[19]     ; 3.3-V LVTTL  ; 0 s                 ; 0 s                 ; 3.08 V                       ; 3.08e-06 V                   ; 3.13 V              ; -0.0523 V           ; 0.237 V                              ; 0.168 V                              ; 6.67e-10 s                  ; 6.11e-10 s                  ; No                         ; No                         ; 3.08 V                      ; 3.08e-06 V                  ; 3.13 V             ; -0.0523 V          ; 0.237 V                             ; 0.168 V                             ; 6.67e-10 s                 ; 6.11e-10 s                 ; No                        ; No                        ;
; GPIO1_D[20]     ; 3.3-V LVTTL  ; 0 s                 ; 0 s                 ; 3.08 V                       ; 3.08e-06 V                   ; 3.13 V              ; -0.0523 V           ; 0.237 V                              ; 0.168 V                              ; 6.67e-10 s                  ; 6.11e-10 s                  ; No                         ; No                         ; 3.08 V                      ; 3.08e-06 V                  ; 3.13 V             ; -0.0523 V          ; 0.237 V                             ; 0.168 V                             ; 6.67e-10 s                 ; 6.11e-10 s                 ; No                        ; No                        ;
; GPIO1_D[21]     ; 3.3-V LVTTL  ; 0 s                 ; 0 s                 ; 3.08 V                       ; 3.08e-06 V                   ; 3.13 V              ; -0.0523 V           ; 0.237 V                              ; 0.168 V                              ; 6.67e-10 s                  ; 6.11e-10 s                  ; No                         ; No                         ; 3.08 V                      ; 3.08e-06 V                  ; 3.13 V             ; -0.0523 V          ; 0.237 V                             ; 0.168 V                             ; 6.67e-10 s                 ; 6.11e-10 s                 ; No                        ; No                        ;
; GPIO1_D[22]     ; 3.3-V LVTTL  ; 0 s                 ; 0 s                 ; 3.08 V                       ; 3.08e-06 V                   ; 3.13 V              ; -0.0523 V           ; 0.237 V                              ; 0.168 V                              ; 6.67e-10 s                  ; 6.11e-10 s                  ; No                         ; No                         ; 3.08 V                      ; 3.08e-06 V                  ; 3.13 V             ; -0.0523 V          ; 0.237 V                             ; 0.168 V                             ; 6.67e-10 s                 ; 6.11e-10 s                 ; No                        ; No                        ;
; GPIO1_D[23]     ; 3.3-V LVTTL  ; 0 s                 ; 0 s                 ; 3.08 V                       ; 3.08e-06 V                   ; 3.13 V              ; -0.0523 V           ; 0.237 V                              ; 0.168 V                              ; 6.67e-10 s                  ; 6.11e-10 s                  ; No                         ; No                         ; 3.08 V                      ; 3.08e-06 V                  ; 3.13 V             ; -0.0523 V          ; 0.237 V                             ; 0.168 V                             ; 6.67e-10 s                 ; 6.11e-10 s                 ; No                        ; No                        ;
; GPIO1_D[24]     ; 3.3-V LVTTL  ; 0 s                 ; 0 s                 ; 3.08 V                       ; 3.08e-06 V                   ; 3.13 V              ; -0.0523 V           ; 0.237 V                              ; 0.168 V                              ; 6.67e-10 s                  ; 6.11e-10 s                  ; No                         ; No                         ; 3.08 V                      ; 3.08e-06 V                  ; 3.13 V             ; -0.0523 V          ; 0.237 V                             ; 0.168 V                             ; 6.67e-10 s                 ; 6.11e-10 s                 ; No                        ; No                        ;
; GPIO1_D[25]     ; 3.3-V LVTTL  ; 0 s                 ; 0 s                 ; 3.08 V                       ; 3.08e-06 V                   ; 3.13 V              ; -0.0523 V           ; 0.237 V                              ; 0.168 V                              ; 6.67e-10 s                  ; 6.11e-10 s                  ; No                         ; No                         ; 3.08 V                      ; 3.08e-06 V                  ; 3.13 V             ; -0.0523 V          ; 0.237 V                             ; 0.168 V                             ; 6.67e-10 s                 ; 6.11e-10 s                 ; No                        ; No                        ;
; GPIO1_D[26]     ; 3.3-V LVTTL  ; 0 s                 ; 0 s                 ; 3.08 V                       ; 3.08e-06 V                   ; 3.13 V              ; -0.0523 V           ; 0.237 V                              ; 0.168 V                              ; 6.67e-10 s                  ; 6.11e-10 s                  ; No                         ; No                         ; 3.08 V                      ; 3.08e-06 V                  ; 3.13 V             ; -0.0523 V          ; 0.237 V                             ; 0.168 V                             ; 6.67e-10 s                 ; 6.11e-10 s                 ; No                        ; No                        ;
; GPIO1_D[27]     ; 3.3-V LVTTL  ; 0 s                 ; 0 s                 ; 3.08 V                       ; 3.08e-06 V                   ; 3.13 V              ; -0.0523 V           ; 0.237 V                              ; 0.168 V                              ; 6.67e-10 s                  ; 6.11e-10 s                  ; No                         ; No                         ; 3.08 V                      ; 3.08e-06 V                  ; 3.13 V             ; -0.0523 V          ; 0.237 V                             ; 0.168 V                             ; 6.67e-10 s                 ; 6.11e-10 s                 ; No                        ; No                        ;
; GPIO1_D[28]     ; 3.3-V LVTTL  ; 0 s                 ; 0 s                 ; 3.08 V                       ; 3.08e-06 V                   ; 3.13 V              ; -0.0523 V           ; 0.237 V                              ; 0.168 V                              ; 6.67e-10 s                  ; 6.11e-10 s                  ; No                         ; No                         ; 3.08 V                      ; 3.08e-06 V                  ; 3.13 V             ; -0.0523 V          ; 0.237 V                             ; 0.168 V                             ; 6.67e-10 s                 ; 6.11e-10 s                 ; No                        ; No                        ;
; GPIO1_D[29]     ; 3.3-V LVTTL  ; 0 s                 ; 0 s                 ; 3.08 V                       ; 3.08e-06 V                   ; 3.13 V              ; -0.0523 V           ; 0.237 V                              ; 0.168 V                              ; 6.67e-10 s                  ; 6.11e-10 s                  ; No                         ; No                         ; 3.08 V                      ; 3.08e-06 V                  ; 3.13 V             ; -0.0523 V          ; 0.237 V                             ; 0.168 V                             ; 6.67e-10 s                 ; 6.11e-10 s                 ; No                        ; No                        ;
; GPIO1_D[30]     ; 3.3-V LVTTL  ; 0 s                 ; 0 s                 ; 3.08 V                       ; 3.08e-06 V                   ; 3.13 V              ; -0.0523 V           ; 0.237 V                              ; 0.168 V                              ; 6.67e-10 s                  ; 6.11e-10 s                  ; No                         ; No                         ; 3.08 V                      ; 3.08e-06 V                  ; 3.13 V             ; -0.0523 V          ; 0.237 V                             ; 0.168 V                             ; 6.67e-10 s                 ; 6.11e-10 s                 ; No                        ; No                        ;
; GPIO1_D[31]     ; 3.3-V LVTTL  ; 0 s                 ; 0 s                 ; 3.08 V                       ; 3.08e-06 V                   ; 3.13 V              ; -0.0523 V           ; 0.237 V                              ; 0.168 V                              ; 6.67e-10 s                  ; 6.11e-10 s                  ; No                         ; No                         ; 3.08 V                      ; 3.08e-06 V                  ; 3.13 V             ; -0.0523 V          ; 0.237 V                             ; 0.168 V                             ; 6.67e-10 s                 ; 6.11e-10 s                 ; No                        ; No                        ;
; ~ALTERA_DCLK~   ; 3.3-V LVTTL  ; 0 s                 ; 0 s                 ; 3.08 V                       ; 1.02e-06 V                   ; 3.14 V              ; -0.0402 V           ; 0.146 V                              ; 0.156 V                              ; 4.62e-10 s                  ; 4.36e-10 s                  ; Yes                        ; Yes                        ; 3.08 V                      ; 1.02e-06 V                  ; 3.14 V             ; -0.0402 V          ; 0.146 V                             ; 0.156 V                             ; 4.62e-10 s                 ; 4.36e-10 s                 ; Yes                       ; Yes                       ;
+-----------------+--------------+---------------------+---------------------+------------------------------+------------------------------+---------------------+---------------------+--------------------------------------+--------------------------------------+-----------------------------+-----------------------------+----------------------------+----------------------------+-----------------------------+-----------------------------+--------------------+--------------------+-------------------------------------+-------------------------------------+----------------------------+----------------------------+---------------------------+---------------------------+


+----------------------------------------------------------------------------------------------------------------------------------------------------------------------------------------------------------------------------------------------------------------------------------------------------------------------------------------------------------------------------------------------------------------------------------------------------------------------------------------------------------------------------------------------------------------------------------------------------------------------------------------------------------------------------------------------+
; Fast Corner Signal Integrity Metrics                                                                                                                                                                                                                                                                                                                                                                                                                                                                                                                                                                                                                                                         ;
+-----------------+--------------+---------------------+---------------------+------------------------------+------------------------------+---------------------+---------------------+--------------------------------------+--------------------------------------+-----------------------------+-----------------------------+----------------------------+----------------------------+-----------------------------+-----------------------------+--------------------+--------------------+-------------------------------------+-------------------------------------+----------------------------+----------------------------+---------------------------+---------------------------+
; Pin             ; I/O Standard ; Board Delay on Rise ; Board Delay on Fall ; Steady State Voh at FPGA Pin ; Steady State Vol at FPGA Pin ; Voh Max at FPGA Pin ; Vol Min at FPGA Pin ; Ringback Voltage on Rise at FPGA Pin ; Ringback Voltage on Fall at FPGA Pin ; 10-90 Rise Time at FPGA Pin ; 90-10 Fall Time at FPGA Pin ; Monotonic Rise at FPGA Pin ; Monotonic Fall at FPGA Pin ; Steady State Voh at Far-end ; Steady State Vol at Far-end ; Voh Max at Far-end ; Vol Min at Far-end ; Ringback Voltage on Rise at Far-end ; Ringback Voltage on Fall at Far-end ; 10-90 Rise Time at Far-end ; 90-10 Fall Time at Far-end ; Monotonic Rise at Far-end ; Monotonic Fall at Far-end ;
+-----------------+--------------+---------------------+---------------------+------------------------------+------------------------------+---------------------+---------------------+--------------------------------------+--------------------------------------+-----------------------------+-----------------------------+----------------------------+----------------------------+-----------------------------+-----------------------------+--------------------+--------------------+-------------------------------------+-------------------------------------+----------------------------+----------------------------+---------------------------+---------------------------+
; HEX0_D[0]       ; 3.3-V LVTTL  ; 0 s                 ; 0 s                 ; 3.46 V                       ; 1.9e-07 V                    ; 3.59 V              ; -0.0873 V           ; 0.332 V                              ; 0.189 V                              ; 4.6e-10 s                   ; 4.2e-10 s                   ; No                         ; Yes                        ; 3.46 V                      ; 1.9e-07 V                   ; 3.59 V             ; -0.0873 V          ; 0.332 V                             ; 0.189 V                             ; 4.6e-10 s                  ; 4.2e-10 s                  ; No                        ; Yes                       ;
; HEX0_D[1]       ; 3.3-V LVTTL  ; 0 s                 ; 0 s                 ; 3.46 V                       ; 1.9e-07 V                    ; 3.59 V              ; -0.0873 V           ; 0.332 V                              ; 0.189 V                              ; 4.6e-10 s                   ; 4.2e-10 s                   ; No                         ; Yes                        ; 3.46 V                      ; 1.9e-07 V                   ; 3.59 V             ; -0.0873 V          ; 0.332 V                             ; 0.189 V                             ; 4.6e-10 s                  ; 4.2e-10 s                  ; No                        ; Yes                       ;
; HEX0_D[2]       ; 3.3-V LVTTL  ; 0 s                 ; 0 s                 ; 3.46 V                       ; 1.9e-07 V                    ; 3.59 V              ; -0.0873 V           ; 0.332 V                              ; 0.189 V                              ; 4.6e-10 s                   ; 4.2e-10 s                   ; No                         ; Yes                        ; 3.46 V                      ; 1.9e-07 V                   ; 3.59 V             ; -0.0873 V          ; 0.332 V                             ; 0.189 V                             ; 4.6e-10 s                  ; 4.2e-10 s                  ; No                        ; Yes                       ;
; HEX0_D[3]       ; 3.3-V LVTTL  ; 0 s                 ; 0 s                 ; 3.46 V                       ; 1.9e-07 V                    ; 3.59 V              ; -0.0873 V           ; 0.332 V                              ; 0.189 V                              ; 4.6e-10 s                   ; 4.2e-10 s                   ; No                         ; Yes                        ; 3.46 V                      ; 1.9e-07 V                   ; 3.59 V             ; -0.0873 V          ; 0.332 V                             ; 0.189 V                             ; 4.6e-10 s                  ; 4.2e-10 s                  ; No                        ; Yes                       ;
; HEX0_D[4]       ; 3.3-V LVTTL  ; 0 s                 ; 0 s                 ; 3.46 V                       ; 1.9e-07 V                    ; 3.59 V              ; -0.0873 V           ; 0.332 V                              ; 0.189 V                              ; 4.6e-10 s                   ; 4.2e-10 s                   ; No                         ; Yes                        ; 3.46 V                      ; 1.9e-07 V                   ; 3.59 V             ; -0.0873 V          ; 0.332 V                             ; 0.189 V                             ; 4.6e-10 s                  ; 4.2e-10 s                  ; No                        ; Yes                       ;
; HEX0_D[5]       ; 3.3-V LVTTL  ; 0 s                 ; 0 s                 ; 3.46 V                       ; 1.9e-07 V                    ; 3.59 V              ; -0.0873 V           ; 0.332 V                              ; 0.189 V                              ; 4.6e-10 s                   ; 4.2e-10 s                   ; No                         ; Yes                        ; 3.46 V                      ; 1.9e-07 V                   ; 3.59 V             ; -0.0873 V          ; 0.332 V                             ; 0.189 V                             ; 4.6e-10 s                  ; 4.2e-10 s                  ; No                        ; Yes                       ;
; HEX0_D[6]       ; 3.3-V LVTTL  ; 0 s                 ; 0 s                 ; 3.46 V                       ; 1.9e-07 V                    ; 3.59 V              ; -0.0873 V           ; 0.332 V                              ; 0.189 V                              ; 4.6e-10 s                   ; 4.2e-10 s                   ; No                         ; Yes                        ; 3.46 V                      ; 1.9e-07 V                   ; 3.59 V             ; -0.0873 V          ; 0.332 V                             ; 0.189 V                             ; 4.6e-10 s                  ; 4.2e-10 s                  ; No                        ; Yes                       ;
; HEX0_DP         ; 3.3-V LVTTL  ; 0 s                 ; 0 s                 ; 3.46 V                       ; 1.9e-07 V                    ; 3.59 V              ; -0.0873 V           ; 0.332 V                              ; 0.189 V                              ; 4.6e-10 s                   ; 4.2e-10 s                   ; No                         ; Yes                        ; 3.46 V                      ; 1.9e-07 V                   ; 3.59 V             ; -0.0873 V          ; 0.332 V                             ; 0.189 V                             ; 4.6e-10 s                  ; 4.2e-10 s                  ; No                        ; Yes                       ;
; HEX1_D[0]       ; 3.3-V LVTTL  ; 0 s                 ; 0 s                 ; 3.46 V                       ; 1.9e-07 V                    ; 3.59 V              ; -0.0873 V           ; 0.332 V                              ; 0.189 V                              ; 4.6e-10 s                   ; 4.2e-10 s                   ; No                         ; Yes                        ; 3.46 V                      ; 1.9e-07 V                   ; 3.59 V             ; -0.0873 V          ; 0.332 V                             ; 0.189 V                             ; 4.6e-10 s                  ; 4.2e-10 s                  ; No                        ; Yes                       ;
; HEX1_D[1]       ; 3.3-V LVTTL  ; 0 s                 ; 0 s                 ; 3.46 V                       ; 1.9e-07 V                    ; 3.59 V              ; -0.0873 V           ; 0.332 V                              ; 0.189 V                              ; 4.6e-10 s                   ; 4.2e-10 s                   ; No                         ; Yes                        ; 3.46 V                      ; 1.9e-07 V                   ; 3.59 V             ; -0.0873 V          ; 0.332 V                             ; 0.189 V                             ; 4.6e-10 s                  ; 4.2e-10 s                  ; No                        ; Yes                       ;
; HEX1_D[2]       ; 3.3-V LVTTL  ; 0 s                 ; 0 s                 ; 3.46 V                       ; 1.9e-07 V                    ; 3.59 V              ; -0.0873 V           ; 0.332 V                              ; 0.189 V                              ; 4.6e-10 s                   ; 4.2e-10 s                   ; No                         ; Yes                        ; 3.46 V                      ; 1.9e-07 V                   ; 3.59 V             ; -0.0873 V          ; 0.332 V                             ; 0.189 V                             ; 4.6e-10 s                  ; 4.2e-10 s                  ; No                        ; Yes                       ;
; HEX1_D[3]       ; 3.3-V LVTTL  ; 0 s                 ; 0 s                 ; 3.46 V                       ; 1.9e-07 V                    ; 3.59 V              ; -0.0873 V           ; 0.332 V                              ; 0.189 V                              ; 4.6e-10 s                   ; 4.2e-10 s                   ; No                         ; Yes                        ; 3.46 V                      ; 1.9e-07 V                   ; 3.59 V             ; -0.0873 V          ; 0.332 V                             ; 0.189 V                             ; 4.6e-10 s                  ; 4.2e-10 s                  ; No                        ; Yes                       ;
; HEX1_D[4]       ; 3.3-V LVTTL  ; 0 s                 ; 0 s                 ; 3.46 V                       ; 1.9e-07 V                    ; 3.59 V              ; -0.0873 V           ; 0.332 V                              ; 0.189 V                              ; 4.6e-10 s                   ; 4.2e-10 s                   ; No                         ; Yes                        ; 3.46 V                      ; 1.9e-07 V                   ; 3.59 V             ; -0.0873 V          ; 0.332 V                             ; 0.189 V                             ; 4.6e-10 s                  ; 4.2e-10 s                  ; No                        ; Yes                       ;
; HEX1_D[5]       ; 3.3-V LVTTL  ; 0 s                 ; 0 s                 ; 3.46 V                       ; 1.9e-07 V                    ; 3.59 V              ; -0.0873 V           ; 0.332 V                              ; 0.189 V                              ; 4.6e-10 s                   ; 4.2e-10 s                   ; No                         ; Yes                        ; 3.46 V                      ; 1.9e-07 V                   ; 3.59 V             ; -0.0873 V          ; 0.332 V                             ; 0.189 V                             ; 4.6e-10 s                  ; 4.2e-10 s                  ; No                        ; Yes                       ;
; HEX1_D[6]       ; 3.3-V LVTTL  ; 0 s                 ; 0 s                 ; 3.46 V                       ; 1.9e-07 V                    ; 3.59 V              ; -0.0873 V           ; 0.332 V                              ; 0.189 V                              ; 4.6e-10 s                   ; 4.2e-10 s                   ; No                         ; Yes                        ; 3.46 V                      ; 1.9e-07 V                   ; 3.59 V             ; -0.0873 V          ; 0.332 V                             ; 0.189 V                             ; 4.6e-10 s                  ; 4.2e-10 s                  ; No                        ; Yes                       ;
; HEX1_DP         ; 3.3-V LVTTL  ; 0 s                 ; 0 s                 ; 3.46 V                       ; 1.9e-07 V                    ; 3.59 V              ; -0.0873 V           ; 0.332 V                              ; 0.189 V                              ; 4.6e-10 s                   ; 4.2e-10 s                   ; No                         ; Yes                        ; 3.46 V                      ; 1.9e-07 V                   ; 3.59 V             ; -0.0873 V          ; 0.332 V                             ; 0.189 V                             ; 4.6e-10 s                  ; 4.2e-10 s                  ; No                        ; Yes                       ;
; HEX2_D[0]       ; 3.3-V LVTTL  ; 0 s                 ; 0 s                 ; 3.46 V                       ; 1.9e-07 V                    ; 3.59 V              ; -0.0873 V           ; 0.332 V                              ; 0.189 V                              ; 4.6e-10 s                   ; 4.2e-10 s                   ; No                         ; Yes                        ; 3.46 V                      ; 1.9e-07 V                   ; 3.59 V             ; -0.0873 V          ; 0.332 V                             ; 0.189 V                             ; 4.6e-10 s                  ; 4.2e-10 s                  ; No                        ; Yes                       ;
; HEX2_D[1]       ; 3.3-V LVTTL  ; 0 s                 ; 0 s                 ; 3.46 V                       ; 1.9e-07 V                    ; 3.59 V              ; -0.0873 V           ; 0.332 V                              ; 0.189 V                              ; 4.6e-10 s                   ; 4.2e-10 s                   ; No                         ; Yes                        ; 3.46 V                      ; 1.9e-07 V                   ; 3.59 V             ; -0.0873 V          ; 0.332 V                             ; 0.189 V                             ; 4.6e-10 s                  ; 4.2e-10 s                  ; No                        ; Yes                       ;
; HEX2_D[2]       ; 3.3-V LVTTL  ; 0 s                 ; 0 s                 ; 3.46 V                       ; 1.9e-07 V                    ; 3.59 V              ; -0.0873 V           ; 0.332 V                              ; 0.189 V                              ; 4.6e-10 s                   ; 4.2e-10 s                   ; No                         ; Yes                        ; 3.46 V                      ; 1.9e-07 V                   ; 3.59 V             ; -0.0873 V          ; 0.332 V                             ; 0.189 V                             ; 4.6e-10 s                  ; 4.2e-10 s                  ; No                        ; Yes                       ;
; HEX2_D[3]       ; 3.3-V LVTTL  ; 0 s                 ; 0 s                 ; 3.46 V                       ; 1.9e-07 V                    ; 3.59 V              ; -0.0873 V           ; 0.332 V                              ; 0.189 V                              ; 4.6e-10 s                   ; 4.2e-10 s                   ; No                         ; Yes                        ; 3.46 V                      ; 1.9e-07 V                   ; 3.59 V             ; -0.0873 V          ; 0.332 V                             ; 0.189 V                             ; 4.6e-10 s                  ; 4.2e-10 s                  ; No                        ; Yes                       ;
; HEX2_D[4]       ; 3.3-V LVTTL  ; 0 s                 ; 0 s                 ; 3.46 V                       ; 1.9e-07 V                    ; 3.59 V              ; -0.0873 V           ; 0.332 V                              ; 0.189 V                              ; 4.6e-10 s                   ; 4.2e-10 s                   ; No                         ; Yes                        ; 3.46 V                      ; 1.9e-07 V                   ; 3.59 V             ; -0.0873 V          ; 0.332 V                             ; 0.189 V                             ; 4.6e-10 s                  ; 4.2e-10 s                  ; No                        ; Yes                       ;
; HEX2_D[5]       ; 3.3-V LVTTL  ; 0 s                 ; 0 s                 ; 3.46 V                       ; 1.9e-07 V                    ; 3.59 V              ; -0.0873 V           ; 0.332 V                              ; 0.189 V                              ; 4.6e-10 s                   ; 4.2e-10 s                   ; No                         ; Yes                        ; 3.46 V                      ; 1.9e-07 V                   ; 3.59 V             ; -0.0873 V          ; 0.332 V                             ; 0.189 V                             ; 4.6e-10 s                  ; 4.2e-10 s                  ; No                        ; Yes                       ;
; HEX2_D[6]       ; 3.3-V LVTTL  ; 0 s                 ; 0 s                 ; 3.46 V                       ; 1.9e-07 V                    ; 3.59 V              ; -0.0873 V           ; 0.332 V                              ; 0.189 V                              ; 4.6e-10 s                   ; 4.2e-10 s                   ; No                         ; Yes                        ; 3.46 V                      ; 1.9e-07 V                   ; 3.59 V             ; -0.0873 V          ; 0.332 V                             ; 0.189 V                             ; 4.6e-10 s                  ; 4.2e-10 s                  ; No                        ; Yes                       ;
; HEX2_DP         ; 3.3-V LVTTL  ; 0 s                 ; 0 s                 ; 3.46 V                       ; 1.9e-07 V                    ; 3.59 V              ; -0.0873 V           ; 0.332 V                              ; 0.189 V                              ; 4.6e-10 s                   ; 4.2e-10 s                   ; No                         ; Yes                        ; 3.46 V                      ; 1.9e-07 V                   ; 3.59 V             ; -0.0873 V          ; 0.332 V                             ; 0.189 V                             ; 4.6e-10 s                  ; 4.2e-10 s                  ; No                        ; Yes                       ;
; HEX3_D[0]       ; 3.3-V LVTTL  ; 0 s                 ; 0 s                 ; 3.46 V                       ; 1.9e-07 V                    ; 3.59 V              ; -0.0873 V           ; 0.332 V                              ; 0.189 V                              ; 4.6e-10 s                   ; 4.2e-10 s                   ; No                         ; Yes                        ; 3.46 V                      ; 1.9e-07 V                   ; 3.59 V             ; -0.0873 V          ; 0.332 V                             ; 0.189 V                             ; 4.6e-10 s                  ; 4.2e-10 s                  ; No                        ; Yes                       ;
; HEX3_D[1]       ; 3.3-V LVTTL  ; 0 s                 ; 0 s                 ; 3.46 V                       ; 1.9e-07 V                    ; 3.59 V              ; -0.0873 V           ; 0.332 V                              ; 0.189 V                              ; 4.6e-10 s                   ; 4.2e-10 s                   ; No                         ; Yes                        ; 3.46 V                      ; 1.9e-07 V                   ; 3.59 V             ; -0.0873 V          ; 0.332 V                             ; 0.189 V                             ; 4.6e-10 s                  ; 4.2e-10 s                  ; No                        ; Yes                       ;
; HEX3_D[2]       ; 3.3-V LVTTL  ; 0 s                 ; 0 s                 ; 3.46 V                       ; 1.9e-07 V                    ; 3.59 V              ; -0.0873 V           ; 0.332 V                              ; 0.189 V                              ; 4.6e-10 s                   ; 4.2e-10 s                   ; No                         ; Yes                        ; 3.46 V                      ; 1.9e-07 V                   ; 3.59 V             ; -0.0873 V          ; 0.332 V                             ; 0.189 V                             ; 4.6e-10 s                  ; 4.2e-10 s                  ; No                        ; Yes                       ;
; HEX3_D[3]       ; 3.3-V LVTTL  ; 0 s                 ; 0 s                 ; 3.46 V                       ; 1.9e-07 V                    ; 3.59 V              ; -0.0873 V           ; 0.332 V                              ; 0.189 V                              ; 4.6e-10 s                   ; 4.2e-10 s                   ; No                         ; Yes                        ; 3.46 V                      ; 1.9e-07 V                   ; 3.59 V             ; -0.0873 V          ; 0.332 V                             ; 0.189 V                             ; 4.6e-10 s                  ; 4.2e-10 s                  ; No                        ; Yes                       ;
; HEX3_D[4]       ; 3.3-V LVTTL  ; 0 s                 ; 0 s                 ; 3.46 V                       ; 1.9e-07 V                    ; 3.59 V              ; -0.0873 V           ; 0.332 V                              ; 0.189 V                              ; 4.6e-10 s                   ; 4.2e-10 s                   ; No                         ; Yes                        ; 3.46 V                      ; 1.9e-07 V                   ; 3.59 V             ; -0.0873 V          ; 0.332 V                             ; 0.189 V                             ; 4.6e-10 s                  ; 4.2e-10 s                  ; No                        ; Yes                       ;
; HEX3_D[5]       ; 3.3-V LVTTL  ; 0 s                 ; 0 s                 ; 3.46 V                       ; 1.9e-07 V                    ; 3.59 V              ; -0.0873 V           ; 0.332 V                              ; 0.189 V                              ; 4.6e-10 s                   ; 4.2e-10 s                   ; No                         ; Yes                        ; 3.46 V                      ; 1.9e-07 V                   ; 3.59 V             ; -0.0873 V          ; 0.332 V                             ; 0.189 V                             ; 4.6e-10 s                  ; 4.2e-10 s                  ; No                        ; Yes                       ;
; HEX3_D[6]       ; 3.3-V LVTTL  ; 0 s                 ; 0 s                 ; 3.46 V                       ; 1.9e-07 V                    ; 3.59 V              ; -0.0873 V           ; 0.332 V                              ; 0.189 V                              ; 4.6e-10 s                   ; 4.2e-10 s                   ; No                         ; Yes                        ; 3.46 V                      ; 1.9e-07 V                   ; 3.59 V             ; -0.0873 V          ; 0.332 V                             ; 0.189 V                             ; 4.6e-10 s                  ; 4.2e-10 s                  ; No                        ; Yes                       ;
; HEX3_DP         ; 3.3-V LVTTL  ; 0 s                 ; 0 s                 ; 3.46 V                       ; 1.9e-07 V                    ; 3.59 V              ; -0.0873 V           ; 0.332 V                              ; 0.189 V                              ; 4.6e-10 s                   ; 4.2e-10 s                   ; No                         ; Yes                        ; 3.46 V                      ; 1.9e-07 V                   ; 3.59 V             ; -0.0873 V          ; 0.332 V                             ; 0.189 V                             ; 4.6e-10 s                  ; 4.2e-10 s                  ; No                        ; Yes                       ;
; LEDG[0]         ; 3.3-V LVTTL  ; 0 s                 ; 0 s                 ; 3.46 V                       ; 1.29e-07 V                   ; 3.55 V              ; -0.053 V            ; 0.341 V                              ; 0.35 V                               ; 9.04e-10 s                  ; 7.28e-10 s                  ; No                         ; No                         ; 3.46 V                      ; 1.29e-07 V                  ; 3.55 V             ; -0.053 V           ; 0.341 V                             ; 0.35 V                              ; 9.04e-10 s                 ; 7.28e-10 s                 ; No                        ; No                        ;
; LEDG[1]         ; 3.3-V LVTTL  ; 0 s                 ; 0 s                 ; 3.46 V                       ; 1.29e-07 V                   ; 3.55 V              ; -0.053 V            ; 0.341 V                              ; 0.35 V                               ; 9.04e-10 s                  ; 7.28e-10 s                  ; No                         ; No                         ; 3.46 V                      ; 1.29e-07 V                  ; 3.55 V             ; -0.053 V           ; 0.341 V                             ; 0.35 V                              ; 9.04e-10 s                 ; 7.28e-10 s                 ; No                        ; No                        ;
; LEDG[2]         ; 3.3-V LVTTL  ; 0 s                 ; 0 s                 ; 3.46 V                       ; 1.29e-07 V                   ; 3.48 V              ; -0.0136 V           ; 0.352 V                              ; 0.346 V                              ; 4.12e-09 s                  ; 3.34e-09 s                  ; No                         ; Yes                        ; 3.46 V                      ; 1.29e-07 V                  ; 3.48 V             ; -0.0136 V          ; 0.352 V                             ; 0.346 V                             ; 4.12e-09 s                 ; 3.34e-09 s                 ; No                        ; Yes                       ;
; LEDG[3]         ; 3.3-V LVTTL  ; 0 s                 ; 0 s                 ; 3.46 V                       ; 1.29e-07 V                   ; 3.55 V              ; -0.053 V            ; 0.341 V                              ; 0.35 V                               ; 9.04e-10 s                  ; 7.28e-10 s                  ; No                         ; No                         ; 3.46 V                      ; 1.29e-07 V                  ; 3.55 V             ; -0.053 V           ; 0.341 V                             ; 0.35 V                              ; 9.04e-10 s                 ; 7.28e-10 s                 ; No                        ; No                        ;
; LEDG[4]         ; 3.3-V LVTTL  ; 0 s                 ; 0 s                 ; 3.46 V                       ; 1.29e-07 V                   ; 3.55 V              ; -0.053 V            ; 0.341 V                              ; 0.35 V                               ; 9.04e-10 s                  ; 7.28e-10 s                  ; No                         ; No                         ; 3.46 V                      ; 1.29e-07 V                  ; 3.55 V             ; -0.053 V           ; 0.341 V                             ; 0.35 V                              ; 9.04e-10 s                 ; 7.28e-10 s                 ; No                        ; No                        ;
; LEDG[5]         ; 3.3-V LVTTL  ; 0 s                 ; 0 s                 ; 3.46 V                       ; 1.29e-07 V                   ; 3.55 V              ; -0.053 V            ; 0.341 V                              ; 0.35 V                               ; 9.04e-10 s                  ; 7.28e-10 s                  ; No                         ; No                         ; 3.46 V                      ; 1.29e-07 V                  ; 3.55 V             ; -0.053 V           ; 0.341 V                             ; 0.35 V                              ; 9.04e-10 s                 ; 7.28e-10 s                 ; No                        ; No                        ;
; LEDG[6]         ; 3.3-V LVTTL  ; 0 s                 ; 0 s                 ; 3.46 V                       ; 1.29e-07 V                   ; 3.55 V              ; -0.053 V            ; 0.341 V                              ; 0.35 V                               ; 9.04e-10 s                  ; 7.28e-10 s                  ; No                         ; No                         ; 3.46 V                      ; 1.29e-07 V                  ; 3.55 V             ; -0.053 V           ; 0.341 V                             ; 0.35 V                              ; 9.04e-10 s                 ; 7.28e-10 s                 ; No                        ; No                        ;
; LEDG[7]         ; 3.3-V LVTTL  ; 0 s                 ; 0 s                 ; 3.46 V                       ; 1.29e-07 V                   ; 3.55 V              ; -0.053 V            ; 0.341 V                              ; 0.35 V                               ; 9.04e-10 s                  ; 7.28e-10 s                  ; No                         ; No                         ; 3.46 V                      ; 1.29e-07 V                  ; 3.55 V             ; -0.053 V           ; 0.341 V                             ; 0.35 V                              ; 9.04e-10 s                 ; 7.28e-10 s                 ; No                        ; No                        ;
; LEDG[8]         ; 3.3-V LVTTL  ; 0 s                 ; 0 s                 ; 3.46 V                       ; 1.29e-07 V                   ; 3.55 V              ; -0.053 V            ; 0.341 V                              ; 0.35 V                               ; 9.04e-10 s                  ; 7.28e-10 s                  ; No                         ; No                         ; 3.46 V                      ; 1.29e-07 V                  ; 3.55 V             ; -0.053 V           ; 0.341 V                             ; 0.35 V                              ; 9.04e-10 s                 ; 7.28e-10 s                 ; No                        ; No                        ;
; LEDG[9]         ; 3.3-V LVTTL  ; 0 s                 ; 0 s                 ; 3.46 V                       ; 1.29e-07 V                   ; 3.55 V              ; -0.053 V            ; 0.341 V                              ; 0.35 V                               ; 9.04e-10 s                  ; 7.28e-10 s                  ; No                         ; No                         ; 3.46 V                      ; 1.29e-07 V                  ; 3.55 V             ; -0.053 V           ; 0.341 V                             ; 0.35 V                              ; 9.04e-10 s                 ; 7.28e-10 s                 ; No                        ; No                        ;
; UART_TXD        ; 3.3-V LVTTL  ; 0 s                 ; 0 s                 ; 3.46 V                       ; 1.29e-07 V                   ; 3.55 V              ; -0.053 V            ; 0.341 V                              ; 0.35 V                               ; 9.04e-10 s                  ; 7.28e-10 s                  ; No                         ; No                         ; 3.46 V                      ; 1.29e-07 V                  ; 3.55 V             ; -0.053 V           ; 0.341 V                             ; 0.35 V                              ; 9.04e-10 s                 ; 7.28e-10 s                 ; No                        ; No                        ;
; UART_CTS        ; 3.3-V LVTTL  ; 0 s                 ; 0 s                 ; 3.46 V                       ; 1.29e-07 V                   ; 3.55 V              ; -0.053 V            ; 0.341 V                              ; 0.35 V                               ; 9.04e-10 s                  ; 7.28e-10 s                  ; No                         ; No                         ; 3.46 V                      ; 1.29e-07 V                  ; 3.55 V             ; -0.053 V           ; 0.341 V                             ; 0.35 V                              ; 9.04e-10 s                 ; 7.28e-10 s                 ; No                        ; No                        ;
; DRAM_ADDR[0]    ; 3.3-V LVTTL  ; 0 s                 ; 0 s                 ; 3.46 V                       ; 1.9e-07 V                    ; 3.59 V              ; -0.0873 V           ; 0.332 V                              ; 0.189 V                              ; 4.6e-10 s                   ; 4.2e-10 s                   ; No                         ; Yes                        ; 3.46 V                      ; 1.9e-07 V                   ; 3.59 V             ; -0.0873 V          ; 0.332 V                             ; 0.189 V                             ; 4.6e-10 s                  ; 4.2e-10 s                  ; No                        ; Yes                       ;
; DRAM_ADDR[1]    ; 3.3-V LVTTL  ; 0 s                 ; 0 s                 ; 3.46 V                       ; 1.9e-07 V                    ; 3.59 V              ; -0.0873 V           ; 0.332 V                              ; 0.189 V                              ; 4.6e-10 s                   ; 4.2e-10 s                   ; No                         ; Yes                        ; 3.46 V                      ; 1.9e-07 V                   ; 3.59 V             ; -0.0873 V          ; 0.332 V                             ; 0.189 V                             ; 4.6e-10 s                  ; 4.2e-10 s                  ; No                        ; Yes                       ;
; DRAM_ADDR[2]    ; 3.3-V LVTTL  ; 0 s                 ; 0 s                 ; 3.46 V                       ; 1.9e-07 V                    ; 3.59 V              ; -0.0873 V           ; 0.332 V                              ; 0.189 V                              ; 4.6e-10 s                   ; 4.2e-10 s                   ; No                         ; Yes                        ; 3.46 V                      ; 1.9e-07 V                   ; 3.59 V             ; -0.0873 V          ; 0.332 V                             ; 0.189 V                             ; 4.6e-10 s                  ; 4.2e-10 s                  ; No                        ; Yes                       ;
; DRAM_ADDR[3]    ; 3.3-V LVTTL  ; 0 s                 ; 0 s                 ; 3.46 V                       ; 1.9e-07 V                    ; 3.59 V              ; -0.0873 V           ; 0.332 V                              ; 0.189 V                              ; 4.6e-10 s                   ; 4.2e-10 s                   ; No                         ; Yes                        ; 3.46 V                      ; 1.9e-07 V                   ; 3.59 V             ; -0.0873 V          ; 0.332 V                             ; 0.189 V                             ; 4.6e-10 s                  ; 4.2e-10 s                  ; No                        ; Yes                       ;
; DRAM_ADDR[4]    ; 3.3-V LVTTL  ; 0 s                 ; 0 s                 ; 3.46 V                       ; 1.9e-07 V                    ; 3.59 V              ; -0.0873 V           ; 0.332 V                              ; 0.189 V                              ; 4.6e-10 s                   ; 4.2e-10 s                   ; No                         ; Yes                        ; 3.46 V                      ; 1.9e-07 V                   ; 3.59 V             ; -0.0873 V          ; 0.332 V                             ; 0.189 V                             ; 4.6e-10 s                  ; 4.2e-10 s                  ; No                        ; Yes                       ;
; DRAM_ADDR[5]    ; 3.3-V LVTTL  ; 0 s                 ; 0 s                 ; 3.46 V                       ; 1.9e-07 V                    ; 3.59 V              ; -0.0873 V           ; 0.332 V                              ; 0.189 V                              ; 4.6e-10 s                   ; 4.2e-10 s                   ; No                         ; Yes                        ; 3.46 V                      ; 1.9e-07 V                   ; 3.59 V             ; -0.0873 V          ; 0.332 V                             ; 0.189 V                             ; 4.6e-10 s                  ; 4.2e-10 s                  ; No                        ; Yes                       ;
; DRAM_ADDR[6]    ; 3.3-V LVTTL  ; 0 s                 ; 0 s                 ; 3.46 V                       ; 1.9e-07 V                    ; 3.59 V              ; -0.0873 V           ; 0.332 V                              ; 0.189 V                              ; 4.6e-10 s                   ; 4.2e-10 s                   ; No                         ; Yes                        ; 3.46 V                      ; 1.9e-07 V                   ; 3.59 V             ; -0.0873 V          ; 0.332 V                             ; 0.189 V                             ; 4.6e-10 s                  ; 4.2e-10 s                  ; No                        ; Yes                       ;
; DRAM_ADDR[7]    ; 3.3-V LVTTL  ; 0 s                 ; 0 s                 ; 3.46 V                       ; 1.9e-07 V                    ; 3.59 V              ; -0.0873 V           ; 0.332 V                              ; 0.189 V                              ; 4.6e-10 s                   ; 4.2e-10 s                   ; No                         ; Yes                        ; 3.46 V                      ; 1.9e-07 V                   ; 3.59 V             ; -0.0873 V          ; 0.332 V                             ; 0.189 V                             ; 4.6e-10 s                  ; 4.2e-10 s                  ; No                        ; Yes                       ;
; DRAM_ADDR[8]    ; 3.3-V LVTTL  ; 0 s                 ; 0 s                 ; 3.46 V                       ; 1.9e-07 V                    ; 3.59 V              ; -0.0873 V           ; 0.332 V                              ; 0.189 V                              ; 4.6e-10 s                   ; 4.2e-10 s                   ; No                         ; Yes                        ; 3.46 V                      ; 1.9e-07 V                   ; 3.59 V             ; -0.0873 V          ; 0.332 V                             ; 0.189 V                             ; 4.6e-10 s                  ; 4.2e-10 s                  ; No                        ; Yes                       ;
; DRAM_ADDR[9]    ; 3.3-V LVTTL  ; 0 s                 ; 0 s                 ; 3.46 V                       ; 1.9e-07 V                    ; 3.59 V              ; -0.0873 V           ; 0.332 V                              ; 0.189 V                              ; 4.6e-10 s                   ; 4.2e-10 s                   ; No                         ; Yes                        ; 3.46 V                      ; 1.9e-07 V                   ; 3.59 V             ; -0.0873 V          ; 0.332 V                             ; 0.189 V                             ; 4.6e-10 s                  ; 4.2e-10 s                  ; No                        ; Yes                       ;
; DRAM_ADDR[10]   ; 3.3-V LVTTL  ; 0 s                 ; 0 s                 ; 3.46 V                       ; 1.9e-07 V                    ; 3.59 V              ; -0.0873 V           ; 0.332 V                              ; 0.189 V                              ; 4.6e-10 s                   ; 4.2e-10 s                   ; No                         ; Yes                        ; 3.46 V                      ; 1.9e-07 V                   ; 3.59 V             ; -0.0873 V          ; 0.332 V                             ; 0.189 V                             ; 4.6e-10 s                  ; 4.2e-10 s                  ; No                        ; Yes                       ;
; DRAM_ADDR[11]   ; 3.3-V LVTTL  ; 0 s                 ; 0 s                 ; 3.46 V                       ; 1.9e-07 V                    ; 3.59 V              ; -0.0873 V           ; 0.332 V                              ; 0.189 V                              ; 4.6e-10 s                   ; 4.2e-10 s                   ; No                         ; Yes                        ; 3.46 V                      ; 1.9e-07 V                   ; 3.59 V             ; -0.0873 V          ; 0.332 V                             ; 0.189 V                             ; 4.6e-10 s                  ; 4.2e-10 s                  ; No                        ; Yes                       ;
; DRAM_ADDR[12]   ; 3.3-V LVTTL  ; 0 s                 ; 0 s                 ; 3.46 V                       ; 1.9e-07 V                    ; 3.59 V              ; -0.0873 V           ; 0.332 V                              ; 0.189 V                              ; 4.6e-10 s                   ; 4.2e-10 s                   ; No                         ; Yes                        ; 3.46 V                      ; 1.9e-07 V                   ; 3.59 V             ; -0.0873 V          ; 0.332 V                             ; 0.189 V                             ; 4.6e-10 s                  ; 4.2e-10 s                  ; No                        ; Yes                       ;
; DRAM_LDQM       ; 3.3-V LVTTL  ; 0 s                 ; 0 s                 ; 3.46 V                       ; 1.9e-07 V                    ; 3.59 V              ; -0.0873 V           ; 0.332 V                              ; 0.189 V                              ; 4.6e-10 s                   ; 4.2e-10 s                   ; No                         ; Yes                        ; 3.46 V                      ; 1.9e-07 V                   ; 3.59 V             ; -0.0873 V          ; 0.332 V                             ; 0.189 V                             ; 4.6e-10 s                  ; 4.2e-10 s                  ; No                        ; Yes                       ;
; DRAM_UDQM       ; 3.3-V LVTTL  ; 0 s                 ; 0 s                 ; 3.46 V                       ; 1.9e-07 V                    ; 3.59 V              ; -0.0873 V           ; 0.332 V                              ; 0.189 V                              ; 4.6e-10 s                   ; 4.2e-10 s                   ; No                         ; Yes                        ; 3.46 V                      ; 1.9e-07 V                   ; 3.59 V             ; -0.0873 V          ; 0.332 V                             ; 0.189 V                             ; 4.6e-10 s                  ; 4.2e-10 s                  ; No                        ; Yes                       ;
; DRAM_WE_N       ; 3.3-V LVTTL  ; 0 s                 ; 0 s                 ; 3.46 V                       ; 1.9e-07 V                    ; 3.48 V              ; -0.0142 V           ; 0.362 V                              ; 0.291 V                              ; 3.89e-09 s                  ; 3.25e-09 s                  ; No                         ; No                         ; 3.46 V                      ; 1.9e-07 V                   ; 3.48 V             ; -0.0142 V          ; 0.362 V                             ; 0.291 V                             ; 3.89e-09 s                 ; 3.25e-09 s                 ; No                        ; No                        ;
; DRAM_CAS_N      ; 3.3-V LVTTL  ; 0 s                 ; 0 s                 ; 3.46 V                       ; 1.9e-07 V                    ; 3.59 V              ; -0.0873 V           ; 0.332 V                              ; 0.189 V                              ; 4.6e-10 s                   ; 4.2e-10 s                   ; No                         ; Yes                        ; 3.46 V                      ; 1.9e-07 V                   ; 3.59 V             ; -0.0873 V          ; 0.332 V                             ; 0.189 V                             ; 4.6e-10 s                  ; 4.2e-10 s                  ; No                        ; Yes                       ;
; DRAM_RAS_N      ; 3.3-V LVTTL  ; 0 s                 ; 0 s                 ; 3.46 V                       ; 1.9e-07 V                    ; 3.59 V              ; -0.0873 V           ; 0.332 V                              ; 0.189 V                              ; 4.6e-10 s                   ; 4.2e-10 s                   ; No                         ; Yes                        ; 3.46 V                      ; 1.9e-07 V                   ; 3.59 V             ; -0.0873 V          ; 0.332 V                             ; 0.189 V                             ; 4.6e-10 s                  ; 4.2e-10 s                  ; No                        ; Yes                       ;
; DRAM_CS_N       ; 3.3-V LVTTL  ; 0 s                 ; 0 s                 ; 3.46 V                       ; 1.9e-07 V                    ; 3.59 V              ; -0.0873 V           ; 0.332 V                              ; 0.189 V                              ; 4.6e-10 s                   ; 4.2e-10 s                   ; No                         ; Yes                        ; 3.46 V                      ; 1.9e-07 V                   ; 3.59 V             ; -0.0873 V          ; 0.332 V                             ; 0.189 V                             ; 4.6e-10 s                  ; 4.2e-10 s                  ; No                        ; Yes                       ;
; DRAM_BA_0       ; 3.3-V LVTTL  ; 0 s                 ; 0 s                 ; 3.46 V                       ; 1.9e-07 V                    ; 3.59 V              ; -0.0873 V           ; 0.332 V                              ; 0.189 V                              ; 4.6e-10 s                   ; 4.2e-10 s                   ; No                         ; Yes                        ; 3.46 V                      ; 1.9e-07 V                   ; 3.59 V             ; -0.0873 V          ; 0.332 V                             ; 0.189 V                             ; 4.6e-10 s                  ; 4.2e-10 s                  ; No                        ; Yes                       ;
; DRAM_BA_1       ; 3.3-V LVTTL  ; 0 s                 ; 0 s                 ; 3.46 V                       ; 1.9e-07 V                    ; 3.59 V              ; -0.0873 V           ; 0.332 V                              ; 0.189 V                              ; 4.6e-10 s                   ; 4.2e-10 s                   ; No                         ; Yes                        ; 3.46 V                      ; 1.9e-07 V                   ; 3.59 V             ; -0.0873 V          ; 0.332 V                             ; 0.189 V                             ; 4.6e-10 s                  ; 4.2e-10 s                  ; No                        ; Yes                       ;
; DRAM_CLK        ; 3.3-V LVTTL  ; 0 s                 ; 0 s                 ; 3.46 V                       ; 1.9e-07 V                    ; 3.59 V              ; -0.0873 V           ; 0.332 V                              ; 0.189 V                              ; 4.6e-10 s                   ; 4.2e-10 s                   ; No                         ; Yes                        ; 3.46 V                      ; 1.9e-07 V                   ; 3.59 V             ; -0.0873 V          ; 0.332 V                             ; 0.189 V                             ; 4.6e-10 s                  ; 4.2e-10 s                  ; No                        ; Yes                       ;
; DRAM_CKE        ; 3.3-V LVTTL  ; 0 s                 ; 0 s                 ; 3.46 V                       ; 1.9e-07 V                    ; 3.59 V              ; -0.0873 V           ; 0.332 V                              ; 0.189 V                              ; 4.6e-10 s                   ; 4.2e-10 s                   ; No                         ; Yes                        ; 3.46 V                      ; 1.9e-07 V                   ; 3.59 V             ; -0.0873 V          ; 0.332 V                             ; 0.189 V                             ; 4.6e-10 s                  ; 4.2e-10 s                  ; No                        ; Yes                       ;
; FL_ADDR[0]      ; 3.3-V LVTTL  ; 0 s                 ; 0 s                 ; 3.46 V                       ; 1.29e-07 V                   ; 3.55 V              ; -0.053 V            ; 0.341 V                              ; 0.35 V                               ; 9.04e-10 s                  ; 7.28e-10 s                  ; No                         ; No                         ; 3.46 V                      ; 1.29e-07 V                  ; 3.55 V             ; -0.053 V           ; 0.341 V                             ; 0.35 V                              ; 9.04e-10 s                 ; 7.28e-10 s                 ; No                        ; No                        ;
; FL_ADDR[1]      ; 3.3-V LVTTL  ; 0 s                 ; 0 s                 ; 3.46 V                       ; 1.29e-07 V                   ; 3.57 V              ; -0.0645 V           ; 0.332 V                              ; 0.165 V                              ; 6.78e-10 s                  ; 6.19e-10 s                  ; No                         ; Yes                        ; 3.46 V                      ; 1.29e-07 V                  ; 3.57 V             ; -0.0645 V          ; 0.332 V                             ; 0.165 V                             ; 6.78e-10 s                 ; 6.19e-10 s                 ; No                        ; Yes                       ;
; FL_ADDR[2]      ; 3.3-V LVTTL  ; 0 s                 ; 0 s                 ; 3.46 V                       ; 1.29e-07 V                   ; 3.55 V              ; -0.053 V            ; 0.341 V                              ; 0.35 V                               ; 9.04e-10 s                  ; 7.28e-10 s                  ; No                         ; No                         ; 3.46 V                      ; 1.29e-07 V                  ; 3.55 V             ; -0.053 V           ; 0.341 V                             ; 0.35 V                              ; 9.04e-10 s                 ; 7.28e-10 s                 ; No                        ; No                        ;
; FL_ADDR[3]      ; 3.3-V LVTTL  ; 0 s                 ; 0 s                 ; 3.46 V                       ; 1.29e-07 V                   ; 3.55 V              ; -0.053 V            ; 0.341 V                              ; 0.35 V                               ; 9.04e-10 s                  ; 7.28e-10 s                  ; No                         ; No                         ; 3.46 V                      ; 1.29e-07 V                  ; 3.55 V             ; -0.053 V           ; 0.341 V                             ; 0.35 V                              ; 9.04e-10 s                 ; 7.28e-10 s                 ; No                        ; No                        ;
; FL_ADDR[4]      ; 3.3-V LVTTL  ; 0 s                 ; 0 s                 ; 3.46 V                       ; 1.29e-07 V                   ; 3.57 V              ; -0.0645 V           ; 0.332 V                              ; 0.165 V                              ; 6.78e-10 s                  ; 6.19e-10 s                  ; No                         ; Yes                        ; 3.46 V                      ; 1.29e-07 V                  ; 3.57 V             ; -0.0645 V          ; 0.332 V                             ; 0.165 V                             ; 6.78e-10 s                 ; 6.19e-10 s                 ; No                        ; Yes                       ;
; FL_ADDR[5]      ; 3.3-V LVTTL  ; 0 s                 ; 0 s                 ; 3.46 V                       ; 1.29e-07 V                   ; 3.55 V              ; -0.053 V            ; 0.341 V                              ; 0.35 V                               ; 9.04e-10 s                  ; 7.28e-10 s                  ; No                         ; No                         ; 3.46 V                      ; 1.29e-07 V                  ; 3.55 V             ; -0.053 V           ; 0.341 V                             ; 0.35 V                              ; 9.04e-10 s                 ; 7.28e-10 s                 ; No                        ; No                        ;
; FL_ADDR[6]      ; 3.3-V LVTTL  ; 0 s                 ; 0 s                 ; 3.46 V                       ; 1.29e-07 V                   ; 3.55 V              ; -0.053 V            ; 0.341 V                              ; 0.35 V                               ; 9.04e-10 s                  ; 7.28e-10 s                  ; No                         ; No                         ; 3.46 V                      ; 1.29e-07 V                  ; 3.55 V             ; -0.053 V           ; 0.341 V                             ; 0.35 V                              ; 9.04e-10 s                 ; 7.28e-10 s                 ; No                        ; No                        ;
; FL_ADDR[7]      ; 3.3-V LVTTL  ; 0 s                 ; 0 s                 ; 3.46 V                       ; 1.29e-07 V                   ; 3.55 V              ; -0.053 V            ; 0.341 V                              ; 0.35 V                               ; 9.04e-10 s                  ; 7.28e-10 s                  ; No                         ; No                         ; 3.46 V                      ; 1.29e-07 V                  ; 3.55 V             ; -0.053 V           ; 0.341 V                             ; 0.35 V                              ; 9.04e-10 s                 ; 7.28e-10 s                 ; No                        ; No                        ;
; FL_ADDR[8]      ; 3.3-V LVTTL  ; 0 s                 ; 0 s                 ; 3.46 V                       ; 1.29e-07 V                   ; 3.55 V              ; -0.053 V            ; 0.341 V                              ; 0.35 V                               ; 9.04e-10 s                  ; 7.28e-10 s                  ; No                         ; No                         ; 3.46 V                      ; 1.29e-07 V                  ; 3.55 V             ; -0.053 V           ; 0.341 V                             ; 0.35 V                              ; 9.04e-10 s                 ; 7.28e-10 s                 ; No                        ; No                        ;
; FL_ADDR[9]      ; 3.3-V LVTTL  ; 0 s                 ; 0 s                 ; 3.46 V                       ; 1.29e-07 V                   ; 3.55 V              ; -0.053 V            ; 0.341 V                              ; 0.35 V                               ; 9.04e-10 s                  ; 7.28e-10 s                  ; No                         ; No                         ; 3.46 V                      ; 1.29e-07 V                  ; 3.55 V             ; -0.053 V           ; 0.341 V                             ; 0.35 V                              ; 9.04e-10 s                 ; 7.28e-10 s                 ; No                        ; No                        ;
; FL_ADDR[10]     ; 3.3-V LVTTL  ; 0 s                 ; 0 s                 ; 3.46 V                       ; 1.29e-07 V                   ; 3.55 V              ; -0.053 V            ; 0.341 V                              ; 0.35 V                               ; 9.04e-10 s                  ; 7.28e-10 s                  ; No                         ; No                         ; 3.46 V                      ; 1.29e-07 V                  ; 3.55 V             ; -0.053 V           ; 0.341 V                             ; 0.35 V                              ; 9.04e-10 s                 ; 7.28e-10 s                 ; No                        ; No                        ;
; FL_ADDR[11]     ; 3.3-V LVTTL  ; 0 s                 ; 0 s                 ; 3.46 V                       ; 1.29e-07 V                   ; 3.55 V              ; -0.053 V            ; 0.341 V                              ; 0.35 V                               ; 9.04e-10 s                  ; 7.28e-10 s                  ; No                         ; No                         ; 3.46 V                      ; 1.29e-07 V                  ; 3.55 V             ; -0.053 V           ; 0.341 V                             ; 0.35 V                              ; 9.04e-10 s                 ; 7.28e-10 s                 ; No                        ; No                        ;
; FL_ADDR[12]     ; 3.3-V LVTTL  ; 0 s                 ; 0 s                 ; 3.46 V                       ; 1.29e-07 V                   ; 3.55 V              ; -0.053 V            ; 0.341 V                              ; 0.35 V                               ; 9.04e-10 s                  ; 7.28e-10 s                  ; No                         ; No                         ; 3.46 V                      ; 1.29e-07 V                  ; 3.55 V             ; -0.053 V           ; 0.341 V                             ; 0.35 V                              ; 9.04e-10 s                 ; 7.28e-10 s                 ; No                        ; No                        ;
; FL_ADDR[13]     ; 3.3-V LVTTL  ; 0 s                 ; 0 s                 ; 3.46 V                       ; 1.29e-07 V                   ; 3.55 V              ; -0.053 V            ; 0.341 V                              ; 0.35 V                               ; 9.04e-10 s                  ; 7.28e-10 s                  ; No                         ; No                         ; 3.46 V                      ; 1.29e-07 V                  ; 3.55 V             ; -0.053 V           ; 0.341 V                             ; 0.35 V                              ; 9.04e-10 s                 ; 7.28e-10 s                 ; No                        ; No                        ;
; FL_ADDR[14]     ; 3.3-V LVTTL  ; 0 s                 ; 0 s                 ; 3.46 V                       ; 1.29e-07 V                   ; 3.57 V              ; -0.0645 V           ; 0.332 V                              ; 0.165 V                              ; 6.78e-10 s                  ; 6.19e-10 s                  ; No                         ; Yes                        ; 3.46 V                      ; 1.29e-07 V                  ; 3.57 V             ; -0.0645 V          ; 0.332 V                             ; 0.165 V                             ; 6.78e-10 s                 ; 6.19e-10 s                 ; No                        ; Yes                       ;
; FL_ADDR[15]     ; 3.3-V LVTTL  ; 0 s                 ; 0 s                 ; 3.46 V                       ; 1.29e-07 V                   ; 3.55 V              ; -0.053 V            ; 0.341 V                              ; 0.35 V                               ; 9.04e-10 s                  ; 7.28e-10 s                  ; No                         ; No                         ; 3.46 V                      ; 1.29e-07 V                  ; 3.55 V             ; -0.053 V           ; 0.341 V                             ; 0.35 V                              ; 9.04e-10 s                 ; 7.28e-10 s                 ; No                        ; No                        ;
; FL_ADDR[16]     ; 3.3-V LVTTL  ; 0 s                 ; 0 s                 ; 3.46 V                       ; 1.29e-07 V                   ; 3.55 V              ; -0.053 V            ; 0.341 V                              ; 0.35 V                               ; 9.04e-10 s                  ; 7.28e-10 s                  ; No                         ; No                         ; 3.46 V                      ; 1.29e-07 V                  ; 3.55 V             ; -0.053 V           ; 0.341 V                             ; 0.35 V                              ; 9.04e-10 s                 ; 7.28e-10 s                 ; No                        ; No                        ;
; FL_ADDR[17]     ; 3.3-V LVTTL  ; 0 s                 ; 0 s                 ; 3.46 V                       ; 1.29e-07 V                   ; 3.48 V              ; -0.0136 V           ; 0.352 V                              ; 0.346 V                              ; 4.12e-09 s                  ; 3.34e-09 s                  ; No                         ; Yes                        ; 3.46 V                      ; 1.29e-07 V                  ; 3.48 V             ; -0.0136 V          ; 0.352 V                             ; 0.346 V                             ; 4.12e-09 s                 ; 3.34e-09 s                 ; No                        ; Yes                       ;
; FL_ADDR[18]     ; 3.3-V LVTTL  ; 0 s                 ; 0 s                 ; 3.46 V                       ; 1.29e-07 V                   ; 3.55 V              ; -0.053 V            ; 0.341 V                              ; 0.35 V                               ; 9.04e-10 s                  ; 7.28e-10 s                  ; No                         ; No                         ; 3.46 V                      ; 1.29e-07 V                  ; 3.55 V             ; -0.053 V           ; 0.341 V                             ; 0.35 V                              ; 9.04e-10 s                 ; 7.28e-10 s                 ; No                        ; No                        ;
; FL_ADDR[19]     ; 3.3-V LVTTL  ; 0 s                 ; 0 s                 ; 3.46 V                       ; 1.29e-07 V                   ; 3.55 V              ; -0.053 V            ; 0.341 V                              ; 0.35 V                               ; 9.04e-10 s                  ; 7.28e-10 s                  ; No                         ; No                         ; 3.46 V                      ; 1.29e-07 V                  ; 3.55 V             ; -0.053 V           ; 0.341 V                             ; 0.35 V                              ; 9.04e-10 s                 ; 7.28e-10 s                 ; No                        ; No                        ;
; FL_ADDR[20]     ; 3.3-V LVTTL  ; 0 s                 ; 0 s                 ; 3.46 V                       ; 1.29e-07 V                   ; 3.55 V              ; -0.053 V            ; 0.341 V                              ; 0.35 V                               ; 9.04e-10 s                  ; 7.28e-10 s                  ; No                         ; No                         ; 3.46 V                      ; 1.29e-07 V                  ; 3.55 V             ; -0.053 V           ; 0.341 V                             ; 0.35 V                              ; 9.04e-10 s                 ; 7.28e-10 s                 ; No                        ; No                        ;
; FL_ADDR[21]     ; 3.3-V LVTTL  ; 0 s                 ; 0 s                 ; 3.46 V                       ; 1.29e-07 V                   ; 3.55 V              ; -0.053 V            ; 0.341 V                              ; 0.35 V                               ; 9.04e-10 s                  ; 7.28e-10 s                  ; No                         ; No                         ; 3.46 V                      ; 1.29e-07 V                  ; 3.55 V             ; -0.053 V           ; 0.341 V                             ; 0.35 V                              ; 9.04e-10 s                 ; 7.28e-10 s                 ; No                        ; No                        ;
; FL_WE_N         ; 3.3-V LVTTL  ; 0 s                 ; 0 s                 ; 3.46 V                       ; 1.29e-07 V                   ; 3.55 V              ; -0.053 V            ; 0.341 V                              ; 0.35 V                               ; 9.04e-10 s                  ; 7.28e-10 s                  ; No                         ; No                         ; 3.46 V                      ; 1.29e-07 V                  ; 3.55 V             ; -0.053 V           ; 0.341 V                             ; 0.35 V                              ; 9.04e-10 s                 ; 7.28e-10 s                 ; No                        ; No                        ;
; FL_RST_N        ; 3.3-V LVTTL  ; 0 s                 ; 0 s                 ; 3.46 V                       ; 1.29e-07 V                   ; 3.55 V              ; -0.053 V            ; 0.341 V                              ; 0.35 V                               ; 9.04e-10 s                  ; 7.28e-10 s                  ; No                         ; No                         ; 3.46 V                      ; 1.29e-07 V                  ; 3.55 V             ; -0.053 V           ; 0.341 V                             ; 0.35 V                              ; 9.04e-10 s                 ; 7.28e-10 s                 ; No                        ; No                        ;
; FL_OE_N         ; 3.3-V LVTTL  ; 0 s                 ; 0 s                 ; 3.46 V                       ; 1.29e-07 V                   ; 3.55 V              ; -0.053 V            ; 0.341 V                              ; 0.35 V                               ; 9.04e-10 s                  ; 7.28e-10 s                  ; No                         ; No                         ; 3.46 V                      ; 1.29e-07 V                  ; 3.55 V             ; -0.053 V           ; 0.341 V                             ; 0.35 V                              ; 9.04e-10 s                 ; 7.28e-10 s                 ; No                        ; No                        ;
; FL_CE_N         ; 3.3-V LVTTL  ; 0 s                 ; 0 s                 ; 3.46 V                       ; 1.29e-07 V                   ; 3.55 V              ; -0.053 V            ; 0.341 V                              ; 0.35 V                               ; 9.04e-10 s                  ; 7.28e-10 s                  ; No                         ; No                         ; 3.46 V                      ; 1.29e-07 V                  ; 3.55 V             ; -0.053 V           ; 0.341 V                             ; 0.35 V                              ; 9.04e-10 s                 ; 7.28e-10 s                 ; No                        ; No                        ;
; FL_WP_N         ; 3.3-V LVTTL  ; 0 s                 ; 0 s                 ; 3.46 V                       ; 1.29e-07 V                   ; 3.48 V              ; -0.0136 V           ; 0.352 V                              ; 0.346 V                              ; 4.12e-09 s                  ; 3.34e-09 s                  ; No                         ; Yes                        ; 3.46 V                      ; 1.29e-07 V                  ; 3.48 V             ; -0.0136 V          ; 0.352 V                             ; 0.346 V                             ; 4.12e-09 s                 ; 3.34e-09 s                 ; No                        ; Yes                       ;
; FL_BYTE_N       ; 3.3-V LVTTL  ; 0 s                 ; 0 s                 ; 3.46 V                       ; 1.29e-07 V                   ; 3.55 V              ; -0.053 V            ; 0.341 V                              ; 0.35 V                               ; 9.04e-10 s                  ; 7.28e-10 s                  ; No                         ; No                         ; 3.46 V                      ; 1.29e-07 V                  ; 3.55 V             ; -0.053 V           ; 0.341 V                             ; 0.35 V                              ; 9.04e-10 s                 ; 7.28e-10 s                 ; No                        ; No                        ;
; LCD_BLON        ; 3.3-V LVTTL  ; 0 s                 ; 0 s                 ; 3.46 V                       ; 1.29e-07 V                   ; 3.55 V              ; -0.053 V            ; 0.341 V                              ; 0.35 V                               ; 9.04e-10 s                  ; 7.28e-10 s                  ; No                         ; No                         ; 3.46 V                      ; 1.29e-07 V                  ; 3.55 V             ; -0.053 V           ; 0.341 V                             ; 0.35 V                              ; 9.04e-10 s                 ; 7.28e-10 s                 ; No                        ; No                        ;
; LCD_RW          ; 3.3-V LVTTL  ; 0 s                 ; 0 s                 ; 3.46 V                       ; 1.29e-07 V                   ; 3.55 V              ; -0.053 V            ; 0.341 V                              ; 0.35 V                               ; 9.04e-10 s                  ; 7.28e-10 s                  ; No                         ; No                         ; 3.46 V                      ; 1.29e-07 V                  ; 3.55 V             ; -0.053 V           ; 0.341 V                             ; 0.35 V                              ; 9.04e-10 s                 ; 7.28e-10 s                 ; No                        ; No                        ;
; LCD_EN          ; 3.3-V LVTTL  ; 0 s                 ; 0 s                 ; 3.46 V                       ; 1.29e-07 V                   ; 3.55 V              ; -0.053 V            ; 0.341 V                              ; 0.35 V                               ; 9.04e-10 s                  ; 7.28e-10 s                  ; No                         ; No                         ; 3.46 V                      ; 1.29e-07 V                  ; 3.55 V             ; -0.053 V           ; 0.341 V                             ; 0.35 V                              ; 9.04e-10 s                 ; 7.28e-10 s                 ; No                        ; No                        ;
; LCD_RS          ; 3.3-V LVTTL  ; 0 s                 ; 0 s                 ; 3.46 V                       ; 1.29e-07 V                   ; 3.55 V              ; -0.053 V            ; 0.341 V                              ; 0.35 V                               ; 9.04e-10 s                  ; 7.28e-10 s                  ; No                         ; No                         ; 3.46 V                      ; 1.29e-07 V                  ; 3.55 V             ; -0.053 V           ; 0.341 V                             ; 0.35 V                              ; 9.04e-10 s                 ; 7.28e-10 s                 ; No                        ; No                        ;
; SD_CLK          ; 3.3-V LVTTL  ; 0 s                 ; 0 s                 ; 3.46 V                       ; 1.29e-07 V                   ; 3.55 V              ; -0.053 V            ; 0.341 V                              ; 0.35 V                               ; 9.04e-10 s                  ; 7.28e-10 s                  ; No                         ; No                         ; 3.46 V                      ; 1.29e-07 V                  ; 3.55 V             ; -0.053 V           ; 0.341 V                             ; 0.35 V                              ; 9.04e-10 s                 ; 7.28e-10 s                 ; No                        ; No                        ;
; VGA_HS          ; 3.3-V LVTTL  ; 0 s                 ; 0 s                 ; 3.46 V                       ; 1.29e-07 V                   ; 3.55 V              ; -0.053 V            ; 0.341 V                              ; 0.35 V                               ; 9.04e-10 s                  ; 7.28e-10 s                  ; No                         ; No                         ; 3.46 V                      ; 1.29e-07 V                  ; 3.55 V             ; -0.053 V           ; 0.341 V                             ; 0.35 V                              ; 9.04e-10 s                 ; 7.28e-10 s                 ; No                        ; No                        ;
; VGA_VS          ; 3.3-V LVTTL  ; 0 s                 ; 0 s                 ; 3.46 V                       ; 1.29e-07 V                   ; 3.55 V              ; -0.053 V            ; 0.341 V                              ; 0.35 V                               ; 9.04e-10 s                  ; 7.28e-10 s                  ; No                         ; No                         ; 3.46 V                      ; 1.29e-07 V                  ; 3.55 V             ; -0.053 V           ; 0.341 V                             ; 0.35 V                              ; 9.04e-10 s                 ; 7.28e-10 s                 ; No                        ; No                        ;
; VGA_R[0]        ; 3.3-V LVTTL  ; 0 s                 ; 0 s                 ; 3.46 V                       ; 1.29e-07 V                   ; 3.55 V              ; -0.053 V            ; 0.341 V                              ; 0.35 V                               ; 9.04e-10 s                  ; 7.28e-10 s                  ; No                         ; No                         ; 3.46 V                      ; 1.29e-07 V                  ; 3.55 V             ; -0.053 V           ; 0.341 V                             ; 0.35 V                              ; 9.04e-10 s                 ; 7.28e-10 s                 ; No                        ; No                        ;
; VGA_R[1]        ; 3.3-V LVTTL  ; 0 s                 ; 0 s                 ; 3.46 V                       ; 1.29e-07 V                   ; 3.55 V              ; -0.053 V            ; 0.341 V                              ; 0.35 V                               ; 9.04e-10 s                  ; 7.28e-10 s                  ; No                         ; No                         ; 3.46 V                      ; 1.29e-07 V                  ; 3.55 V             ; -0.053 V           ; 0.341 V                             ; 0.35 V                              ; 9.04e-10 s                 ; 7.28e-10 s                 ; No                        ; No                        ;
; VGA_R[2]        ; 3.3-V LVTTL  ; 0 s                 ; 0 s                 ; 3.46 V                       ; 1.29e-07 V                   ; 3.55 V              ; -0.053 V            ; 0.341 V                              ; 0.35 V                               ; 9.04e-10 s                  ; 7.28e-10 s                  ; No                         ; No                         ; 3.46 V                      ; 1.29e-07 V                  ; 3.55 V             ; -0.053 V           ; 0.341 V                             ; 0.35 V                              ; 9.04e-10 s                 ; 7.28e-10 s                 ; No                        ; No                        ;
; VGA_R[3]        ; 3.3-V LVTTL  ; 0 s                 ; 0 s                 ; 3.46 V                       ; 1.29e-07 V                   ; 3.55 V              ; -0.053 V            ; 0.341 V                              ; 0.35 V                               ; 9.04e-10 s                  ; 7.28e-10 s                  ; No                         ; No                         ; 3.46 V                      ; 1.29e-07 V                  ; 3.55 V             ; -0.053 V           ; 0.341 V                             ; 0.35 V                              ; 9.04e-10 s                 ; 7.28e-10 s                 ; No                        ; No                        ;
; VGA_G[0]        ; 3.3-V LVTTL  ; 0 s                 ; 0 s                 ; 3.46 V                       ; 1.29e-07 V                   ; 3.55 V              ; -0.053 V            ; 0.341 V                              ; 0.35 V                               ; 9.04e-10 s                  ; 7.28e-10 s                  ; No                         ; No                         ; 3.46 V                      ; 1.29e-07 V                  ; 3.55 V             ; -0.053 V           ; 0.341 V                             ; 0.35 V                              ; 9.04e-10 s                 ; 7.28e-10 s                 ; No                        ; No                        ;
; VGA_G[1]        ; 3.3-V LVTTL  ; 0 s                 ; 0 s                 ; 3.46 V                       ; 1.29e-07 V                   ; 3.55 V              ; -0.053 V            ; 0.341 V                              ; 0.35 V                               ; 9.04e-10 s                  ; 7.28e-10 s                  ; No                         ; No                         ; 3.46 V                      ; 1.29e-07 V                  ; 3.55 V             ; -0.053 V           ; 0.341 V                             ; 0.35 V                              ; 9.04e-10 s                 ; 7.28e-10 s                 ; No                        ; No                        ;
; VGA_G[2]        ; 3.3-V LVTTL  ; 0 s                 ; 0 s                 ; 3.46 V                       ; 1.29e-07 V                   ; 3.55 V              ; -0.053 V            ; 0.341 V                              ; 0.35 V                               ; 9.04e-10 s                  ; 7.28e-10 s                  ; No                         ; No                         ; 3.46 V                      ; 1.29e-07 V                  ; 3.55 V             ; -0.053 V           ; 0.341 V                             ; 0.35 V                              ; 9.04e-10 s                 ; 7.28e-10 s                 ; No                        ; No                        ;
; VGA_G[3]        ; 3.3-V LVTTL  ; 0 s                 ; 0 s                 ; 3.46 V                       ; 1.29e-07 V                   ; 3.55 V              ; -0.053 V            ; 0.341 V                              ; 0.35 V                               ; 9.04e-10 s                  ; 7.28e-10 s                  ; No                         ; No                         ; 3.46 V                      ; 1.29e-07 V                  ; 3.55 V             ; -0.053 V           ; 0.341 V                             ; 0.35 V                              ; 9.04e-10 s                 ; 7.28e-10 s                 ; No                        ; No                        ;
; VGA_B[0]        ; 3.3-V LVTTL  ; 0 s                 ; 0 s                 ; 3.46 V                       ; 1.29e-07 V                   ; 3.55 V              ; -0.053 V            ; 0.341 V                              ; 0.35 V                               ; 9.04e-10 s                  ; 7.28e-10 s                  ; No                         ; No                         ; 3.46 V                      ; 1.29e-07 V                  ; 3.55 V             ; -0.053 V           ; 0.341 V                             ; 0.35 V                              ; 9.04e-10 s                 ; 7.28e-10 s                 ; No                        ; No                        ;
; VGA_B[1]        ; 3.3-V LVTTL  ; 0 s                 ; 0 s                 ; 3.46 V                       ; 1.29e-07 V                   ; 3.55 V              ; -0.053 V            ; 0.341 V                              ; 0.35 V                               ; 9.04e-10 s                  ; 7.28e-10 s                  ; No                         ; No                         ; 3.46 V                      ; 1.29e-07 V                  ; 3.55 V             ; -0.053 V           ; 0.341 V                             ; 0.35 V                              ; 9.04e-10 s                 ; 7.28e-10 s                 ; No                        ; No                        ;
; VGA_B[2]        ; 3.3-V LVTTL  ; 0 s                 ; 0 s                 ; 3.46 V                       ; 1.29e-07 V                   ; 3.55 V              ; -0.053 V            ; 0.341 V                              ; 0.35 V                               ; 9.04e-10 s                  ; 7.28e-10 s                  ; No                         ; No                         ; 3.46 V                      ; 1.29e-07 V                  ; 3.55 V             ; -0.053 V           ; 0.341 V                             ; 0.35 V                              ; 9.04e-10 s                 ; 7.28e-10 s                 ; No                        ; No                        ;
; VGA_B[3]        ; 3.3-V LVTTL  ; 0 s                 ; 0 s                 ; 3.46 V                       ; 1.29e-07 V                   ; 3.55 V              ; -0.053 V            ; 0.341 V                              ; 0.35 V                               ; 9.04e-10 s                  ; 7.28e-10 s                  ; No                         ; No                         ; 3.46 V                      ; 1.29e-07 V                  ; 3.55 V             ; -0.053 V           ; 0.341 V                             ; 0.35 V                              ; 9.04e-10 s                 ; 7.28e-10 s                 ; No                        ; No                        ;
; GPIO0_CLKOUT[0] ; 3.3-V LVTTL  ; 0 s                 ; 0 s                 ; 3.46 V                       ; 1.9e-07 V                    ; 3.59 V              ; -0.0873 V           ; 0.332 V                              ; 0.189 V                              ; 4.6e-10 s                   ; 4.2e-10 s                   ; No                         ; Yes                        ; 3.46 V                      ; 1.9e-07 V                   ; 3.59 V             ; -0.0873 V          ; 0.332 V                             ; 0.189 V                             ; 4.6e-10 s                  ; 4.2e-10 s                  ; No                        ; Yes                       ;
; GPIO0_CLKOUT[1] ; 3.3-V LVTTL  ; 0 s                 ; 0 s                 ; 3.46 V                       ; 1.9e-07 V                    ; 3.59 V              ; -0.0873 V           ; 0.332 V                              ; 0.189 V                              ; 4.6e-10 s                   ; 4.2e-10 s                   ; No                         ; Yes                        ; 3.46 V                      ; 1.9e-07 V                   ; 3.59 V             ; -0.0873 V          ; 0.332 V                             ; 0.189 V                             ; 4.6e-10 s                  ; 4.2e-10 s                  ; No                        ; Yes                       ;
; GPIO1_CLKOUT[0] ; 3.3-V LVTTL  ; 0 s                 ; 0 s                 ; 3.46 V                       ; 1.9e-07 V                    ; 3.59 V              ; -0.0873 V           ; 0.332 V                              ; 0.189 V                              ; 4.6e-10 s                   ; 4.2e-10 s                   ; No                         ; Yes                        ; 3.46 V                      ; 1.9e-07 V                   ; 3.59 V             ; -0.0873 V          ; 0.332 V                             ; 0.189 V                             ; 4.6e-10 s                  ; 4.2e-10 s                  ; No                        ; Yes                       ;
; GPIO1_CLKOUT[1] ; 3.3-V LVTTL  ; 0 s                 ; 0 s                 ; 3.46 V                       ; 1.9e-07 V                    ; 3.59 V              ; -0.0873 V           ; 0.332 V                              ; 0.189 V                              ; 4.6e-10 s                   ; 4.2e-10 s                   ; No                         ; Yes                        ; 3.46 V                      ; 1.9e-07 V                   ; 3.59 V             ; -0.0873 V          ; 0.332 V                             ; 0.189 V                             ; 4.6e-10 s                  ; 4.2e-10 s                  ; No                        ; Yes                       ;
; DRAM_DQ[0]      ; 3.3-V LVTTL  ; 0 s                 ; 0 s                 ; 3.46 V                       ; 1.9e-07 V                    ; 3.59 V              ; -0.0873 V           ; 0.332 V                              ; 0.189 V                              ; 4.6e-10 s                   ; 4.2e-10 s                   ; No                         ; Yes                        ; 3.46 V                      ; 1.9e-07 V                   ; 3.59 V             ; -0.0873 V          ; 0.332 V                             ; 0.189 V                             ; 4.6e-10 s                  ; 4.2e-10 s                  ; No                        ; Yes                       ;
; DRAM_DQ[1]      ; 3.3-V LVTTL  ; 0 s                 ; 0 s                 ; 3.46 V                       ; 1.9e-07 V                    ; 3.59 V              ; -0.0873 V           ; 0.332 V                              ; 0.189 V                              ; 4.6e-10 s                   ; 4.2e-10 s                   ; No                         ; Yes                        ; 3.46 V                      ; 1.9e-07 V                   ; 3.59 V             ; -0.0873 V          ; 0.332 V                             ; 0.189 V                             ; 4.6e-10 s                  ; 4.2e-10 s                  ; No                        ; Yes                       ;
; DRAM_DQ[2]      ; 3.3-V LVTTL  ; 0 s                 ; 0 s                 ; 3.46 V                       ; 1.9e-07 V                    ; 3.59 V              ; -0.0873 V           ; 0.332 V                              ; 0.189 V                              ; 4.6e-10 s                   ; 4.2e-10 s                   ; No                         ; Yes                        ; 3.46 V                      ; 1.9e-07 V                   ; 3.59 V             ; -0.0873 V          ; 0.332 V                             ; 0.189 V                             ; 4.6e-10 s                  ; 4.2e-10 s                  ; No                        ; Yes                       ;
; DRAM_DQ[3]      ; 3.3-V LVTTL  ; 0 s                 ; 0 s                 ; 3.46 V                       ; 1.9e-07 V                    ; 3.48 V              ; -0.0142 V           ; 0.362 V                              ; 0.291 V                              ; 3.89e-09 s                  ; 3.25e-09 s                  ; No                         ; No                         ; 3.46 V                      ; 1.9e-07 V                   ; 3.48 V             ; -0.0142 V          ; 0.362 V                             ; 0.291 V                             ; 3.89e-09 s                 ; 3.25e-09 s                 ; No                        ; No                        ;
; DRAM_DQ[4]      ; 3.3-V LVTTL  ; 0 s                 ; 0 s                 ; 3.46 V                       ; 1.9e-07 V                    ; 3.59 V              ; -0.0873 V           ; 0.332 V                              ; 0.189 V                              ; 4.6e-10 s                   ; 4.2e-10 s                   ; No                         ; Yes                        ; 3.46 V                      ; 1.9e-07 V                   ; 3.59 V             ; -0.0873 V          ; 0.332 V                             ; 0.189 V                             ; 4.6e-10 s                  ; 4.2e-10 s                  ; No                        ; Yes                       ;
; DRAM_DQ[5]      ; 3.3-V LVTTL  ; 0 s                 ; 0 s                 ; 3.46 V                       ; 1.9e-07 V                    ; 3.59 V              ; -0.0873 V           ; 0.332 V                              ; 0.189 V                              ; 4.6e-10 s                   ; 4.2e-10 s                   ; No                         ; Yes                        ; 3.46 V                      ; 1.9e-07 V                   ; 3.59 V             ; -0.0873 V          ; 0.332 V                             ; 0.189 V                             ; 4.6e-10 s                  ; 4.2e-10 s                  ; No                        ; Yes                       ;
; DRAM_DQ[6]      ; 3.3-V LVTTL  ; 0 s                 ; 0 s                 ; 3.46 V                       ; 1.9e-07 V                    ; 3.59 V              ; -0.0873 V           ; 0.332 V                              ; 0.189 V                              ; 4.6e-10 s                   ; 4.2e-10 s                   ; No                         ; Yes                        ; 3.46 V                      ; 1.9e-07 V                   ; 3.59 V             ; -0.0873 V          ; 0.332 V                             ; 0.189 V                             ; 4.6e-10 s                  ; 4.2e-10 s                  ; No                        ; Yes                       ;
; DRAM_DQ[7]      ; 3.3-V LVTTL  ; 0 s                 ; 0 s                 ; 3.46 V                       ; 1.9e-07 V                    ; 3.59 V              ; -0.0873 V           ; 0.332 V                              ; 0.189 V                              ; 4.6e-10 s                   ; 4.2e-10 s                   ; No                         ; Yes                        ; 3.46 V                      ; 1.9e-07 V                   ; 3.59 V             ; -0.0873 V          ; 0.332 V                             ; 0.189 V                             ; 4.6e-10 s                  ; 4.2e-10 s                  ; No                        ; Yes                       ;
; DRAM_DQ[8]      ; 3.3-V LVTTL  ; 0 s                 ; 0 s                 ; 3.46 V                       ; 1.9e-07 V                    ; 3.59 V              ; -0.0873 V           ; 0.332 V                              ; 0.189 V                              ; 4.6e-10 s                   ; 4.2e-10 s                   ; No                         ; Yes                        ; 3.46 V                      ; 1.9e-07 V                   ; 3.59 V             ; -0.0873 V          ; 0.332 V                             ; 0.189 V                             ; 4.6e-10 s                  ; 4.2e-10 s                  ; No                        ; Yes                       ;
; DRAM_DQ[9]      ; 3.3-V LVTTL  ; 0 s                 ; 0 s                 ; 3.46 V                       ; 1.9e-07 V                    ; 3.59 V              ; -0.0873 V           ; 0.332 V                              ; 0.189 V                              ; 4.6e-10 s                   ; 4.2e-10 s                   ; No                         ; Yes                        ; 3.46 V                      ; 1.9e-07 V                   ; 3.59 V             ; -0.0873 V          ; 0.332 V                             ; 0.189 V                             ; 4.6e-10 s                  ; 4.2e-10 s                  ; No                        ; Yes                       ;
; DRAM_DQ[10]     ; 3.3-V LVTTL  ; 0 s                 ; 0 s                 ; 3.46 V                       ; 1.9e-07 V                    ; 3.59 V              ; -0.0873 V           ; 0.332 V                              ; 0.189 V                              ; 4.6e-10 s                   ; 4.2e-10 s                   ; No                         ; Yes                        ; 3.46 V                      ; 1.9e-07 V                   ; 3.59 V             ; -0.0873 V          ; 0.332 V                             ; 0.189 V                             ; 4.6e-10 s                  ; 4.2e-10 s                  ; No                        ; Yes                       ;
; DRAM_DQ[11]     ; 3.3-V LVTTL  ; 0 s                 ; 0 s                 ; 3.46 V                       ; 1.9e-07 V                    ; 3.59 V              ; -0.0873 V           ; 0.332 V                              ; 0.189 V                              ; 4.6e-10 s                   ; 4.2e-10 s                   ; No                         ; Yes                        ; 3.46 V                      ; 1.9e-07 V                   ; 3.59 V             ; -0.0873 V          ; 0.332 V                             ; 0.189 V                             ; 4.6e-10 s                  ; 4.2e-10 s                  ; No                        ; Yes                       ;
; DRAM_DQ[12]     ; 3.3-V LVTTL  ; 0 s                 ; 0 s                 ; 3.46 V                       ; 1.9e-07 V                    ; 3.59 V              ; -0.0873 V           ; 0.332 V                              ; 0.189 V                              ; 4.6e-10 s                   ; 4.2e-10 s                   ; No                         ; Yes                        ; 3.46 V                      ; 1.9e-07 V                   ; 3.59 V             ; -0.0873 V          ; 0.332 V                             ; 0.189 V                             ; 4.6e-10 s                  ; 4.2e-10 s                  ; No                        ; Yes                       ;
; DRAM_DQ[13]     ; 3.3-V LVTTL  ; 0 s                 ; 0 s                 ; 3.46 V                       ; 1.9e-07 V                    ; 3.59 V              ; -0.0873 V           ; 0.332 V                              ; 0.189 V                              ; 4.6e-10 s                   ; 4.2e-10 s                   ; No                         ; Yes                        ; 3.46 V                      ; 1.9e-07 V                   ; 3.59 V             ; -0.0873 V          ; 0.332 V                             ; 0.189 V                             ; 4.6e-10 s                  ; 4.2e-10 s                  ; No                        ; Yes                       ;
; DRAM_DQ[14]     ; 3.3-V LVTTL  ; 0 s                 ; 0 s                 ; 3.46 V                       ; 1.9e-07 V                    ; 3.59 V              ; -0.0873 V           ; 0.332 V                              ; 0.189 V                              ; 4.6e-10 s                   ; 4.2e-10 s                   ; No                         ; Yes                        ; 3.46 V                      ; 1.9e-07 V                   ; 3.59 V             ; -0.0873 V          ; 0.332 V                             ; 0.189 V                             ; 4.6e-10 s                  ; 4.2e-10 s                  ; No                        ; Yes                       ;
; DRAM_DQ[15]     ; 3.3-V LVTTL  ; 0 s                 ; 0 s                 ; 3.46 V                       ; 1.9e-07 V                    ; 3.59 V              ; -0.0873 V           ; 0.332 V                              ; 0.189 V                              ; 4.6e-10 s                   ; 4.2e-10 s                   ; No                         ; Yes                        ; 3.46 V                      ; 1.9e-07 V                   ; 3.59 V             ; -0.0873 V          ; 0.332 V                             ; 0.189 V                             ; 4.6e-10 s                  ; 4.2e-10 s                  ; No                        ; Yes                       ;
; FL_DQ[0]        ; 3.3-V LVTTL  ; 0 s                 ; 0 s                 ; 3.46 V                       ; 1.29e-07 V                   ; 3.55 V              ; -0.053 V            ; 0.341 V                              ; 0.35 V                               ; 9.04e-10 s                  ; 7.28e-10 s                  ; No                         ; No                         ; 3.46 V                      ; 1.29e-07 V                  ; 3.55 V             ; -0.053 V           ; 0.341 V                             ; 0.35 V                              ; 9.04e-10 s                 ; 7.28e-10 s                 ; No                        ; No                        ;
; FL_DQ[1]        ; 3.3-V LVTTL  ; 0 s                 ; 0 s                 ; 3.46 V                       ; 1.29e-07 V                   ; 3.55 V              ; -0.053 V            ; 0.341 V                              ; 0.35 V                               ; 9.04e-10 s                  ; 7.28e-10 s                  ; No                         ; No                         ; 3.46 V                      ; 1.29e-07 V                  ; 3.55 V             ; -0.053 V           ; 0.341 V                             ; 0.35 V                              ; 9.04e-10 s                 ; 7.28e-10 s                 ; No                        ; No                        ;
; FL_DQ[2]        ; 3.3-V LVTTL  ; 0 s                 ; 0 s                 ; 3.46 V                       ; 1.29e-07 V                   ; 3.55 V              ; -0.053 V            ; 0.341 V                              ; 0.35 V                               ; 9.04e-10 s                  ; 7.28e-10 s                  ; No                         ; No                         ; 3.46 V                      ; 1.29e-07 V                  ; 3.55 V             ; -0.053 V           ; 0.341 V                             ; 0.35 V                              ; 9.04e-10 s                 ; 7.28e-10 s                 ; No                        ; No                        ;
; FL_DQ[3]        ; 3.3-V LVTTL  ; 0 s                 ; 0 s                 ; 3.46 V                       ; 1.29e-07 V                   ; 3.55 V              ; -0.053 V            ; 0.341 V                              ; 0.35 V                               ; 9.04e-10 s                  ; 7.28e-10 s                  ; No                         ; No                         ; 3.46 V                      ; 1.29e-07 V                  ; 3.55 V             ; -0.053 V           ; 0.341 V                             ; 0.35 V                              ; 9.04e-10 s                 ; 7.28e-10 s                 ; No                        ; No                        ;
; FL_DQ[4]        ; 3.3-V LVTTL  ; 0 s                 ; 0 s                 ; 3.46 V                       ; 1.29e-07 V                   ; 3.55 V              ; -0.053 V            ; 0.341 V                              ; 0.35 V                               ; 9.04e-10 s                  ; 7.28e-10 s                  ; No                         ; No                         ; 3.46 V                      ; 1.29e-07 V                  ; 3.55 V             ; -0.053 V           ; 0.341 V                             ; 0.35 V                              ; 9.04e-10 s                 ; 7.28e-10 s                 ; No                        ; No                        ;
; FL_DQ[5]        ; 3.3-V LVTTL  ; 0 s                 ; 0 s                 ; 3.46 V                       ; 1.29e-07 V                   ; 3.57 V              ; -0.0645 V           ; 0.332 V                              ; 0.165 V                              ; 6.78e-10 s                  ; 6.19e-10 s                  ; No                         ; Yes                        ; 3.46 V                      ; 1.29e-07 V                  ; 3.57 V             ; -0.0645 V          ; 0.332 V                             ; 0.165 V                             ; 6.78e-10 s                 ; 6.19e-10 s                 ; No                        ; Yes                       ;
; FL_DQ[6]        ; 3.3-V LVTTL  ; 0 s                 ; 0 s                 ; 3.46 V                       ; 1.29e-07 V                   ; 3.55 V              ; -0.053 V            ; 0.341 V                              ; 0.35 V                               ; 9.04e-10 s                  ; 7.28e-10 s                  ; No                         ; No                         ; 3.46 V                      ; 1.29e-07 V                  ; 3.55 V             ; -0.053 V           ; 0.341 V                             ; 0.35 V                              ; 9.04e-10 s                 ; 7.28e-10 s                 ; No                        ; No                        ;
; FL_DQ[7]        ; 3.3-V LVTTL  ; 0 s                 ; 0 s                 ; 3.46 V                       ; 1.29e-07 V                   ; 3.55 V              ; -0.053 V            ; 0.341 V                              ; 0.35 V                               ; 9.04e-10 s                  ; 7.28e-10 s                  ; No                         ; No                         ; 3.46 V                      ; 1.29e-07 V                  ; 3.55 V             ; -0.053 V           ; 0.341 V                             ; 0.35 V                              ; 9.04e-10 s                 ; 7.28e-10 s                 ; No                        ; No                        ;
; FL_DQ[8]        ; 3.3-V LVTTL  ; 0 s                 ; 0 s                 ; 3.46 V                       ; 1.29e-07 V                   ; 3.55 V              ; -0.053 V            ; 0.341 V                              ; 0.35 V                               ; 9.04e-10 s                  ; 7.28e-10 s                  ; No                         ; No                         ; 3.46 V                      ; 1.29e-07 V                  ; 3.55 V             ; -0.053 V           ; 0.341 V                             ; 0.35 V                              ; 9.04e-10 s                 ; 7.28e-10 s                 ; No                        ; No                        ;
; FL_DQ[9]        ; 3.3-V LVTTL  ; 0 s                 ; 0 s                 ; 3.46 V                       ; 1.29e-07 V                   ; 3.55 V              ; -0.053 V            ; 0.341 V                              ; 0.35 V                               ; 9.04e-10 s                  ; 7.28e-10 s                  ; No                         ; No                         ; 3.46 V                      ; 1.29e-07 V                  ; 3.55 V             ; -0.053 V           ; 0.341 V                             ; 0.35 V                              ; 9.04e-10 s                 ; 7.28e-10 s                 ; No                        ; No                        ;
; FL_DQ[10]       ; 3.3-V LVTTL  ; 0 s                 ; 0 s                 ; 3.46 V                       ; 1.29e-07 V                   ; 3.57 V              ; -0.0645 V           ; 0.332 V                              ; 0.165 V                              ; 6.78e-10 s                  ; 6.19e-10 s                  ; No                         ; Yes                        ; 3.46 V                      ; 1.29e-07 V                  ; 3.57 V             ; -0.0645 V          ; 0.332 V                             ; 0.165 V                             ; 6.78e-10 s                 ; 6.19e-10 s                 ; No                        ; Yes                       ;
; FL_DQ[11]       ; 3.3-V LVTTL  ; 0 s                 ; 0 s                 ; 3.46 V                       ; 1.29e-07 V                   ; 3.55 V              ; -0.053 V            ; 0.341 V                              ; 0.35 V                               ; 9.04e-10 s                  ; 7.28e-10 s                  ; No                         ; No                         ; 3.46 V                      ; 1.29e-07 V                  ; 3.55 V             ; -0.053 V           ; 0.341 V                             ; 0.35 V                              ; 9.04e-10 s                 ; 7.28e-10 s                 ; No                        ; No                        ;
; FL_DQ[12]       ; 3.3-V LVTTL  ; 0 s                 ; 0 s                 ; 3.46 V                       ; 1.29e-07 V                   ; 3.55 V              ; -0.053 V            ; 0.341 V                              ; 0.35 V                               ; 9.04e-10 s                  ; 7.28e-10 s                  ; No                         ; No                         ; 3.46 V                      ; 1.29e-07 V                  ; 3.55 V             ; -0.053 V           ; 0.341 V                             ; 0.35 V                              ; 9.04e-10 s                 ; 7.28e-10 s                 ; No                        ; No                        ;
; FL_DQ[13]       ; 3.3-V LVTTL  ; 0 s                 ; 0 s                 ; 3.46 V                       ; 1.29e-07 V                   ; 3.57 V              ; -0.0645 V           ; 0.332 V                              ; 0.165 V                              ; 6.78e-10 s                  ; 6.19e-10 s                  ; No                         ; Yes                        ; 3.46 V                      ; 1.29e-07 V                  ; 3.57 V             ; -0.0645 V          ; 0.332 V                             ; 0.165 V                             ; 6.78e-10 s                 ; 6.19e-10 s                 ; No                        ; Yes                       ;
; FL_DQ[14]       ; 3.3-V LVTTL  ; 0 s                 ; 0 s                 ; 3.46 V                       ; 1.29e-07 V                   ; 3.55 V              ; -0.053 V            ; 0.341 V                              ; 0.35 V                               ; 9.04e-10 s                  ; 7.28e-10 s                  ; No                         ; No                         ; 3.46 V                      ; 1.29e-07 V                  ; 3.55 V             ; -0.053 V           ; 0.341 V                             ; 0.35 V                              ; 9.04e-10 s                 ; 7.28e-10 s                 ; No                        ; No                        ;
; FL_DQ15_AM1     ; 3.3-V LVTTL  ; 0 s                 ; 0 s                 ; 3.46 V                       ; 1.29e-07 V                   ; 3.55 V              ; -0.053 V            ; 0.341 V                              ; 0.35 V                               ; 9.04e-10 s                  ; 7.28e-10 s                  ; No                         ; No                         ; 3.46 V                      ; 1.29e-07 V                  ; 3.55 V             ; -0.053 V           ; 0.341 V                             ; 0.35 V                              ; 9.04e-10 s                 ; 7.28e-10 s                 ; No                        ; No                        ;
; LCD_DATA[0]     ; 3.3-V LVTTL  ; 0 s                 ; 0 s                 ; 3.46 V                       ; 1.29e-07 V                   ; 3.55 V              ; -0.053 V            ; 0.341 V                              ; 0.35 V                               ; 9.04e-10 s                  ; 7.28e-10 s                  ; No                         ; No                         ; 3.46 V                      ; 1.29e-07 V                  ; 3.55 V             ; -0.053 V           ; 0.341 V                             ; 0.35 V                              ; 9.04e-10 s                 ; 7.28e-10 s                 ; No                        ; No                        ;
; LCD_DATA[1]     ; 3.3-V LVTTL  ; 0 s                 ; 0 s                 ; 3.46 V                       ; 1.29e-07 V                   ; 3.55 V              ; -0.053 V            ; 0.341 V                              ; 0.35 V                               ; 9.04e-10 s                  ; 7.28e-10 s                  ; No                         ; No                         ; 3.46 V                      ; 1.29e-07 V                  ; 3.55 V             ; -0.053 V           ; 0.341 V                             ; 0.35 V                              ; 9.04e-10 s                 ; 7.28e-10 s                 ; No                        ; No                        ;
; LCD_DATA[2]     ; 3.3-V LVTTL  ; 0 s                 ; 0 s                 ; 3.46 V                       ; 1.29e-07 V                   ; 3.55 V              ; -0.053 V            ; 0.341 V                              ; 0.35 V                               ; 9.04e-10 s                  ; 7.28e-10 s                  ; No                         ; No                         ; 3.46 V                      ; 1.29e-07 V                  ; 3.55 V             ; -0.053 V           ; 0.341 V                             ; 0.35 V                              ; 9.04e-10 s                 ; 7.28e-10 s                 ; No                        ; No                        ;
; LCD_DATA[3]     ; 3.3-V LVTTL  ; 0 s                 ; 0 s                 ; 3.46 V                       ; 1.29e-07 V                   ; 3.55 V              ; -0.053 V            ; 0.341 V                              ; 0.35 V                               ; 9.04e-10 s                  ; 7.28e-10 s                  ; No                         ; No                         ; 3.46 V                      ; 1.29e-07 V                  ; 3.55 V             ; -0.053 V           ; 0.341 V                             ; 0.35 V                              ; 9.04e-10 s                 ; 7.28e-10 s                 ; No                        ; No                        ;
; LCD_DATA[4]     ; 3.3-V LVTTL  ; 0 s                 ; 0 s                 ; 3.46 V                       ; 1.29e-07 V                   ; 3.55 V              ; -0.053 V            ; 0.341 V                              ; 0.35 V                               ; 9.04e-10 s                  ; 7.28e-10 s                  ; No                         ; No                         ; 3.46 V                      ; 1.29e-07 V                  ; 3.55 V             ; -0.053 V           ; 0.341 V                             ; 0.35 V                              ; 9.04e-10 s                 ; 7.28e-10 s                 ; No                        ; No                        ;
; LCD_DATA[5]     ; 3.3-V LVTTL  ; 0 s                 ; 0 s                 ; 3.46 V                       ; 1.29e-07 V                   ; 3.55 V              ; -0.053 V            ; 0.341 V                              ; 0.35 V                               ; 9.04e-10 s                  ; 7.28e-10 s                  ; No                         ; No                         ; 3.46 V                      ; 1.29e-07 V                  ; 3.55 V             ; -0.053 V           ; 0.341 V                             ; 0.35 V                              ; 9.04e-10 s                 ; 7.28e-10 s                 ; No                        ; No                        ;
; LCD_DATA[6]     ; 3.3-V LVTTL  ; 0 s                 ; 0 s                 ; 3.46 V                       ; 1.29e-07 V                   ; 3.55 V              ; -0.053 V            ; 0.341 V                              ; 0.35 V                               ; 9.04e-10 s                  ; 7.28e-10 s                  ; No                         ; No                         ; 3.46 V                      ; 1.29e-07 V                  ; 3.55 V             ; -0.053 V           ; 0.341 V                             ; 0.35 V                              ; 9.04e-10 s                 ; 7.28e-10 s                 ; No                        ; No                        ;
; LCD_DATA[7]     ; 3.3-V LVTTL  ; 0 s                 ; 0 s                 ; 3.46 V                       ; 1.29e-07 V                   ; 3.55 V              ; -0.053 V            ; 0.341 V                              ; 0.35 V                               ; 9.04e-10 s                  ; 7.28e-10 s                  ; No                         ; No                         ; 3.46 V                      ; 1.29e-07 V                  ; 3.55 V             ; -0.053 V           ; 0.341 V                             ; 0.35 V                              ; 9.04e-10 s                 ; 7.28e-10 s                 ; No                        ; No                        ;
; SD_DAT0         ; 3.3-V LVTTL  ; 0 s                 ; 0 s                 ; 3.46 V                       ; 1.29e-07 V                   ; 3.55 V              ; -0.053 V            ; 0.341 V                              ; 0.35 V                               ; 9.04e-10 s                  ; 7.28e-10 s                  ; No                         ; No                         ; 3.46 V                      ; 1.29e-07 V                  ; 3.55 V             ; -0.053 V           ; 0.341 V                             ; 0.35 V                              ; 9.04e-10 s                 ; 7.28e-10 s                 ; No                        ; No                        ;
; SD_DAT3         ; 3.3-V LVTTL  ; 0 s                 ; 0 s                 ; 3.46 V                       ; 1.29e-07 V                   ; 3.55 V              ; -0.053 V            ; 0.341 V                              ; 0.35 V                               ; 9.04e-10 s                  ; 7.28e-10 s                  ; No                         ; No                         ; 3.46 V                      ; 1.29e-07 V                  ; 3.55 V             ; -0.053 V           ; 0.341 V                             ; 0.35 V                              ; 9.04e-10 s                 ; 7.28e-10 s                 ; No                        ; No                        ;
; SD_CMD          ; 3.3-V LVTTL  ; 0 s                 ; 0 s                 ; 3.46 V                       ; 1.29e-07 V                   ; 3.55 V              ; -0.053 V            ; 0.341 V                              ; 0.35 V                               ; 9.04e-10 s                  ; 7.28e-10 s                  ; No                         ; No                         ; 3.46 V                      ; 1.29e-07 V                  ; 3.55 V             ; -0.053 V           ; 0.341 V                             ; 0.35 V                              ; 9.04e-10 s                 ; 7.28e-10 s                 ; No                        ; No                        ;
; PS2_KBDAT       ; 3.3-V LVTTL  ; 0 s                 ; 0 s                 ; 3.46 V                       ; 1.29e-07 V                   ; 3.55 V              ; -0.053 V            ; 0.341 V                              ; 0.35 V                               ; 9.04e-10 s                  ; 7.28e-10 s                  ; No                         ; No                         ; 3.46 V                      ; 1.29e-07 V                  ; 3.55 V             ; -0.053 V           ; 0.341 V                             ; 0.35 V                              ; 9.04e-10 s                 ; 7.28e-10 s                 ; No                        ; No                        ;
; PS2_KBCLK       ; 3.3-V LVTTL  ; 0 s                 ; 0 s                 ; 3.46 V                       ; 1.29e-07 V                   ; 3.55 V              ; -0.053 V            ; 0.341 V                              ; 0.35 V                               ; 9.04e-10 s                  ; 7.28e-10 s                  ; No                         ; No                         ; 3.46 V                      ; 1.29e-07 V                  ; 3.55 V             ; -0.053 V           ; 0.341 V                             ; 0.35 V                              ; 9.04e-10 s                 ; 7.28e-10 s                 ; No                        ; No                        ;
; PS2_MSDAT       ; 3.3-V LVTTL  ; 0 s                 ; 0 s                 ; 3.46 V                       ; 1.29e-07 V                   ; 3.55 V              ; -0.053 V            ; 0.341 V                              ; 0.35 V                               ; 9.04e-10 s                  ; 7.28e-10 s                  ; No                         ; No                         ; 3.46 V                      ; 1.29e-07 V                  ; 3.55 V             ; -0.053 V           ; 0.341 V                             ; 0.35 V                              ; 9.04e-10 s                 ; 7.28e-10 s                 ; No                        ; No                        ;
; PS2_MSCLK       ; 3.3-V LVTTL  ; 0 s                 ; 0 s                 ; 3.46 V                       ; 1.29e-07 V                   ; 3.55 V              ; -0.053 V            ; 0.341 V                              ; 0.35 V                               ; 9.04e-10 s                  ; 7.28e-10 s                  ; No                         ; No                         ; 3.46 V                      ; 1.29e-07 V                  ; 3.55 V             ; -0.053 V           ; 0.341 V                             ; 0.35 V                              ; 9.04e-10 s                 ; 7.28e-10 s                 ; No                        ; No                        ;
; GPIO0_D[0]      ; 3.3-V LVTTL  ; 0 s                 ; 0 s                 ; 3.46 V                       ; 1.9e-07 V                    ; 3.59 V              ; -0.0873 V           ; 0.332 V                              ; 0.189 V                              ; 4.6e-10 s                   ; 4.2e-10 s                   ; No                         ; Yes                        ; 3.46 V                      ; 1.9e-07 V                   ; 3.59 V             ; -0.0873 V          ; 0.332 V                             ; 0.189 V                             ; 4.6e-10 s                  ; 4.2e-10 s                  ; No                        ; Yes                       ;
; GPIO0_D[1]      ; 3.3-V LVTTL  ; 0 s                 ; 0 s                 ; 3.46 V                       ; 1.9e-07 V                    ; 3.59 V              ; -0.0873 V           ; 0.332 V                              ; 0.189 V                              ; 4.6e-10 s                   ; 4.2e-10 s                   ; No                         ; Yes                        ; 3.46 V                      ; 1.9e-07 V                   ; 3.59 V             ; -0.0873 V          ; 0.332 V                             ; 0.189 V                             ; 4.6e-10 s                  ; 4.2e-10 s                  ; No                        ; Yes                       ;
; GPIO0_D[2]      ; 3.3-V LVTTL  ; 0 s                 ; 0 s                 ; 3.46 V                       ; 1.9e-07 V                    ; 3.59 V              ; -0.0873 V           ; 0.332 V                              ; 0.189 V                              ; 4.6e-10 s                   ; 4.2e-10 s                   ; No                         ; Yes                        ; 3.46 V                      ; 1.9e-07 V                   ; 3.59 V             ; -0.0873 V          ; 0.332 V                             ; 0.189 V                             ; 4.6e-10 s                  ; 4.2e-10 s                  ; No                        ; Yes                       ;
; GPIO0_D[3]      ; 3.3-V LVTTL  ; 0 s                 ; 0 s                 ; 3.46 V                       ; 1.9e-07 V                    ; 3.59 V              ; -0.0873 V           ; 0.332 V                              ; 0.189 V                              ; 4.6e-10 s                   ; 4.2e-10 s                   ; No                         ; Yes                        ; 3.46 V                      ; 1.9e-07 V                   ; 3.59 V             ; -0.0873 V          ; 0.332 V                             ; 0.189 V                             ; 4.6e-10 s                  ; 4.2e-10 s                  ; No                        ; Yes                       ;
; GPIO0_D[4]      ; 3.3-V LVTTL  ; 0 s                 ; 0 s                 ; 3.46 V                       ; 1.9e-07 V                    ; 3.59 V              ; -0.0873 V           ; 0.332 V                              ; 0.189 V                              ; 4.6e-10 s                   ; 4.2e-10 s                   ; No                         ; Yes                        ; 3.46 V                      ; 1.9e-07 V                   ; 3.59 V             ; -0.0873 V          ; 0.332 V                             ; 0.189 V                             ; 4.6e-10 s                  ; 4.2e-10 s                  ; No                        ; Yes                       ;
; GPIO0_D[5]      ; 3.3-V LVTTL  ; 0 s                 ; 0 s                 ; 3.46 V                       ; 1.9e-07 V                    ; 3.59 V              ; -0.0873 V           ; 0.332 V                              ; 0.189 V                              ; 4.6e-10 s                   ; 4.2e-10 s                   ; No                         ; Yes                        ; 3.46 V                      ; 1.9e-07 V                   ; 3.59 V             ; -0.0873 V          ; 0.332 V                             ; 0.189 V                             ; 4.6e-10 s                  ; 4.2e-10 s                  ; No                        ; Yes                       ;
; GPIO0_D[6]      ; 3.3-V LVTTL  ; 0 s                 ; 0 s                 ; 3.46 V                       ; 1.9e-07 V                    ; 3.59 V              ; -0.0873 V           ; 0.332 V                              ; 0.189 V                              ; 4.6e-10 s                   ; 4.2e-10 s                   ; No                         ; Yes                        ; 3.46 V                      ; 1.9e-07 V                   ; 3.59 V             ; -0.0873 V          ; 0.332 V                             ; 0.189 V                             ; 4.6e-10 s                  ; 4.2e-10 s                  ; No                        ; Yes                       ;
; GPIO0_D[7]      ; 3.3-V LVTTL  ; 0 s                 ; 0 s                 ; 3.46 V                       ; 1.9e-07 V                    ; 3.59 V              ; -0.0873 V           ; 0.332 V                              ; 0.189 V                              ; 4.6e-10 s                   ; 4.2e-10 s                   ; No                         ; Yes                        ; 3.46 V                      ; 1.9e-07 V                   ; 3.59 V             ; -0.0873 V          ; 0.332 V                             ; 0.189 V                             ; 4.6e-10 s                  ; 4.2e-10 s                  ; No                        ; Yes                       ;
; GPIO0_D[8]      ; 3.3-V LVTTL  ; 0 s                 ; 0 s                 ; 3.46 V                       ; 1.9e-07 V                    ; 3.59 V              ; -0.0873 V           ; 0.332 V                              ; 0.189 V                              ; 4.6e-10 s                   ; 4.2e-10 s                   ; No                         ; Yes                        ; 3.46 V                      ; 1.9e-07 V                   ; 3.59 V             ; -0.0873 V          ; 0.332 V                             ; 0.189 V                             ; 4.6e-10 s                  ; 4.2e-10 s                  ; No                        ; Yes                       ;
; GPIO0_D[9]      ; 3.3-V LVTTL  ; 0 s                 ; 0 s                 ; 3.46 V                       ; 1.9e-07 V                    ; 3.59 V              ; -0.0873 V           ; 0.332 V                              ; 0.189 V                              ; 4.6e-10 s                   ; 4.2e-10 s                   ; No                         ; Yes                        ; 3.46 V                      ; 1.9e-07 V                   ; 3.59 V             ; -0.0873 V          ; 0.332 V                             ; 0.189 V                             ; 4.6e-10 s                  ; 4.2e-10 s                  ; No                        ; Yes                       ;
; GPIO0_D[10]     ; 3.3-V LVTTL  ; 0 s                 ; 0 s                 ; 3.46 V                       ; 1.9e-07 V                    ; 3.59 V              ; -0.0873 V           ; 0.332 V                              ; 0.189 V                              ; 4.6e-10 s                   ; 4.2e-10 s                   ; No                         ; Yes                        ; 3.46 V                      ; 1.9e-07 V                   ; 3.59 V             ; -0.0873 V          ; 0.332 V                             ; 0.189 V                             ; 4.6e-10 s                  ; 4.2e-10 s                  ; No                        ; Yes                       ;
; GPIO0_D[11]     ; 3.3-V LVTTL  ; 0 s                 ; 0 s                 ; 3.46 V                       ; 1.9e-07 V                    ; 3.59 V              ; -0.0873 V           ; 0.332 V                              ; 0.189 V                              ; 4.6e-10 s                   ; 4.2e-10 s                   ; No                         ; Yes                        ; 3.46 V                      ; 1.9e-07 V                   ; 3.59 V             ; -0.0873 V          ; 0.332 V                             ; 0.189 V                             ; 4.6e-10 s                  ; 4.2e-10 s                  ; No                        ; Yes                       ;
; GPIO0_D[12]     ; 3.3-V LVTTL  ; 0 s                 ; 0 s                 ; 3.46 V                       ; 1.9e-07 V                    ; 3.59 V              ; -0.0873 V           ; 0.332 V                              ; 0.189 V                              ; 4.6e-10 s                   ; 4.2e-10 s                   ; No                         ; Yes                        ; 3.46 V                      ; 1.9e-07 V                   ; 3.59 V             ; -0.0873 V          ; 0.332 V                             ; 0.189 V                             ; 4.6e-10 s                  ; 4.2e-10 s                  ; No                        ; Yes                       ;
; GPIO0_D[13]     ; 3.3-V LVTTL  ; 0 s                 ; 0 s                 ; 3.46 V                       ; 1.9e-07 V                    ; 3.59 V              ; -0.0873 V           ; 0.332 V                              ; 0.189 V                              ; 4.6e-10 s                   ; 4.2e-10 s                   ; No                         ; Yes                        ; 3.46 V                      ; 1.9e-07 V                   ; 3.59 V             ; -0.0873 V          ; 0.332 V                             ; 0.189 V                             ; 4.6e-10 s                  ; 4.2e-10 s                  ; No                        ; Yes                       ;
; GPIO0_D[14]     ; 3.3-V LVTTL  ; 0 s                 ; 0 s                 ; 3.46 V                       ; 1.9e-07 V                    ; 3.59 V              ; -0.0873 V           ; 0.332 V                              ; 0.189 V                              ; 4.6e-10 s                   ; 4.2e-10 s                   ; No                         ; Yes                        ; 3.46 V                      ; 1.9e-07 V                   ; 3.59 V             ; -0.0873 V          ; 0.332 V                             ; 0.189 V                             ; 4.6e-10 s                  ; 4.2e-10 s                  ; No                        ; Yes                       ;
; GPIO0_D[15]     ; 3.3-V LVTTL  ; 0 s                 ; 0 s                 ; 3.46 V                       ; 1.9e-07 V                    ; 3.59 V              ; -0.0873 V           ; 0.332 V                              ; 0.189 V                              ; 4.6e-10 s                   ; 4.2e-10 s                   ; No                         ; Yes                        ; 3.46 V                      ; 1.9e-07 V                   ; 3.59 V             ; -0.0873 V          ; 0.332 V                             ; 0.189 V                             ; 4.6e-10 s                  ; 4.2e-10 s                  ; No                        ; Yes                       ;
; GPIO0_D[16]     ; 3.3-V LVTTL  ; 0 s                 ; 0 s                 ; 3.46 V                       ; 1.9e-07 V                    ; 3.59 V              ; -0.0873 V           ; 0.332 V                              ; 0.189 V                              ; 4.6e-10 s                   ; 4.2e-10 s                   ; No                         ; Yes                        ; 3.46 V                      ; 1.9e-07 V                   ; 3.59 V             ; -0.0873 V          ; 0.332 V                             ; 0.189 V                             ; 4.6e-10 s                  ; 4.2e-10 s                  ; No                        ; Yes                       ;
; GPIO0_D[17]     ; 3.3-V LVTTL  ; 0 s                 ; 0 s                 ; 3.46 V                       ; 1.9e-07 V                    ; 3.59 V              ; -0.0873 V           ; 0.332 V                              ; 0.189 V                              ; 4.6e-10 s                   ; 4.2e-10 s                   ; No                         ; Yes                        ; 3.46 V                      ; 1.9e-07 V                   ; 3.59 V             ; -0.0873 V          ; 0.332 V                             ; 0.189 V                             ; 4.6e-10 s                  ; 4.2e-10 s                  ; No                        ; Yes                       ;
; GPIO0_D[18]     ; 3.3-V LVTTL  ; 0 s                 ; 0 s                 ; 3.46 V                       ; 1.9e-07 V                    ; 3.59 V              ; -0.0873 V           ; 0.332 V                              ; 0.189 V                              ; 4.6e-10 s                   ; 4.2e-10 s                   ; No                         ; Yes                        ; 3.46 V                      ; 1.9e-07 V                   ; 3.59 V             ; -0.0873 V          ; 0.332 V                             ; 0.189 V                             ; 4.6e-10 s                  ; 4.2e-10 s                  ; No                        ; Yes                       ;
; GPIO0_D[19]     ; 3.3-V LVTTL  ; 0 s                 ; 0 s                 ; 3.46 V                       ; 1.9e-07 V                    ; 3.59 V              ; -0.0873 V           ; 0.332 V                              ; 0.189 V                              ; 4.6e-10 s                   ; 4.2e-10 s                   ; No                         ; Yes                        ; 3.46 V                      ; 1.9e-07 V                   ; 3.59 V             ; -0.0873 V          ; 0.332 V                             ; 0.189 V                             ; 4.6e-10 s                  ; 4.2e-10 s                  ; No                        ; Yes                       ;
; GPIO0_D[20]     ; 3.3-V LVTTL  ; 0 s                 ; 0 s                 ; 3.46 V                       ; 1.9e-07 V                    ; 3.59 V              ; -0.0873 V           ; 0.332 V                              ; 0.189 V                              ; 4.6e-10 s                   ; 4.2e-10 s                   ; No                         ; Yes                        ; 3.46 V                      ; 1.9e-07 V                   ; 3.59 V             ; -0.0873 V          ; 0.332 V                             ; 0.189 V                             ; 4.6e-10 s                  ; 4.2e-10 s                  ; No                        ; Yes                       ;
; GPIO0_D[21]     ; 3.3-V LVTTL  ; 0 s                 ; 0 s                 ; 3.46 V                       ; 1.9e-07 V                    ; 3.59 V              ; -0.0873 V           ; 0.332 V                              ; 0.189 V                              ; 4.6e-10 s                   ; 4.2e-10 s                   ; No                         ; Yes                        ; 3.46 V                      ; 1.9e-07 V                   ; 3.59 V             ; -0.0873 V          ; 0.332 V                             ; 0.189 V                             ; 4.6e-10 s                  ; 4.2e-10 s                  ; No                        ; Yes                       ;
; GPIO0_D[22]     ; 3.3-V LVTTL  ; 0 s                 ; 0 s                 ; 3.46 V                       ; 1.9e-07 V                    ; 3.59 V              ; -0.0873 V           ; 0.332 V                              ; 0.189 V                              ; 4.6e-10 s                   ; 4.2e-10 s                   ; No                         ; Yes                        ; 3.46 V                      ; 1.9e-07 V                   ; 3.59 V             ; -0.0873 V          ; 0.332 V                             ; 0.189 V                             ; 4.6e-10 s                  ; 4.2e-10 s                  ; No                        ; Yes                       ;
; GPIO0_D[23]     ; 3.3-V LVTTL  ; 0 s                 ; 0 s                 ; 3.46 V                       ; 1.9e-07 V                    ; 3.59 V              ; -0.0873 V           ; 0.332 V                              ; 0.189 V                              ; 4.6e-10 s                   ; 4.2e-10 s                   ; No                         ; Yes                        ; 3.46 V                      ; 1.9e-07 V                   ; 3.59 V             ; -0.0873 V          ; 0.332 V                             ; 0.189 V                             ; 4.6e-10 s                  ; 4.2e-10 s                  ; No                        ; Yes                       ;
; GPIO0_D[24]     ; 3.3-V LVTTL  ; 0 s                 ; 0 s                 ; 3.46 V                       ; 1.9e-07 V                    ; 3.59 V              ; -0.0873 V           ; 0.332 V                              ; 0.189 V                              ; 4.6e-10 s                   ; 4.2e-10 s                   ; No                         ; Yes                        ; 3.46 V                      ; 1.9e-07 V                   ; 3.59 V             ; -0.0873 V          ; 0.332 V                             ; 0.189 V                             ; 4.6e-10 s                  ; 4.2e-10 s                  ; No                        ; Yes                       ;
; GPIO0_D[25]     ; 3.3-V LVTTL  ; 0 s                 ; 0 s                 ; 3.46 V                       ; 1.9e-07 V                    ; 3.59 V              ; -0.0873 V           ; 0.332 V                              ; 0.189 V                              ; 4.6e-10 s                   ; 4.2e-10 s                   ; No                         ; Yes                        ; 3.46 V                      ; 1.9e-07 V                   ; 3.59 V             ; -0.0873 V          ; 0.332 V                             ; 0.189 V                             ; 4.6e-10 s                  ; 4.2e-10 s                  ; No                        ; Yes                       ;
; GPIO0_D[26]     ; 3.3-V LVTTL  ; 0 s                 ; 0 s                 ; 3.46 V                       ; 1.9e-07 V                    ; 3.59 V              ; -0.0873 V           ; 0.332 V                              ; 0.189 V                              ; 4.6e-10 s                   ; 4.2e-10 s                   ; No                         ; Yes                        ; 3.46 V                      ; 1.9e-07 V                   ; 3.59 V             ; -0.0873 V          ; 0.332 V                             ; 0.189 V                             ; 4.6e-10 s                  ; 4.2e-10 s                  ; No                        ; Yes                       ;
; GPIO0_D[27]     ; 3.3-V LVTTL  ; 0 s                 ; 0 s                 ; 3.46 V                       ; 1.9e-07 V                    ; 3.59 V              ; -0.0873 V           ; 0.332 V                              ; 0.189 V                              ; 4.6e-10 s                   ; 4.2e-10 s                   ; No                         ; Yes                        ; 3.46 V                      ; 1.9e-07 V                   ; 3.59 V             ; -0.0873 V          ; 0.332 V                             ; 0.189 V                             ; 4.6e-10 s                  ; 4.2e-10 s                  ; No                        ; Yes                       ;
; GPIO0_D[28]     ; 3.3-V LVTTL  ; 0 s                 ; 0 s                 ; 3.46 V                       ; 1.9e-07 V                    ; 3.59 V              ; -0.0873 V           ; 0.332 V                              ; 0.189 V                              ; 4.6e-10 s                   ; 4.2e-10 s                   ; No                         ; Yes                        ; 3.46 V                      ; 1.9e-07 V                   ; 3.59 V             ; -0.0873 V          ; 0.332 V                             ; 0.189 V                             ; 4.6e-10 s                  ; 4.2e-10 s                  ; No                        ; Yes                       ;
; GPIO0_D[29]     ; 3.3-V LVTTL  ; 0 s                 ; 0 s                 ; 3.46 V                       ; 1.9e-07 V                    ; 3.59 V              ; -0.0873 V           ; 0.332 V                              ; 0.189 V                              ; 4.6e-10 s                   ; 4.2e-10 s                   ; No                         ; Yes                        ; 3.46 V                      ; 1.9e-07 V                   ; 3.59 V             ; -0.0873 V          ; 0.332 V                             ; 0.189 V                             ; 4.6e-10 s                  ; 4.2e-10 s                  ; No                        ; Yes                       ;
; GPIO0_D[30]     ; 3.3-V LVTTL  ; 0 s                 ; 0 s                 ; 3.46 V                       ; 1.9e-07 V                    ; 3.59 V              ; -0.0873 V           ; 0.332 V                              ; 0.189 V                              ; 4.6e-10 s                   ; 4.2e-10 s                   ; No                         ; Yes                        ; 3.46 V                      ; 1.9e-07 V                   ; 3.59 V             ; -0.0873 V          ; 0.332 V                             ; 0.189 V                             ; 4.6e-10 s                  ; 4.2e-10 s                  ; No                        ; Yes                       ;
; GPIO0_D[31]     ; 3.3-V LVTTL  ; 0 s                 ; 0 s                 ; 3.46 V                       ; 1.9e-07 V                    ; 3.59 V              ; -0.0873 V           ; 0.332 V                              ; 0.189 V                              ; 4.6e-10 s                   ; 4.2e-10 s                   ; No                         ; Yes                        ; 3.46 V                      ; 1.9e-07 V                   ; 3.59 V             ; -0.0873 V          ; 0.332 V                             ; 0.189 V                             ; 4.6e-10 s                  ; 4.2e-10 s                  ; No                        ; Yes                       ;
; GPIO1_D[0]      ; 3.3-V LVTTL  ; 0 s                 ; 0 s                 ; 3.46 V                       ; 1.9e-07 V                    ; 3.59 V              ; -0.0873 V           ; 0.332 V                              ; 0.189 V                              ; 4.6e-10 s                   ; 4.2e-10 s                   ; No                         ; Yes                        ; 3.46 V                      ; 1.9e-07 V                   ; 3.59 V             ; -0.0873 V          ; 0.332 V                             ; 0.189 V                             ; 4.6e-10 s                  ; 4.2e-10 s                  ; No                        ; Yes                       ;
; GPIO1_D[1]      ; 3.3-V LVTTL  ; 0 s                 ; 0 s                 ; 3.46 V                       ; 1.9e-07 V                    ; 3.59 V              ; -0.0873 V           ; 0.332 V                              ; 0.189 V                              ; 4.6e-10 s                   ; 4.2e-10 s                   ; No                         ; Yes                        ; 3.46 V                      ; 1.9e-07 V                   ; 3.59 V             ; -0.0873 V          ; 0.332 V                             ; 0.189 V                             ; 4.6e-10 s                  ; 4.2e-10 s                  ; No                        ; Yes                       ;
; GPIO1_D[2]      ; 3.3-V LVTTL  ; 0 s                 ; 0 s                 ; 3.46 V                       ; 1.9e-07 V                    ; 3.59 V              ; -0.0873 V           ; 0.332 V                              ; 0.189 V                              ; 4.6e-10 s                   ; 4.2e-10 s                   ; No                         ; Yes                        ; 3.46 V                      ; 1.9e-07 V                   ; 3.59 V             ; -0.0873 V          ; 0.332 V                             ; 0.189 V                             ; 4.6e-10 s                  ; 4.2e-10 s                  ; No                        ; Yes                       ;
; GPIO1_D[3]      ; 3.3-V LVTTL  ; 0 s                 ; 0 s                 ; 3.46 V                       ; 1.9e-07 V                    ; 3.59 V              ; -0.0873 V           ; 0.332 V                              ; 0.189 V                              ; 4.6e-10 s                   ; 4.2e-10 s                   ; No                         ; Yes                        ; 3.46 V                      ; 1.9e-07 V                   ; 3.59 V             ; -0.0873 V          ; 0.332 V                             ; 0.189 V                             ; 4.6e-10 s                  ; 4.2e-10 s                  ; No                        ; Yes                       ;
; GPIO1_D[4]      ; 3.3-V LVTTL  ; 0 s                 ; 0 s                 ; 3.46 V                       ; 1.9e-07 V                    ; 3.59 V              ; -0.0873 V           ; 0.332 V                              ; 0.189 V                              ; 4.6e-10 s                   ; 4.2e-10 s                   ; No                         ; Yes                        ; 3.46 V                      ; 1.9e-07 V                   ; 3.59 V             ; -0.0873 V          ; 0.332 V                             ; 0.189 V                             ; 4.6e-10 s                  ; 4.2e-10 s                  ; No                        ; Yes                       ;
; GPIO1_D[5]      ; 3.3-V LVTTL  ; 0 s                 ; 0 s                 ; 3.46 V                       ; 1.9e-07 V                    ; 3.59 V              ; -0.0873 V           ; 0.332 V                              ; 0.189 V                              ; 4.6e-10 s                   ; 4.2e-10 s                   ; No                         ; Yes                        ; 3.46 V                      ; 1.9e-07 V                   ; 3.59 V             ; -0.0873 V          ; 0.332 V                             ; 0.189 V                             ; 4.6e-10 s                  ; 4.2e-10 s                  ; No                        ; Yes                       ;
; GPIO1_D[6]      ; 3.3-V LVTTL  ; 0 s                 ; 0 s                 ; 3.46 V                       ; 1.9e-07 V                    ; 3.59 V              ; -0.0873 V           ; 0.332 V                              ; 0.189 V                              ; 4.6e-10 s                   ; 4.2e-10 s                   ; No                         ; Yes                        ; 3.46 V                      ; 1.9e-07 V                   ; 3.59 V             ; -0.0873 V          ; 0.332 V                             ; 0.189 V                             ; 4.6e-10 s                  ; 4.2e-10 s                  ; No                        ; Yes                       ;
; GPIO1_D[7]      ; 3.3-V LVTTL  ; 0 s                 ; 0 s                 ; 3.46 V                       ; 1.9e-07 V                    ; 3.59 V              ; -0.0873 V           ; 0.332 V                              ; 0.189 V                              ; 4.6e-10 s                   ; 4.2e-10 s                   ; No                         ; Yes                        ; 3.46 V                      ; 1.9e-07 V                   ; 3.59 V             ; -0.0873 V          ; 0.332 V                             ; 0.189 V                             ; 4.6e-10 s                  ; 4.2e-10 s                  ; No                        ; Yes                       ;
; GPIO1_D[8]      ; 3.3-V LVTTL  ; 0 s                 ; 0 s                 ; 3.46 V                       ; 1.9e-07 V                    ; 3.59 V              ; -0.0873 V           ; 0.332 V                              ; 0.189 V                              ; 4.6e-10 s                   ; 4.2e-10 s                   ; No                         ; Yes                        ; 3.46 V                      ; 1.9e-07 V                   ; 3.59 V             ; -0.0873 V          ; 0.332 V                             ; 0.189 V                             ; 4.6e-10 s                  ; 4.2e-10 s                  ; No                        ; Yes                       ;
; GPIO1_D[9]      ; 3.3-V LVTTL  ; 0 s                 ; 0 s                 ; 3.46 V                       ; 1.9e-07 V                    ; 3.59 V              ; -0.0873 V           ; 0.332 V                              ; 0.189 V                              ; 4.6e-10 s                   ; 4.2e-10 s                   ; No                         ; Yes                        ; 3.46 V                      ; 1.9e-07 V                   ; 3.59 V             ; -0.0873 V          ; 0.332 V                             ; 0.189 V                             ; 4.6e-10 s                  ; 4.2e-10 s                  ; No                        ; Yes                       ;
; GPIO1_D[10]     ; 3.3-V LVTTL  ; 0 s                 ; 0 s                 ; 3.46 V                       ; 1.9e-07 V                    ; 3.59 V              ; -0.0873 V           ; 0.332 V                              ; 0.189 V                              ; 4.6e-10 s                   ; 4.2e-10 s                   ; No                         ; Yes                        ; 3.46 V                      ; 1.9e-07 V                   ; 3.59 V             ; -0.0873 V          ; 0.332 V                             ; 0.189 V                             ; 4.6e-10 s                  ; 4.2e-10 s                  ; No                        ; Yes                       ;
; GPIO1_D[11]     ; 3.3-V LVTTL  ; 0 s                 ; 0 s                 ; 3.46 V                       ; 1.9e-07 V                    ; 3.59 V              ; -0.0873 V           ; 0.332 V                              ; 0.189 V                              ; 4.6e-10 s                   ; 4.2e-10 s                   ; No                         ; Yes                        ; 3.46 V                      ; 1.9e-07 V                   ; 3.59 V             ; -0.0873 V          ; 0.332 V                             ; 0.189 V                             ; 4.6e-10 s                  ; 4.2e-10 s                  ; No                        ; Yes                       ;
; GPIO1_D[12]     ; 3.3-V LVTTL  ; 0 s                 ; 0 s                 ; 3.46 V                       ; 1.9e-07 V                    ; 3.59 V              ; -0.0873 V           ; 0.332 V                              ; 0.189 V                              ; 4.6e-10 s                   ; 4.2e-10 s                   ; No                         ; Yes                        ; 3.46 V                      ; 1.9e-07 V                   ; 3.59 V             ; -0.0873 V          ; 0.332 V                             ; 0.189 V                             ; 4.6e-10 s                  ; 4.2e-10 s                  ; No                        ; Yes                       ;
; GPIO1_D[13]     ; 3.3-V LVTTL  ; 0 s                 ; 0 s                 ; 3.46 V                       ; 1.9e-07 V                    ; 3.59 V              ; -0.0873 V           ; 0.332 V                              ; 0.189 V                              ; 4.6e-10 s                   ; 4.2e-10 s                   ; No                         ; Yes                        ; 3.46 V                      ; 1.9e-07 V                   ; 3.59 V             ; -0.0873 V          ; 0.332 V                             ; 0.189 V                             ; 4.6e-10 s                  ; 4.2e-10 s                  ; No                        ; Yes                       ;
; GPIO1_D[14]     ; 3.3-V LVTTL  ; 0 s                 ; 0 s                 ; 3.46 V                       ; 1.9e-07 V                    ; 3.59 V              ; -0.0873 V           ; 0.332 V                              ; 0.189 V                              ; 4.6e-10 s                   ; 4.2e-10 s                   ; No                         ; Yes                        ; 3.46 V                      ; 1.9e-07 V                   ; 3.59 V             ; -0.0873 V          ; 0.332 V                             ; 0.189 V                             ; 4.6e-10 s                  ; 4.2e-10 s                  ; No                        ; Yes                       ;
; GPIO1_D[15]     ; 3.3-V LVTTL  ; 0 s                 ; 0 s                 ; 3.46 V                       ; 1.9e-07 V                    ; 3.59 V              ; -0.0873 V           ; 0.332 V                              ; 0.189 V                              ; 4.6e-10 s                   ; 4.2e-10 s                   ; No                         ; Yes                        ; 3.46 V                      ; 1.9e-07 V                   ; 3.59 V             ; -0.0873 V          ; 0.332 V                             ; 0.189 V                             ; 4.6e-10 s                  ; 4.2e-10 s                  ; No                        ; Yes                       ;
; GPIO1_D[16]     ; 3.3-V LVTTL  ; 0 s                 ; 0 s                 ; 3.46 V                       ; 1.9e-07 V                    ; 3.59 V              ; -0.0873 V           ; 0.332 V                              ; 0.189 V                              ; 4.6e-10 s                   ; 4.2e-10 s                   ; No                         ; Yes                        ; 3.46 V                      ; 1.9e-07 V                   ; 3.59 V             ; -0.0873 V          ; 0.332 V                             ; 0.189 V                             ; 4.6e-10 s                  ; 4.2e-10 s                  ; No                        ; Yes                       ;
; GPIO1_D[17]     ; 3.3-V LVTTL  ; 0 s                 ; 0 s                 ; 3.46 V                       ; 1.9e-07 V                    ; 3.59 V              ; -0.0873 V           ; 0.332 V                              ; 0.189 V                              ; 4.6e-10 s                   ; 4.2e-10 s                   ; No                         ; Yes                        ; 3.46 V                      ; 1.9e-07 V                   ; 3.59 V             ; -0.0873 V          ; 0.332 V                             ; 0.189 V                             ; 4.6e-10 s                  ; 4.2e-10 s                  ; No                        ; Yes                       ;
; GPIO1_D[18]     ; 3.3-V LVTTL  ; 0 s                 ; 0 s                 ; 3.46 V                       ; 1.9e-07 V                    ; 3.59 V              ; -0.0873 V           ; 0.332 V                              ; 0.189 V                              ; 4.6e-10 s                   ; 4.2e-10 s                   ; No                         ; Yes                        ; 3.46 V                      ; 1.9e-07 V                   ; 3.59 V             ; -0.0873 V          ; 0.332 V                             ; 0.189 V                             ; 4.6e-10 s                  ; 4.2e-10 s                  ; No                        ; Yes                       ;
; GPIO1_D[19]     ; 3.3-V LVTTL  ; 0 s                 ; 0 s                 ; 3.46 V                       ; 1.9e-07 V                    ; 3.59 V              ; -0.0873 V           ; 0.332 V                              ; 0.189 V                              ; 4.6e-10 s                   ; 4.2e-10 s                   ; No                         ; Yes                        ; 3.46 V                      ; 1.9e-07 V                   ; 3.59 V             ; -0.0873 V          ; 0.332 V                             ; 0.189 V                             ; 4.6e-10 s                  ; 4.2e-10 s                  ; No                        ; Yes                       ;
; GPIO1_D[20]     ; 3.3-V LVTTL  ; 0 s                 ; 0 s                 ; 3.46 V                       ; 1.9e-07 V                    ; 3.59 V              ; -0.0873 V           ; 0.332 V                              ; 0.189 V                              ; 4.6e-10 s                   ; 4.2e-10 s                   ; No                         ; Yes                        ; 3.46 V                      ; 1.9e-07 V                   ; 3.59 V             ; -0.0873 V          ; 0.332 V                             ; 0.189 V                             ; 4.6e-10 s                  ; 4.2e-10 s                  ; No                        ; Yes                       ;
; GPIO1_D[21]     ; 3.3-V LVTTL  ; 0 s                 ; 0 s                 ; 3.46 V                       ; 1.9e-07 V                    ; 3.59 V              ; -0.0873 V           ; 0.332 V                              ; 0.189 V                              ; 4.6e-10 s                   ; 4.2e-10 s                   ; No                         ; Yes                        ; 3.46 V                      ; 1.9e-07 V                   ; 3.59 V             ; -0.0873 V          ; 0.332 V                             ; 0.189 V                             ; 4.6e-10 s                  ; 4.2e-10 s                  ; No                        ; Yes                       ;
; GPIO1_D[22]     ; 3.3-V LVTTL  ; 0 s                 ; 0 s                 ; 3.46 V                       ; 1.9e-07 V                    ; 3.59 V              ; -0.0873 V           ; 0.332 V                              ; 0.189 V                              ; 4.6e-10 s                   ; 4.2e-10 s                   ; No                         ; Yes                        ; 3.46 V                      ; 1.9e-07 V                   ; 3.59 V             ; -0.0873 V          ; 0.332 V                             ; 0.189 V                             ; 4.6e-10 s                  ; 4.2e-10 s                  ; No                        ; Yes                       ;
; GPIO1_D[23]     ; 3.3-V LVTTL  ; 0 s                 ; 0 s                 ; 3.46 V                       ; 1.9e-07 V                    ; 3.59 V              ; -0.0873 V           ; 0.332 V                              ; 0.189 V                              ; 4.6e-10 s                   ; 4.2e-10 s                   ; No                         ; Yes                        ; 3.46 V                      ; 1.9e-07 V                   ; 3.59 V             ; -0.0873 V          ; 0.332 V                             ; 0.189 V                             ; 4.6e-10 s                  ; 4.2e-10 s                  ; No                        ; Yes                       ;
; GPIO1_D[24]     ; 3.3-V LVTTL  ; 0 s                 ; 0 s                 ; 3.46 V                       ; 1.9e-07 V                    ; 3.59 V              ; -0.0873 V           ; 0.332 V                              ; 0.189 V                              ; 4.6e-10 s                   ; 4.2e-10 s                   ; No                         ; Yes                        ; 3.46 V                      ; 1.9e-07 V                   ; 3.59 V             ; -0.0873 V          ; 0.332 V                             ; 0.189 V                             ; 4.6e-10 s                  ; 4.2e-10 s                  ; No                        ; Yes                       ;
; GPIO1_D[25]     ; 3.3-V LVTTL  ; 0 s                 ; 0 s                 ; 3.46 V                       ; 1.9e-07 V                    ; 3.59 V              ; -0.0873 V           ; 0.332 V                              ; 0.189 V                              ; 4.6e-10 s                   ; 4.2e-10 s                   ; No                         ; Yes                        ; 3.46 V                      ; 1.9e-07 V                   ; 3.59 V             ; -0.0873 V          ; 0.332 V                             ; 0.189 V                             ; 4.6e-10 s                  ; 4.2e-10 s                  ; No                        ; Yes                       ;
; GPIO1_D[26]     ; 3.3-V LVTTL  ; 0 s                 ; 0 s                 ; 3.46 V                       ; 1.9e-07 V                    ; 3.59 V              ; -0.0873 V           ; 0.332 V                              ; 0.189 V                              ; 4.6e-10 s                   ; 4.2e-10 s                   ; No                         ; Yes                        ; 3.46 V                      ; 1.9e-07 V                   ; 3.59 V             ; -0.0873 V          ; 0.332 V                             ; 0.189 V                             ; 4.6e-10 s                  ; 4.2e-10 s                  ; No                        ; Yes                       ;
; GPIO1_D[27]     ; 3.3-V LVTTL  ; 0 s                 ; 0 s                 ; 3.46 V                       ; 1.9e-07 V                    ; 3.59 V              ; -0.0873 V           ; 0.332 V                              ; 0.189 V                              ; 4.6e-10 s                   ; 4.2e-10 s                   ; No                         ; Yes                        ; 3.46 V                      ; 1.9e-07 V                   ; 3.59 V             ; -0.0873 V          ; 0.332 V                             ; 0.189 V                             ; 4.6e-10 s                  ; 4.2e-10 s                  ; No                        ; Yes                       ;
; GPIO1_D[28]     ; 3.3-V LVTTL  ; 0 s                 ; 0 s                 ; 3.46 V                       ; 1.9e-07 V                    ; 3.59 V              ; -0.0873 V           ; 0.332 V                              ; 0.189 V                              ; 4.6e-10 s                   ; 4.2e-10 s                   ; No                         ; Yes                        ; 3.46 V                      ; 1.9e-07 V                   ; 3.59 V             ; -0.0873 V          ; 0.332 V                             ; 0.189 V                             ; 4.6e-10 s                  ; 4.2e-10 s                  ; No                        ; Yes                       ;
; GPIO1_D[29]     ; 3.3-V LVTTL  ; 0 s                 ; 0 s                 ; 3.46 V                       ; 1.9e-07 V                    ; 3.59 V              ; -0.0873 V           ; 0.332 V                              ; 0.189 V                              ; 4.6e-10 s                   ; 4.2e-10 s                   ; No                         ; Yes                        ; 3.46 V                      ; 1.9e-07 V                   ; 3.59 V             ; -0.0873 V          ; 0.332 V                             ; 0.189 V                             ; 4.6e-10 s                  ; 4.2e-10 s                  ; No                        ; Yes                       ;
; GPIO1_D[30]     ; 3.3-V LVTTL  ; 0 s                 ; 0 s                 ; 3.46 V                       ; 1.9e-07 V                    ; 3.59 V              ; -0.0873 V           ; 0.332 V                              ; 0.189 V                              ; 4.6e-10 s                   ; 4.2e-10 s                   ; No                         ; Yes                        ; 3.46 V                      ; 1.9e-07 V                   ; 3.59 V             ; -0.0873 V          ; 0.332 V                             ; 0.189 V                             ; 4.6e-10 s                  ; 4.2e-10 s                  ; No                        ; Yes                       ;
; GPIO1_D[31]     ; 3.3-V LVTTL  ; 0 s                 ; 0 s                 ; 3.46 V                       ; 1.9e-07 V                    ; 3.59 V              ; -0.0873 V           ; 0.332 V                              ; 0.189 V                              ; 4.6e-10 s                   ; 4.2e-10 s                   ; No                         ; Yes                        ; 3.46 V                      ; 1.9e-07 V                   ; 3.59 V             ; -0.0873 V          ; 0.332 V                             ; 0.189 V                             ; 4.6e-10 s                  ; 4.2e-10 s                  ; No                        ; Yes                       ;
; ~ALTERA_DCLK~   ; 3.3-V LVTTL  ; 0 s                 ; 0 s                 ; 3.46 V                       ; 6.52e-08 V                   ; 3.58 V              ; -0.0651 V           ; 0.234 V                              ; 0.087 V                              ; 2.93e-10 s                  ; 3.07e-10 s                  ; Yes                        ; Yes                        ; 3.46 V                      ; 6.52e-08 V                  ; 3.58 V             ; -0.0651 V          ; 0.234 V                             ; 0.087 V                             ; 2.93e-10 s                 ; 3.07e-10 s                 ; Yes                       ; Yes                       ;
+-----------------+--------------+---------------------+---------------------+------------------------------+------------------------------+---------------------+---------------------+--------------------------------------+--------------------------------------+-----------------------------+-----------------------------+----------------------------+----------------------------+-----------------------------+-----------------------------+--------------------+--------------------+-------------------------------------+-------------------------------------+----------------------------+----------------------------+---------------------------+---------------------------+


+-------------------------------------------------------------------------------------------------------------------------+
; Setup Transfers                                                                                                         ;
+--------------------------------------+--------------------------------------+----------+----------+----------+----------+
; From Clock                           ; To Clock                             ; RR Paths ; FR Paths ; RF Paths ; FF Paths ;
+--------------------------------------+--------------------------------------+----------+----------+----------+----------+
; CLOCK_50                             ; CLOCK_50                             ; 1212     ; 0        ; 0        ; 0        ;
; top:top_inst|clk_div:dut_clk_div|out ; top:top_inst|clk_div:dut_clk_div|out ; 93116    ; 0        ; 0        ; 0        ;
+--------------------------------------+--------------------------------------+----------+----------+----------+----------+
Entries labeled "false path" only account for clock-to-clock false paths and not path-based false paths. As a result, actual path counts may be lower than reported.


+-------------------------------------------------------------------------------------------------------------------------+
; Hold Transfers                                                                                                          ;
+--------------------------------------+--------------------------------------+----------+----------+----------+----------+
; From Clock                           ; To Clock                             ; RR Paths ; FR Paths ; RF Paths ; FF Paths ;
+--------------------------------------+--------------------------------------+----------+----------+----------+----------+
; CLOCK_50                             ; CLOCK_50                             ; 1212     ; 0        ; 0        ; 0        ;
; top:top_inst|clk_div:dut_clk_div|out ; top:top_inst|clk_div:dut_clk_div|out ; 93116    ; 0        ; 0        ; 0        ;
+--------------------------------------+--------------------------------------+----------+----------+----------+----------+
Entries labeled "false path" only account for clock-to-clock false paths and not path-based false paths. As a result, actual path counts may be lower than reported.


---------------
; Report TCCS ;
---------------
No dedicated SERDES Transmitter circuitry present in device or used in design


---------------
; Report RSKM ;
---------------
No non-DPA dedicated SERDES Receiver circuitry present in device or used in design


+------------------------------------------------+
; Unconstrained Paths                            ;
+---------------------------------+-------+------+
; Property                        ; Setup ; Hold ;
+---------------------------------+-------+------+
; Illegal Clocks                  ; 0     ; 0    ;
; Unconstrained Clocks            ; 0     ; 0    ;
; Unconstrained Input Ports       ; 5     ; 5    ;
; Unconstrained Input Port Paths  ; 158   ; 158  ;
; Unconstrained Output Ports      ; 24    ; 24   ;
; Unconstrained Output Port Paths ; 87    ; 87   ;
+---------------------------------+-------+------+


+------------------------------------+
; TimeQuest Timing Analyzer Messages ;
+------------------------------------+
Info: *******************************************************************
Info: Running Quartus II 32-bit TimeQuest Timing Analyzer
    Info: Version 13.1.0 Build 162 10/23/2013 SJ Web Edition
    Info: Copyright (C) 1991-2013 Altera Corporation. All rights reserved.
    Info: Your use of Altera Corporation's design tools, logic functions 
    Info: and other software and tools, and its AMPP partner logic 
    Info: functions, and any output files from any of the foregoing 
    Info: (including device programming or simulation files), and any 
    Info: associated documentation or information are expressly subject 
    Info: to the terms and conditions of the Altera Program License 
    Info: Subscription Agreement, Altera MegaCore Function License 
    Info: Agreement, or other applicable license agreement, including, 
    Info: without limitation, that your use is for the sole purpose of 
    Info: programming logic devices manufactured by Altera and sold by 
    Info: Altera or its authorized distributors.  Please refer to the 
    Info: applicable agreement for further details.
    Info: Processing started: Sat Jan 20 19:03:39 2024
Info: Command: quartus_sta DE0_TOP
Info: qsta_default_script.tcl version: #1
Warning (20028): Parallel compilation is not licensed and has been disabled
Info (21077): Low junction temperature is 0 degrees C
Info (21077): High junction temperature is 85 degrees C
Critical Warning (332012): Synopsys Design Constraints File file not found: 'DE0_TOP.sdc'. A Synopsys Design Constraints File is required by the TimeQuest Timing Analyzer to get proper timing constraints. Without it, the Compiler will not properly optimize the design.
Info (332142): No user constrained base clocks found in the design. Calling "derive_clocks -period 1.0"
Info (332105): Deriving Clocks
    Info (332105): create_clock -period 1.000 -name top:top_inst|clk_div:dut_clk_div|out top:top_inst|clk_div:dut_clk_div|out
    Info (332105): create_clock -period 1.000 -name CLOCK_50 CLOCK_50
Info (332143): No user constrained clock uncertainty found in the design. Calling "derive_clock_uncertainty"
Info (332123): Deriving Clock Uncertainty. Please refer to report_sdc in TimeQuest to see clock uncertainties.
Info: Found TIMEQUEST_REPORT_SCRIPT_INCLUDE_DEFAULT_ANALYSIS = ON
Info: Analyzing Slow 1200mV 85C Model
Critical Warning (332148): Timing requirements not met
    Info (11105): For recommendations on closing timing, run Report Timing Closure Recommendations in the TimeQuest Timing Analyzer.
Info (332146): Worst-case setup slack is -6.914
    Info (332119):     Slack       End Point TNS Clock 
    Info (332119): ========= =================== =====================
    Info (332119):    -6.914            -654.559 top:top_inst|clk_div:dut_clk_div|out 
    Info (332119):    -2.856             -73.921 CLOCK_50 
Info (332146): Worst-case hold slack is 0.358
    Info (332119):     Slack       End Point TNS Clock 
    Info (332119): ========= =================== =====================
    Info (332119):     0.358               0.000 top:top_inst|clk_div:dut_clk_div|out 
    Info (332119):     0.481               0.000 CLOCK_50 
Info (332140): No Recovery paths to report
Info (332140): No Removal paths to report
Info (332146): Worst-case minimum pulse width slack is -3.000
    Info (332119):     Slack       End Point TNS Clock 
    Info (332119): ========= =================== =====================
    Info (332119):    -3.000             -32.000 CLOCK_50 
    Info (332119):    -2.484            -166.440 top:top_inst|clk_div:dut_clk_div|out 
Info: Analyzing Slow 1200mV 0C Model
Info (334003): Started post-fitting delay annotation
Info (334004): Delay annotation completed successfully
Info (332123): Deriving Clock Uncertainty. Please refer to report_sdc in TimeQuest to see clock uncertainties.
Critical Warning (332148): Timing requirements not met
    Info (11105): For recommendations on closing timing, run Report Timing Closure Recommendations in the TimeQuest Timing Analyzer.
Info (332146): Worst-case setup slack is -6.133
    Info (332119):     Slack       End Point TNS Clock 
    Info (332119): ========= =================== =====================
    Info (332119):    -6.133            -579.684 top:top_inst|clk_div:dut_clk_div|out 
    Info (332119):    -2.490             -64.438 CLOCK_50 
Info (332146): Worst-case hold slack is 0.312
    Info (332119):     Slack       End Point TNS Clock 
    Info (332119): ========= =================== =====================
    Info (332119):     0.312               0.000 top:top_inst|clk_div:dut_clk_div|out 
    Info (332119):     0.424               0.000 CLOCK_50 
Info (332140): No Recovery paths to report
Info (332140): No Removal paths to report
Info (332146): Worst-case minimum pulse width slack is -3.000
    Info (332119):     Slack       End Point TNS Clock 
    Info (332119): ========= =================== =====================
    Info (332119):    -3.000             -32.000 CLOCK_50 
    Info (332119):    -2.484            -166.440 top:top_inst|clk_div:dut_clk_div|out 
Info: Analyzing Fast 1200mV 0C Model
Info (332123): Deriving Clock Uncertainty. Please refer to report_sdc in TimeQuest to see clock uncertainties.
Critical Warning (332148): Timing requirements not met
    Info (11105): For recommendations on closing timing, run Report Timing Closure Recommendations in the TimeQuest Timing Analyzer.
Info (332146): Worst-case setup slack is -3.508
    Info (332119):     Slack       End Point TNS Clock 
    Info (332119): ========= =================== =====================
    Info (332119):    -3.508            -307.967 top:top_inst|clk_div:dut_clk_div|out 
    Info (332119):    -1.093             -26.941 CLOCK_50 
Info (332146): Worst-case hold slack is 0.187
    Info (332119):     Slack       End Point TNS Clock 
    Info (332119): ========= =================== =====================
    Info (332119):     0.187               0.000 top:top_inst|clk_div:dut_clk_div|out 
    Info (332119):     0.260               0.000 CLOCK_50 
Info (332140): No Recovery paths to report
Info (332140): No Removal paths to report
Info (332146): Worst-case minimum pulse width slack is -3.000
    Info (332119):     Slack       End Point TNS Clock 
    Info (332119): ========= =================== =====================
    Info (332119):    -3.000             -40.987 CLOCK_50 
    Info (332119):    -1.000            -138.000 top:top_inst|clk_div:dut_clk_div|out 
Info (332102): Design is not fully constrained for setup requirements
Info (332102): Design is not fully constrained for hold requirements
Info: Quartus II 32-bit TimeQuest Timing Analyzer was successful. 0 errors, 5 warnings
    Info: Peak virtual memory: 409 megabytes
    Info: Processing ended: Sat Jan 20 19:03:45 2024
    Info: Elapsed time: 00:00:06
    Info: Total CPU time (on all processors): 00:00:04


